age_months,sex_female,low_birth_weight,haz,whz,recent_illness,fully_vaccinated,mother_education,mother_age,region,rural,wealth_quintile,household_size,improved_water,improved_sanitation,early_stimulation,father_engaged,children_books,playthings,inadequate_supervision,violent_discipline,ecde_attendance,vulnerable
58,0,0,-1.62,-0.22,0,0,1,25.0,6,1,1,5,1,0,2,1,0.0,2,0,0,1,0
41,1,0,-1.44,-0.08,0,1,2,40.0,3,1,3,5,0,0,3,1,1.0,3,0,1,0,0
56,1,0,-1.34,0.65,0,1,1,26.0,6,1,1,7,1,0,2,1,0.0,2,0,1,0,1
54,0,0,,0.26,0,1,3,21.0,6,1,2,5,0,0,3,0,,2,0,0,1,0
42,1,0,-0.13,-0.07,0,1,1,26.0,0,0,3,4,1,0,4,0,2.0,1,0,0,0,0
35,1,0,3.11,0.72,0,1,3,33.0,7,1,4,8,1,1,3,0,1.0,1,0,1,0,0
44,0,0,-1.88,-0.83,1,1,2,24.0,6,1,2,7,0,0,2,0,0.0,1,1,0,0,0
32,1,0,-0.14,1.01,0,1,2,31.0,6,1,3,2,0,0,3,1,0.0,2,0,1,0,1
41,1,1,-1.3,0.48,0,1,1,32.0,1,0,2,3,1,1,1,0,0.0,1,0,1,0,1
55,0,0,-1.12,-0.41,0,1,0,22.0,4,1,1,5,0,0,4,1,0.0,2,1,1,0,0
48,0,0,-1.67,-0.29,1,1,0,26.0,3,0,2,6,1,0,3,1,1.0,1,0,1,0,0
51,0,0,-0.82,-0.8,1,1,2,31.0,7,1,2,11,0,1,4,1,0.0,2,1,1,0,0
43,0,0,0.08,-1.71,0,1,2,33.0,6,0,5,2,1,1,4,0,1.0,1,0,1,0,0
44,1,0,,-1.78,0,1,3,26.0,6,1,4,4,1,0,5,0,1.0,1,0,1,1,0
45,0,0,-0.13,-1.85,1,1,1,30.0,3,1,2,9,0,0,3,1,1.0,1,0,1,0,0
48,0,0,,1.28,1,1,3,27.0,2,1,5,7,0,1,4,1,2.0,2,1,1,0,0
34,1,1,-2.54,-0.92,0,1,1,33.0,5,1,1,2,1,1,2,0,0.0,2,0,0,0,1
27,1,0,-0.1,,0,0,1,32.0,0,0,5,2,0,0,4,1,2.0,2,0,0,0,0
31,1,0,-1.37,-0.35,0,1,1,27.0,6,1,1,5,0,0,3,0,0.0,2,0,1,0,1
50,0,0,0.6,-0.97,0,1,2,32.0,5,0,4,3,1,1,4,0,1.0,2,0,0,0,0
58,0,0,-2.62,-0.57,1,1,2,27.0,6,0,2,5,0,1,3,0,1.0,2,0,0,0,0
56,1,0,,0.54,0,1,2,32.0,3,0,4,4,1,1,6,0,1.0,2,0,1,0,0
58,0,1,,-0.35,1,1,2,32.0,7,0,4,5,1,1,2,0,2.0,2,0,1,1,0
41,0,0,0.63,-0.43,0,1,1,43.0,7,0,3,2,0,0,3,1,0.0,1,0,0,0,0
34,0,0,-0.48,-0.04,0,1,1,27.0,6,1,4,6,0,0,3,0,0.0,2,1,1,0,1
54,1,0,-0.96,-1.5,0,1,1,28.0,1,0,3,2,0,0,3,0,1.0,1,0,1,1,0
38,1,0,-1.66,-0.41,1,1,0,25.0,4,0,3,3,1,0,4,1,0.0,2,0,0,0,1
44,0,0,-0.63,1.49,0,1,2,23.0,0,0,5,5,1,0,3,1,1.0,2,1,1,0,0
57,1,0,-3.45,-0.55,1,1,0,26.0,1,0,2,3,0,0,3,0,0.0,2,0,0,1,0
25,1,0,-1.53,-0.16,0,0,0,33.0,6,1,1,5,1,0,2,0,0.0,2,0,1,0,1
52,1,0,-1.21,-0.94,0,1,2,33.0,6,1,3,5,1,0,4,1,1.0,3,1,0,0,0
24,1,0,0.09,-0.66,0,1,3,31.0,7,0,5,2,1,0,5,0,2.0,3,0,1,0,0
45,1,1,-1.47,1.04,0,1,2,27.0,3,1,5,2,1,1,5,0,0.0,1,0,0,0,0
28,1,0,-0.57,-0.02,0,1,1,26.0,3,1,2,5,1,0,2,1,0.0,1,1,0,0,1
51,1,0,-1.5,,0,0,0,23.0,4,1,1,10,1,0,1,0,0.0,0,1,1,0,1
58,0,0,-3.08,0.09,1,1,1,26.0,1,1,2,6,1,1,4,0,0.0,2,1,1,1,0
43,1,0,-0.7,-0.26,0,1,1,21.0,1,1,3,4,1,0,3,1,2.0,3,0,0,1,0
58,0,1,-0.53,0.43,0,0,1,37.0,4,0,2,7,0,0,3,1,0.0,2,0,1,0,0
48,1,0,0.28,-1.89,0,1,1,40.0,2,0,3,2,0,0,2,1,1.0,1,0,0,0,0
25,0,0,-1.26,-0.83,0,1,3,17.0,6,0,4,4,1,1,4,0,2.0,2,0,0,0,0
37,0,0,-2.49,-0.48,0,1,1,31.0,3,1,3,9,0,0,3,0,1.0,1,0,1,1,1
37,0,0,0.28,-0.13,1,1,1,31.0,6,1,2,3,1,0,2,0,0.0,1,0,1,0,0
58,0,0,-0.72,-0.56,0,1,1,30.0,6,1,1,5,0,0,5,0,0.0,3,0,1,1,0
58,1,0,-1.72,0.11,0,1,2,25.0,3,1,3,7,0,0,5,0,0.0,2,0,1,1,0
51,0,0,-2.15,1.11,1,0,1,35.0,6,1,1,6,0,0,3,0,0.0,3,0,0,1,0
43,1,0,-0.87,-1.25,1,0,0,31.0,6,0,3,5,1,1,0,0,0.0,0,0,0,1,0
26,1,0,0.01,1.34,1,0,1,35.0,3,0,2,3,0,0,4,0,0.0,0,1,1,0,0
52,1,0,-0.62,-0.24,0,1,3,25.0,2,1,4,2,1,0,4,1,1.0,2,0,0,0,0
38,1,0,-2.54,0.01,0,1,2,21.0,6,1,2,2,0,0,3,1,0.0,2,0,1,1,1
31,1,0,-3.02,-0.16,0,1,2,32.0,1,1,2,3,0,0,4,0,1.0,2,0,0,0,0
54,0,0,-1.4,0.18,1,1,3,23.0,1,1,3,5,0,0,3,0,1.0,0,1,0,1,0
27,0,0,-1.35,1.18,1,1,2,35.0,0,0,4,2,1,1,4,0,1.0,1,0,0,0,0
46,1,0,-2.26,-1.33,0,1,1,16.0,6,1,2,3,0,0,2,1,0.0,1,0,1,0,1
35,0,1,0.37,-0.82,1,1,1,26.0,6,1,3,6,0,0,4,0,0.0,3,0,0,0,1
53,0,0,-2.78,0.45,0,1,1,25.0,6,1,2,8,1,0,3,0,0.0,0,1,1,1,0
48,0,0,-1.83,-0.98,1,1,1,27.0,6,1,2,7,1,1,4,0,0.0,1,1,0,0,0
30,1,0,1.12,-2.73,0,0,0,31.0,4,0,1,2,0,0,1,0,0.0,3,0,1,0,0
57,0,0,-2.27,0.39,1,1,0,31.0,5,1,1,2,0,1,2,0,0.0,2,0,0,1,0
26,1,0,-0.62,,0,1,2,33.0,1,1,3,11,1,0,2,0,,2,1,1,0,0
52,0,0,1.17,0.78,0,1,3,34.0,1,1,3,6,1,1,3,0,1.0,1,0,0,0,0
42,1,0,-1.33,-0.71,0,1,1,28.0,6,1,1,12,1,0,2,1,0.0,0,1,1,0,0
38,0,0,-0.68,0.36,0,0,0,42.0,4,1,2,3,0,0,2,0,0.0,1,0,0,0,1
41,1,0,-0.78,,1,1,3,37.0,5,0,5,2,1,1,6,1,,2,0,1,0,0
37,1,0,-1.01,-0.64,0,1,3,27.0,6,0,5,4,1,1,6,1,2.0,1,0,1,1,0
52,0,0,-2.45,-1.33,0,1,2,28.0,5,1,3,3,1,0,3,0,1.0,2,0,1,1,0
55,0,0,-1.0,-0.33,0,1,1,27.0,5,1,3,3,1,0,5,0,0.0,2,1,0,1,1
54,1,0,,0.12,0,1,2,31.0,5,1,5,7,1,1,4,0,2.0,2,0,1,0,0
42,1,0,1.41,-0.82,0,1,2,23.0,2,1,2,5,1,1,2,0,0.0,3,1,0,0,0
57,0,0,-1.22,-1.39,0,1,2,24.0,0,0,3,2,1,0,5,0,2.0,2,0,1,1,0
40,1,0,0.03,-0.49,0,1,0,16.0,3,1,1,7,1,0,1,0,0.0,0,0,0,0,0
40,0,0,0.91,1.6,1,1,2,27.0,1,0,5,7,1,1,6,0,2.0,2,0,1,0,0
34,1,0,-0.86,0.31,0,1,3,35.0,3,1,5,6,0,1,4,0,2.0,3,1,0,0,0
53,1,0,-1.16,-0.91,1,1,1,28.0,6,1,1,7,0,1,2,0,0.0,0,1,1,0,0
48,1,0,-1.14,-0.11,0,1,1,28.0,2,1,1,8,1,0,3,1,0.0,2,0,1,0,0
44,0,0,-2.12,0.61,0,0,1,31.0,0,0,4,5,1,1,3,0,0.0,2,0,1,1,0
29,0,0,-0.52,-0.95,0,1,3,23.0,2,1,4,7,0,1,5,0,1.0,1,0,1,0,0
37,0,0,-1.79,-0.44,0,1,2,29.0,2,0,2,2,1,0,5,0,0.0,3,0,1,0,0
37,0,0,-1.61,-0.41,0,0,0,34.0,6,1,1,6,0,0,0,1,0.0,1,0,1,0,0
44,0,0,-0.2,-0.34,0,1,3,31.0,5,1,5,5,1,0,4,0,2.0,1,0,0,1,0
51,0,0,,-1.33,0,1,1,35.0,6,1,3,8,0,1,5,1,0.0,3,0,1,1,1
30,0,0,-0.71,0.72,1,1,3,37.0,6,0,5,2,1,1,4,1,2.0,1,0,0,0,0
48,0,0,-2.04,-2.29,1,1,2,33.0,3,1,2,7,1,0,5,0,0.0,0,0,1,0,1
44,0,0,-2.49,-0.76,0,1,3,25.0,6,1,3,8,0,0,5,1,0.0,3,0,1,1,0
28,1,0,-0.12,-0.99,0,0,1,27.0,1,1,1,2,0,0,4,0,0.0,1,1,0,0,0
31,0,0,-0.58,-0.66,0,1,2,41.0,0,0,3,2,1,1,3,0,1.0,2,0,1,0,1
36,1,0,0.86,1.52,1,1,1,31.0,0,0,5,2,1,0,4,0,1.0,2,0,1,0,0
44,1,0,-1.52,-0.57,0,0,0,30.0,6,1,1,6,0,0,2,1,0.0,1,1,1,0,0
38,0,0,,0.29,1,1,1,24.0,4,0,2,6,1,0,3,0,1.0,0,1,1,0,1
50,0,0,-1.14,-0.05,0,1,2,28.0,1,1,2,4,0,0,3,1,0.0,2,0,1,1,0
32,1,1,-1.9,0.27,0,1,1,33.0,5,1,2,5,1,0,4,0,,2,0,0,0,0
39,0,0,-0.7,-0.48,1,0,1,29.0,1,1,2,7,1,0,3,1,0.0,2,0,1,0,0
31,1,1,-2.19,0.46,0,0,0,26.0,6,1,1,2,0,0,2,0,0.0,2,0,1,0,0
32,0,0,,-0.88,0,1,0,27.0,3,1,1,5,0,0,2,0,0.0,2,1,0,0,0
42,0,0,1.36,-0.46,1,0,3,36.0,3,0,4,10,1,1,5,1,2.0,3,0,0,1,0
31,1,0,0.52,-0.7,1,1,1,33.0,2,1,2,7,0,0,4,0,1.0,1,1,1,0,0
36,1,0,0.58,-1.31,0,1,1,32.0,5,1,1,6,1,0,1,1,0.0,2,0,0,1,0
47,1,1,-2.27,-0.12,0,1,3,32.0,3,1,3,3,0,0,3,1,0.0,2,0,1,0,1
45,1,0,0.85,0.85,0,1,1,22.0,0,0,4,8,1,1,5,0,2.0,3,0,0,0,0
49,1,0,-0.28,-0.36,0,1,2,31.0,1,0,4,3,1,1,5,1,2.0,1,0,1,1,0
47,0,0,-1.22,-1.06,0,1,0,35.0,7,1,1,5,1,0,3,0,0.0,2,0,1,0,0
57,0,0,-1.21,1.93,1,1,2,27.0,7,1,4,9,0,0,4,1,1.0,1,0,0,0,0
58,0,0,-1.62,-0.65,0,1,1,,6,1,1,4,0,1,3,0,0.0,1,1,1,0,0
38,1,0,-2.77,0.71,0,1,3,32.0,2,0,4,2,1,1,5,0,2.0,2,0,1,0,0
45,0,0,-0.11,-0.1,0,1,1,34.0,7,0,3,4,1,1,1,1,1.0,2,0,0,0,0
27,1,0,-1.21,0.9,0,1,1,29.0,6,1,2,3,1,0,2,0,0.0,1,0,1,0,0
53,0,0,,-0.07,0,0,2,34.0,6,1,4,5,0,1,5,0,2.0,2,0,0,1,0
45,0,0,0.79,-0.15,1,1,1,20.0,3,1,3,4,1,0,4,0,0.0,3,0,1,1,0
56,0,0,0.0,0.0,0,1,3,29.0,2,0,5,2,1,0,6,1,2.0,3,0,1,0,0
28,1,0,-1.07,-0.2,0,1,3,33.0,0,0,5,3,1,1,2,1,2.0,3,0,0,0,1
39,1,0,-0.62,-0.04,1,1,2,31.0,7,1,3,8,0,0,2,0,1.0,3,0,1,1,0
42,0,0,0.63,,1,0,0,36.0,4,1,1,8,0,0,3,1,0.0,1,0,1,0,1
30,1,1,-1.62,0.32,1,1,1,28.0,1,1,2,8,1,1,4,0,0.0,2,0,1,0,1
34,0,0,0.7,2.69,0,1,3,26.0,2,0,4,6,1,1,6,1,1.0,1,0,1,0,0
34,1,0,-0.84,-0.87,0,1,3,19.0,5,0,5,3,1,1,5,1,1.0,2,0,0,0,0
47,0,0,,0.14,0,1,2,27.0,1,1,2,6,0,1,4,0,1.0,2,0,0,0,0
48,0,0,-0.14,-0.0,0,0,2,32.0,6,0,4,4,0,0,5,0,2.0,3,0,1,1,0
47,0,0,-0.23,-1.15,0,1,3,34.0,6,0,4,2,0,1,3,1,2.0,2,0,0,1,0
35,1,0,-0.94,0.76,0,0,2,21.0,6,1,4,6,1,1,2,0,1.0,2,0,0,0,0
28,1,0,-1.3,-0.62,1,1,1,36.0,3,1,2,9,0,0,3,1,0.0,1,0,1,0,0
28,0,0,-2.4,-0.71,1,1,3,23.0,5,1,4,6,1,0,5,0,2.0,1,1,0,0,1
52,1,0,-3.05,1.11,0,1,1,28.0,5,1,1,3,1,1,4,0,0.0,2,1,1,0,0
29,1,0,-2.98,-0.6,0,1,1,26.0,6,1,1,5,0,0,3,0,0.0,2,0,0,0,0
54,0,0,-3.09,0.91,0,1,0,32.0,0,0,1,8,0,0,0,1,0.0,0,1,1,1,1
36,0,0,-0.71,0.52,0,0,2,30.0,3,1,4,8,1,1,3,1,2.0,3,0,1,1,0
46,0,0,-0.74,0.16,1,1,2,33.0,0,0,5,6,1,1,6,0,2.0,2,0,0,0,0
29,1,0,-1.45,0.02,0,1,3,40.0,4,0,4,6,1,1,5,0,2.0,1,0,1,0,0
53,1,1,-0.31,0.53,1,0,1,31.0,3,1,1,9,0,0,1,0,0.0,1,1,1,0,0
57,0,0,-1.07,-0.28,0,0,1,26.0,1,0,3,2,1,0,2,1,1.0,2,1,1,1,0
58,0,0,0.27,-0.47,1,1,1,32.0,1,1,3,3,1,1,3,0,,1,0,0,0,0
24,0,1,-2.36,0.92,0,1,2,,5,1,5,11,1,1,4,0,2.0,2,0,0,0,0
56,0,0,0.32,,0,1,2,33.0,1,0,5,4,1,1,3,1,2.0,2,0,0,1,0
32,0,0,0.75,-1.64,1,1,2,35.0,7,1,4,7,1,1,3,0,1.0,2,0,0,0,0
44,0,1,-0.65,-1.21,1,0,2,19.0,5,1,3,6,1,1,3,0,0.0,2,1,0,0,0
57,0,0,,,0,1,1,31.0,3,1,4,2,1,0,6,0,2.0,2,0,0,1,0
47,0,0,-1.0,-0.5,0,0,3,27.0,5,1,2,4,0,1,1,0,1.0,0,1,0,0,0
53,1,0,-0.15,-0.99,0,0,1,25.0,0,0,4,7,0,0,2,1,2.0,2,0,1,0,0
32,0,0,-1.06,0.43,0,1,0,29.0,7,1,2,4,1,0,2,0,0.0,1,1,1,0,1
57,1,0,0.06,-2.31,0,1,1,30.0,4,1,1,5,0,0,4,0,0.0,1,0,1,0,0
46,1,0,-1.91,,0,1,2,25.0,6,1,2,2,1,0,4,1,0.0,2,0,1,1,0
55,1,0,0.35,-0.6,0,1,1,30.0,0,0,3,4,0,1,4,0,1.0,2,0,0,1,0
24,1,0,-0.42,0.29,0,0,1,28.0,4,1,3,9,0,1,4,0,0.0,2,0,1,0,0
39,0,1,-1.25,-0.83,1,1,1,33.0,4,1,2,4,1,0,4,1,,1,0,1,0,0
53,1,0,-0.22,-1.28,0,1,3,30.0,7,1,5,2,1,1,6,1,1.0,1,1,1,1,0
27,1,0,-0.12,0.04,1,1,0,31.0,5,1,1,11,0,0,4,1,0.0,1,0,1,0,1
32,1,0,-1.7,-1.55,1,0,0,35.0,4,1,4,2,0,1,4,0,1.0,2,0,0,0,0
53,0,0,-2.67,-1.45,0,0,0,32.0,2,0,1,6,0,0,1,0,0.0,0,1,1,0,0
58,1,0,-1.02,0.85,1,1,2,29.0,3,1,1,2,1,0,3,0,0.0,2,1,1,0,0
37,0,0,-1.84,-0.69,0,1,2,16.0,5,1,1,4,1,0,4,0,0.0,1,0,1,0,0
29,0,0,-0.05,0.47,0,1,2,32.0,3,1,4,6,1,1,2,0,1.0,2,0,1,0,0
28,0,0,2.02,-0.42,0,1,2,24.0,0,0,5,4,1,1,3,0,1.0,2,1,0,0,1
53,0,0,-0.89,0.07,0,0,1,28.0,6,1,2,6,0,0,2,0,1.0,2,0,1,1,0
51,1,0,-0.38,1.3,1,1,2,31.0,7,0,3,4,0,0,4,1,0.0,1,0,0,1,0
47,1,0,0.62,-0.07,0,1,1,37.0,1,1,1,5,0,0,2,0,0.0,2,1,1,0,0
24,1,1,-0.74,-0.38,0,1,0,40.0,5,1,4,6,1,0,2,0,0.0,2,0,0,0,1
36,1,0,0.98,-1.34,0,1,3,23.0,1,1,4,3,1,0,4,0,1.0,2,0,1,0,0
31,1,0,-0.33,0.95,1,1,3,21.0,6,1,5,5,1,1,4,1,2.0,0,1,1,0,0
44,0,0,-0.82,0.38,0,1,1,31.0,2,1,3,6,1,1,3,1,0.0,1,0,1,0,1
47,0,0,-2.12,0.06,0,1,0,30.0,6,1,1,4,0,0,1,0,0.0,0,0,1,1,0
55,0,0,,-0.34,0,0,1,22.0,6,1,1,4,0,0,1,0,0.0,1,1,1,0,1
32,0,0,-0.05,1.02,1,1,2,29.0,6,1,3,3,1,0,3,0,1.0,2,1,0,0,1
44,1,0,-0.16,-0.62,0,0,1,33.0,1,1,2,3,1,1,5,1,0.0,0,0,0,0,0
26,0,0,,0.37,0,0,1,22.0,7,1,2,7,0,0,3,1,0.0,0,1,0,0,1
30,1,0,-1.36,1.56,1,1,1,23.0,2,1,1,3,0,0,4,0,0.0,3,1,0,0,1
48,0,0,0.62,0.14,0,1,3,25.0,0,0,5,4,1,1,6,0,2.0,2,0,1,1,0
43,1,0,1.68,-0.28,0,1,3,28.0,5,0,5,4,1,0,5,0,2.0,3,0,0,1,0
34,1,0,-0.46,-0.66,0,1,2,33.0,3,1,3,3,1,0,2,0,0.0,2,1,1,0,1
41,1,0,-2.13,-0.67,0,1,2,27.0,6,0,3,4,1,0,2,0,1.0,3,0,0,0,1
57,0,0,-1.37,0.02,0,1,3,29.0,6,0,4,2,1,1,5,1,2.0,2,0,1,1,0
35,0,0,-1.07,,0,1,0,42.0,3,1,1,6,0,1,5,0,0.0,1,0,1,0,1
26,1,1,-2.46,0.25,0,1,1,23.0,7,1,2,6,0,0,4,0,0.0,2,1,1,0,1
27,1,1,-2.27,-0.06,1,0,1,25.0,2,1,1,8,1,0,2,0,0.0,1,1,0,0,1
36,0,0,-1.95,-0.11,0,1,0,33.0,5,1,1,12,0,0,1,0,0.0,2,1,1,1,1
43,1,0,-0.52,-1.73,0,1,1,35.0,2,1,2,8,1,0,2,0,0.0,1,0,1,0,0
56,0,0,1.81,-0.04,1,1,3,31.0,7,1,5,3,1,0,4,1,2.0,2,0,1,1,0
43,0,0,-2.9,-1.19,1,1,1,40.0,1,1,1,8,0,1,1,0,0.0,1,1,1,0,1
26,1,0,0.28,1.41,0,1,0,31.0,0,0,3,4,1,0,2,0,2.0,2,0,1,0,0
30,0,0,0.75,-0.89,0,1,2,17.0,3,0,4,2,1,1,4,0,2.0,2,0,0,0,0
55,0,1,-0.35,,1,1,2,30.0,7,1,5,5,1,1,5,1,1.0,2,0,1,1,0
28,0,0,-0.84,-1.82,0,1,2,26.0,7,1,3,6,0,0,4,0,1.0,1,0,0,0,0
54,0,0,0.5,-0.79,0,0,2,37.0,6,1,4,3,1,1,2,1,2.0,2,0,1,1,0
52,0,0,-0.9,-3.08,0,1,1,35.0,7,1,2,5,0,0,3,0,0.0,2,0,0,0,1
28,0,0,-0.94,0.09,1,1,1,19.0,7,0,3,5,1,1,3,0,0.0,2,1,1,0,1
43,0,0,-2.83,0.13,1,1,1,37.0,5,1,3,7,0,1,2,0,0.0,2,1,1,0,1
44,0,0,-0.81,-1.35,1,0,0,35.0,3,1,1,4,0,0,2,0,0.0,3,0,1,0,1
27,0,0,1.22,0.84,1,1,2,27.0,6,1,4,5,1,0,4,1,1.0,2,0,0,0,0
28,0,0,,-0.43,1,1,1,29.0,6,1,1,5,0,0,2,0,0.0,2,1,1,0,1
30,0,1,-1.9,-0.17,0,1,2,37.0,3,1,4,5,1,1,0,0,2.0,3,0,1,0,0
57,0,0,-0.55,0.93,0,1,3,17.0,0,0,5,2,0,1,4,1,2.0,2,0,1,1,0
26,0,0,-0.55,1.11,1,0,3,32.0,6,0,4,4,0,1,4,0,2.0,3,0,1,0,0
59,0,0,-2.02,-1.28,0,1,1,36.0,2,1,1,7,0,0,2,0,0.0,1,0,0,1,0
45,0,0,0.42,-1.7,0,1,2,28.0,7,1,1,9,0,0,2,0,0.0,1,1,1,0,1
36,1,0,1.91,-0.4,0,1,2,33.0,2,1,4,7,1,1,3,0,0.0,2,0,1,0,0
35,0,1,-0.85,1.45,0,1,2,30.0,1,1,3,5,1,1,4,0,1.0,1,0,0,0,0
58,0,1,-1.65,-0.79,0,1,2,24.0,6,0,4,8,1,1,4,1,1.0,3,0,0,1,0
39,1,0,-0.57,0.87,0,1,1,24.0,1,0,3,5,1,1,5,1,1.0,0,0,1,0,0
33,0,0,-2.19,-1.07,1,1,0,33.0,1,1,3,6,1,0,4,0,0.0,2,1,0,0,1
57,0,0,-1.59,-0.41,0,0,0,25.0,5,1,1,7,0,1,3,1,0.0,1,0,0,1,0
45,1,0,0.02,-0.67,1,0,2,20.0,6,1,3,3,1,0,3,0,1.0,3,1,1,0,1
50,0,0,0.37,0.39,0,1,2,30.0,1,1,4,3,1,1,3,1,0.0,2,0,0,0,1
32,1,0,-0.11,0.05,1,1,1,26.0,3,1,3,6,0,0,4,0,0.0,2,0,0,0,0
59,1,0,-1.51,-1.07,0,1,1,22.0,6,0,2,3,0,0,0,0,1.0,2,0,1,0,0
24,1,0,-0.97,-0.66,0,1,0,29.0,7,1,2,9,0,0,3,1,0.0,2,1,0,0,0
58,1,0,-0.86,,1,1,3,34.0,5,1,3,7,0,0,4,1,1.0,1,0,0,0,0
36,0,0,0.63,0.21,0,0,2,29.0,1,0,4,2,1,0,4,1,0.0,3,0,0,1,0
24,1,0,0.1,-1.04,0,1,2,23.0,0,0,4,3,1,0,4,1,1.0,1,0,0,0,0
39,0,0,1.74,0.16,0,1,2,32.0,2,0,5,7,1,1,4,0,1.0,1,0,0,0,0
38,0,0,-0.67,0.14,0,1,2,35.0,1,1,1,7,0,1,3,0,0.0,3,0,1,0,0
30,0,0,-1.22,0.64,1,1,3,42.0,6,1,4,2,0,0,4,1,1.0,1,0,1,0,0
54,0,0,-2.74,0.41,0,1,0,38.0,1,1,1,3,0,1,3,0,0.0,1,1,0,0,1
42,0,0,0.17,0.4,0,1,3,23.0,5,0,5,2,1,1,6,0,2.0,2,0,1,0,0
24,1,0,-3.06,-1.1,1,0,2,34.0,6,1,4,3,1,0,4,1,0.0,2,0,0,0,1
57,0,0,-1.44,-1.05,0,0,1,31.0,5,1,2,6,1,0,3,1,0.0,1,1,1,0,1
41,1,0,-1.87,-1.13,0,1,1,22.0,1,1,1,7,0,0,3,1,0.0,1,0,0,1,1
53,1,0,-2.27,-0.33,0,1,0,31.0,6,1,1,2,1,0,1,1,0.0,1,0,1,1,1
27,0,0,-1.18,0.83,1,1,0,41.0,6,1,1,7,0,0,1,1,0.0,2,1,1,0,1
38,0,0,-1.21,-0.64,1,1,3,36.0,6,0,5,5,1,1,5,0,2.0,3,0,0,0,0
49,0,0,-3.01,-0.57,0,1,1,23.0,1,1,1,5,1,0,2,1,0.0,3,0,1,0,0
39,0,0,-0.04,1.1,0,1,2,29.0,1,1,3,7,0,0,4,0,0.0,2,1,0,1,0
24,0,0,-1.4,-1.55,1,1,1,32.0,7,0,2,6,1,1,2,0,0.0,2,1,0,0,0
55,0,0,-0.44,1.34,1,1,2,19.0,3,1,2,6,0,0,5,0,1.0,1,0,0,0,0
45,1,0,-1.15,0.36,0,1,0,19.0,2,1,1,2,1,0,2,1,0.0,1,1,1,0,0
44,1,0,-0.74,-1.56,0,1,0,30.0,4,1,1,7,0,0,1,0,0.0,1,0,1,0,1
30,0,0,-0.58,-0.52,1,1,2,30.0,6,1,2,4,0,1,2,0,0.0,2,0,1,0,0
39,1,1,-1.18,1.44,1,1,0,18.0,7,1,1,5,0,0,2,0,0.0,1,0,1,0,1
55,1,0,1.34,-0.6,0,1,2,31.0,2,0,3,2,1,1,4,0,0.0,2,0,0,1,0
33,1,0,-0.97,0.46,0,1,0,36.0,7,1,1,4,0,0,1,1,0.0,2,0,1,0,0
30,0,0,0.04,1.94,0,1,2,28.0,0,0,3,3,1,0,5,0,1.0,3,1,0,0,0
57,0,0,-0.11,-0.06,0,1,3,29.0,5,1,4,2,0,1,5,0,2.0,2,0,1,1,0
37,1,0,-3.0,-0.19,1,1,2,32.0,5,1,2,5,0,1,2,0,1.0,2,0,1,0,0
41,0,0,-1.5,1.95,0,0,0,32.0,1,0,1,2,0,0,2,0,0.0,2,1,0,0,0
24,0,0,0.72,,0,1,2,19.0,1,1,2,2,0,0,3,0,0.0,2,1,0,0,0
35,0,0,0.32,-0.04,0,0,3,24.0,3,1,4,5,1,1,3,1,1.0,2,1,0,0,0
57,0,1,-1.95,0.17,0,1,3,27.0,7,1,1,2,0,0,3,0,2.0,1,1,0,1,0
56,1,0,0.41,,1,1,3,24.0,5,1,5,6,1,0,6,0,2.0,2,0,1,1,0
59,1,0,-2.62,-1.42,0,1,0,38.0,7,1,1,7,0,0,2,0,0.0,2,0,1,1,0
48,0,1,-0.31,-0.67,0,1,2,33.0,6,1,3,7,0,1,5,0,2.0,2,0,1,1,0
50,1,0,-1.16,-0.29,0,1,2,22.0,4,1,3,10,1,0,4,0,0.0,1,0,0,0,0
55,0,0,-0.56,-0.58,1,1,1,28.0,6,1,3,6,0,0,3,1,0.0,2,0,1,1,0
26,0,0,-1.99,-0.27,0,1,2,36.0,0,0,2,2,1,0,5,1,1.0,3,0,1,0,1
34,1,0,-1.09,0.52,0,1,0,25.0,1,1,1,5,0,0,2,0,0.0,3,1,0,0,1
27,0,0,-3.14,0.58,0,1,2,34.0,6,1,4,9,1,0,3,1,1.0,3,0,1,0,0
59,1,0,-1.84,-2.31,0,1,0,37.0,6,1,1,3,0,0,2,0,0.0,1,1,1,0,0
45,1,0,-1.41,0.16,1,1,1,36.0,2,1,4,8,1,1,3,0,1.0,1,1,1,0,0
55,0,0,,0.37,0,1,1,30.0,5,1,2,5,1,0,6,0,1.0,0,0,1,1,0
45,0,0,-4.71,-0.18,1,1,1,37.0,5,1,3,6,0,0,4,1,0.0,1,0,0,0,1
46,0,1,-2.64,0.27,0,1,0,26.0,6,1,1,5,1,0,3,0,0.0,1,1,1,0,1
48,0,0,-1.04,,0,1,0,44.0,5,1,1,6,1,0,2,0,0.0,1,1,0,0,0
59,1,0,-2.22,0.06,1,1,1,30.0,3,1,1,6,0,0,4,0,0.0,2,1,1,0,0
55,0,0,,-0.2,0,1,2,36.0,3,1,3,9,0,0,2,0,1.0,1,1,1,1,0
39,1,0,0.43,0.15,1,1,2,27.0,3,1,3,7,1,0,3,1,0.0,0,1,0,0,0
46,0,0,-0.27,-2.43,0,1,2,32.0,6,1,3,7,1,1,3,1,0.0,2,0,1,1,0
42,0,0,-0.31,1.31,0,1,1,32.0,6,0,3,3,1,0,3,1,0.0,2,1,0,1,0
30,0,0,-0.89,0.46,1,1,1,23.0,4,1,1,3,0,0,2,0,0.0,3,1,1,0,0
45,0,0,0.09,1.23,0,1,1,23.0,2,0,4,4,1,1,2,0,1.0,2,1,0,0,0
37,1,0,-1.82,-0.13,0,1,2,28.0,2,1,1,8,0,0,3,0,0.0,2,0,0,0,0
52,0,0,-1.23,0.55,0,1,3,36.0,6,1,4,6,1,1,3,0,0.0,2,1,1,0,0
55,1,0,-1.94,-0.04,0,1,1,18.0,6,1,2,11,0,1,0,0,0.0,1,1,1,0,0
49,1,0,-0.21,0.14,0,0,1,27.0,1,1,2,5,1,1,4,0,0.0,3,0,1,0,0
30,0,1,-1.49,1.43,0,1,3,37.0,0,0,5,2,1,1,4,1,2.0,3,0,0,0,0
57,0,0,-1.17,-1.95,1,1,2,22.0,5,1,2,4,0,0,3,0,0.0,2,0,1,0,0
35,1,1,-1.83,0.26,0,1,2,37.0,1,0,2,7,1,1,2,0,0.0,1,0,0,0,0
40,0,1,-1.65,-1.09,0,1,0,22.0,6,1,1,2,0,0,0,1,0.0,1,1,1,0,1
46,1,0,0.32,-1.17,1,1,2,24.0,3,1,4,6,1,1,4,0,1.0,3,0,1,1,0
44,1,0,-0.2,,0,1,0,28.0,1,1,3,5,1,0,0,1,1.0,2,0,0,0,0
51,0,0,-3.26,-1.51,1,1,1,40.0,7,1,1,7,1,0,2,0,0.0,1,1,1,0,0
38,1,0,0.37,-1.19,0,0,3,25.0,1,0,5,4,1,1,4,1,2.0,2,1,0,0,0
47,1,0,-1.19,,1,0,0,19.0,2,1,2,8,0,1,2,0,0.0,1,1,1,0,1
52,0,0,-0.94,-0.66,0,0,0,21.0,1,1,2,5,0,0,2,0,0.0,2,1,0,0,0
42,0,0,-1.0,0.43,1,1,2,35.0,1,0,3,3,1,0,4,1,1.0,2,1,0,1,1
49,0,0,-0.95,0.89,0,1,3,21.0,0,0,5,3,1,1,4,1,2.0,2,0,1,0,0
54,0,0,0.13,,1,1,1,36.0,0,0,2,3,0,1,3,0,0.0,0,0,1,0,0
58,0,0,-1.15,-0.5,1,1,0,29.0,1,0,3,2,1,1,4,0,0.0,1,1,1,0,1
42,0,0,1.08,0.86,0,1,1,29.0,0,0,5,5,1,1,3,1,1.0,1,1,1,0,0
58,1,0,-0.21,0.24,0,1,2,31.0,5,1,5,8,1,1,2,0,2.0,2,1,1,1,0
40,1,0,-0.77,0.05,0,0,1,24.0,6,1,3,4,0,0,2,0,0.0,2,0,1,0,1
44,0,0,-1.41,0.27,0,1,2,30.0,3,0,3,6,1,1,5,1,1.0,1,0,1,1,1
29,0,0,-0.04,0.86,1,1,3,22.0,3,1,5,3,1,1,5,1,1.0,2,0,1,0,0
25,1,0,-0.29,0.22,0,0,0,37.0,5,1,1,11,1,1,0,0,0.0,1,0,0,0,0
40,1,0,-0.61,-0.5,1,1,3,23.0,6,1,3,4,0,0,3,0,2.0,2,1,1,0,0
45,0,0,,0.64,1,1,3,32.0,6,0,5,6,1,0,5,0,2.0,1,0,1,1,0
41,1,1,0.76,-0.73,0,1,2,23.0,0,0,3,3,1,0,3,1,0.0,1,0,0,1,0
47,1,0,-1.4,0.65,0,1,3,26.0,1,0,5,5,1,1,4,1,2.0,3,0,1,0,0
34,0,0,-1.83,0.02,0,1,1,27.0,2,0,3,6,1,1,2,0,0.0,3,1,1,0,0
26,0,0,-0.04,-1.89,1,1,2,47.0,2,1,4,10,1,0,4,1,1.0,1,0,1,0,0
49,0,1,-3.66,-0.4,1,1,1,29.0,5,1,1,7,0,0,4,0,0.0,2,1,1,1,1
30,0,0,-0.01,0.83,0,1,2,24.0,3,1,3,6,0,0,2,0,0.0,2,1,0,0,0
35,0,0,,-0.15,1,1,2,26.0,0,0,4,3,1,1,3,1,2.0,2,1,1,0,0
55,0,0,-0.53,0.29,1,1,3,20.0,3,0,5,7,1,1,6,0,2.0,2,1,1,1,0
24,1,0,0.0,-0.66,0,1,1,28.0,5,1,2,5,1,0,2,1,0.0,1,0,1,0,0
39,0,0,-1.46,-0.21,0,1,3,40.0,1,1,5,3,0,0,5,0,2.0,1,0,0,1,0
46,1,0,-2.45,1.01,0,1,2,31.0,6,0,5,3,1,1,4,0,2.0,2,0,1,1,0
57,1,0,-2.82,-0.45,1,1,2,34.0,0,0,4,4,1,1,3,1,1.0,2,1,1,1,0
36,1,0,0.09,-1.17,0,1,3,24.0,7,1,4,3,0,0,5,1,1.0,1,0,1,0,0
35,1,0,0.8,,0,1,2,28.0,0,0,5,7,1,1,4,1,2.0,3,0,1,0,0
31,0,0,-1.4,-0.7,0,1,2,30.0,6,0,5,3,1,1,3,0,2.0,3,0,1,0,0
59,0,0,-0.12,-1.36,0,1,0,25.0,7,1,1,6,0,0,3,0,0.0,1,0,1,1,0
31,0,1,-1.55,-1.67,1,1,1,31.0,7,0,2,3,1,1,3,0,0.0,2,0,1,0,1
48,1,0,-0.12,-1.01,0,1,2,33.0,6,1,5,5,0,1,3,0,2.0,1,1,1,1,0
55,1,0,-0.29,,1,1,0,32.0,6,1,1,2,0,1,3,0,0.0,2,0,0,0,0
50,0,0,-2.44,-1.08,0,1,2,28.0,6,1,4,4,1,1,5,1,2.0,2,1,1,1,0
42,0,0,0.35,1.36,0,1,2,36.0,6,1,4,6,1,1,4,0,2.0,2,1,1,0,0
45,1,0,-2.95,-1.83,0,1,2,27.0,1,1,2,5,1,1,4,1,0.0,1,1,1,0,0
36,0,0,-3.08,,0,1,1,27.0,5,1,1,4,0,0,5,1,0.0,1,0,1,0,1
43,0,0,-2.68,0.36,1,1,1,38.0,5,1,2,3,0,0,2,0,0.0,1,0,1,0,0
51,0,0,0.49,0.67,0,1,2,22.0,6,0,5,5,0,0,6,1,2.0,2,0,0,1,0
50,0,1,-1.13,-0.91,0,0,0,19.0,4,1,1,4,0,0,3,1,0.0,1,1,1,0,1
29,0,0,-0.38,1.01,0,1,0,24.0,3,1,1,2,0,1,1,1,0.0,1,0,0,0,1
31,1,0,-1.23,-0.18,1,1,0,31.0,5,0,2,6,0,1,1,0,0.0,0,0,0,0,1
49,0,0,-1.03,-0.23,0,0,1,37.0,2,1,4,3,1,1,3,1,0.0,2,0,1,1,0
41,1,0,0.28,1.15,0,1,3,25.0,1,0,4,5,1,1,5,1,2.0,2,0,1,0,0
39,1,0,-1.58,-1.03,1,1,0,40.0,4,1,1,4,1,0,1,0,0.0,1,1,0,0,1
58,0,0,0.0,-1.53,0,0,2,29.0,3,1,5,7,0,0,5,1,2.0,1,0,0,1,0
29,1,0,-0.91,0.4,0,1,1,28.0,2,1,3,3,0,1,3,0,1.0,2,1,0,0,0
56,1,0,-0.96,0.9,0,1,2,24.0,3,0,2,2,0,0,1,0,0.0,2,0,0,0,0
43,1,0,0.92,0.03,0,1,0,41.0,3,1,1,2,1,0,1,0,0.0,1,0,1,0,0
57,0,0,0.58,-0.38,0,1,2,28.0,3,1,4,3,1,1,6,0,1.0,1,0,1,1,0
41,1,0,0.09,0.24,0,1,2,21.0,3,0,4,6,1,0,3,0,2.0,2,0,0,0,0
52,0,0,-1.71,0.42,1,1,1,44.0,6,1,1,4,0,0,3,1,0.0,2,1,0,0,0
32,0,0,-1.2,-1.29,0,0,1,31.0,2,0,1,5,0,0,0,1,0.0,0,0,1,0,0
52,0,0,-0.14,-2.3,0,1,1,34.0,7,1,1,7,0,1,3,0,0.0,1,1,1,0,1
31,1,0,-0.69,,0,0,2,39.0,7,0,2,5,0,0,2,1,1.0,1,0,0,0,1
57,0,0,-1.88,0.18,0,0,0,33.0,4,0,1,4,0,1,0,1,0.0,3,1,1,1,0
44,0,0,-2.81,-1.32,0,1,2,35.0,3,0,2,2,1,0,3,0,0.0,1,1,1,0,0
51,1,1,-2.19,-1.54,0,1,1,29.0,5,1,1,4,0,0,4,0,0.0,2,0,1,1,1
56,1,0,,0.1,1,1,0,33.0,6,0,3,4,0,1,4,0,1.0,0,0,0,1,0
27,1,0,,-0.17,0,1,3,29.0,6,0,5,2,1,1,5,1,2.0,0,0,0,0,0
36,0,0,,-0.87,0,1,1,29.0,6,1,2,4,0,0,3,0,1.0,3,0,1,0,0
44,1,0,-0.76,0.98,0,1,1,30.0,5,1,2,7,1,1,2,1,0.0,1,0,1,1,0
24,1,0,1.37,-0.61,0,1,2,27.0,5,0,5,3,1,0,3,1,2.0,1,0,0,0,0
25,0,0,-1.29,,0,0,0,32.0,2,1,2,2,0,0,2,0,0.0,2,0,1,0,1
47,0,0,-3.51,0.74,0,1,0,32.0,6,1,3,7,1,0,3,0,0.0,2,1,1,0,0
30,0,0,,-0.31,0,1,3,34.0,1,1,3,9,0,1,5,1,2.0,2,1,0,0,0
41,1,0,-1.6,0.74,0,1,1,33.0,6,1,3,8,0,0,2,1,1.0,1,0,0,0,0
48,0,0,-1.08,0.73,0,1,3,41.0,6,0,5,6,1,0,6,0,2.0,2,0,1,1,0
52,0,0,-0.07,0.16,1,1,1,35.0,1,1,4,2,1,1,3,0,2.0,2,1,0,1,0
57,1,0,-2.48,-0.63,0,1,0,28.0,5,1,1,9,1,0,3,1,0.0,2,1,1,1,0
24,1,0,-1.76,1.49,0,1,3,32.0,0,0,5,5,1,1,6,1,1.0,3,1,1,0,0
24,1,0,-1.58,0.81,0,0,1,37.0,6,0,3,4,0,0,3,0,0.0,1,0,1,0,1
25,1,0,0.85,0.8,0,1,3,23.0,0,0,5,3,1,1,4,1,2.0,3,0,1,0,0
51,1,0,-1.6,-0.2,0,1,1,41.0,7,1,1,6,0,0,3,1,0.0,1,0,1,0,0
26,1,1,-2.4,-0.64,1,0,1,24.0,1,0,3,2,1,1,1,1,0.0,2,0,1,0,0
40,1,0,-1.33,-2.03,0,1,1,34.0,7,1,3,9,0,0,1,0,0.0,2,0,0,0,0
24,1,0,0.98,0.58,0,1,2,29.0,6,0,5,2,1,0,3,1,1.0,1,0,0,0,0
53,0,0,0.43,-0.27,0,1,3,29.0,5,0,5,3,1,1,4,0,2.0,3,0,1,0,0
53,0,0,0.27,0.2,0,1,3,21.0,6,1,4,4,0,0,5,0,2.0,2,0,1,1,0
46,1,0,-0.32,2.37,0,1,1,34.0,6,1,3,6,1,1,6,0,1.0,0,0,1,0,0
59,1,0,-2.77,1.15,0,1,1,21.0,7,1,3,5,1,0,2,0,0.0,2,1,0,0,0
45,1,0,-1.23,0.27,0,0,1,20.0,2,1,2,5,1,0,1,0,0.0,2,1,0,0,0
48,0,0,0.66,-0.12,1,1,2,36.0,5,1,4,6,1,0,5,1,1.0,2,0,1,1,0
39,1,0,-2.8,0.84,0,1,2,,0,0,5,2,1,0,4,1,2.0,3,0,1,1,0
59,1,0,-3.33,0.73,0,1,1,25.0,5,1,2,2,1,1,3,0,0.0,3,1,1,0,0
36,1,0,-1.96,-0.49,0,0,2,35.0,1,1,3,5,0,0,3,1,0.0,1,0,0,0,1
32,1,0,-1.15,-0.2,0,1,2,34.0,5,1,5,2,1,1,4,1,2.0,2,0,0,0,0
42,1,0,-0.75,0.05,0,1,3,28.0,5,1,2,6,0,0,2,0,0.0,2,1,0,0,0
30,1,0,-2.37,-1.46,1,1,1,37.0,4,0,3,7,1,0,3,0,1.0,1,1,1,0,1
48,1,0,0.0,-0.79,1,1,3,28.0,5,1,3,8,0,1,5,0,0.0,1,0,0,0,0
45,0,0,,-1.31,0,1,2,32.0,6,1,2,4,1,0,3,0,0.0,3,1,1,0,0
37,0,0,-1.97,1.48,0,0,1,21.0,6,1,1,7,1,1,2,0,0.0,2,0,0,0,0
24,1,0,-2.65,-2.05,0,1,0,22.0,4,0,3,2,1,1,0,1,1.0,3,0,1,0,1
41,0,0,-1.59,-1.49,0,0,1,36.0,5,1,2,4,0,1,2,0,0.0,3,0,1,0,0
43,1,0,0.34,-2.22,1,1,2,32.0,7,1,5,9,1,0,4,1,1.0,2,0,1,1,0
45,1,0,-0.33,0.6,0,1,2,28.0,1,1,4,6,1,0,3,1,0.0,1,0,1,0,0
25,1,0,-0.4,-1.13,1,1,0,40.0,1,1,2,3,0,0,2,1,0.0,1,0,0,0,0
24,1,0,-0.46,0.82,0,1,3,40.0,0,0,5,9,0,1,6,1,1.0,2,0,0,0,0
52,1,0,0.02,-0.07,0,1,3,32.0,6,0,4,3,1,1,4,1,1.0,3,0,0,1,0
31,1,0,2.6,1.25,0,1,3,20.0,3,1,4,5,1,1,5,1,1.0,2,0,1,0,1
56,0,0,-1.56,-1.03,0,1,1,28.0,6,1,2,3,1,1,2,1,1.0,2,0,1,1,0
30,1,0,-0.67,0.04,1,1,1,,6,0,4,6,1,1,4,0,0.0,2,1,1,0,1
37,1,0,-0.58,0.93,0,1,1,30.0,3,1,2,5,1,0,3,0,0.0,3,1,0,1,0
55,1,0,2.3,1.11,0,1,3,23.0,7,1,3,8,1,0,4,0,0.0,2,1,0,0,0
28,0,0,-0.33,0.83,0,1,1,22.0,6,1,1,6,1,0,2,1,0.0,3,0,0,0,0
56,1,0,-0.6,0.45,1,1,2,15.0,2,1,3,4,1,0,2,1,1.0,2,0,0,0,0
24,0,0,-1.4,-0.13,0,1,1,30.0,3,1,3,7,1,1,2,0,0.0,2,1,1,0,1
30,0,0,1.26,0.64,0,1,2,15.0,3,0,5,3,1,1,6,0,2.0,3,0,1,0,0
34,0,0,-0.6,-1.33,0,1,2,27.0,1,0,4,5,1,1,3,0,2.0,1,0,1,0,1
49,0,0,1.25,-0.4,0,1,2,33.0,1,0,4,4,1,1,4,1,1.0,1,0,0,0,0
45,0,0,-0.81,1.39,1,1,2,25.0,7,1,4,10,1,1,6,0,2.0,1,0,1,0,0
38,1,0,-2.0,0.66,1,1,1,22.0,3,1,1,3,0,0,2,0,0.0,1,0,1,0,1
44,1,0,,-1.24,0,1,2,29.0,3,1,4,3,0,1,6,0,0.0,1,1,1,1,0
43,1,0,0.46,0.41,0,1,3,24.0,6,0,5,4,1,1,2,0,2.0,3,1,1,1,0
52,1,0,-2.37,-0.84,0,1,2,30.0,5,0,5,7,0,1,4,1,2.0,2,0,0,0,0
38,1,0,0.57,-0.38,0,1,1,23.0,7,1,3,2,0,0,2,0,0.0,2,0,1,0,0
57,1,0,-2.75,1.3,0,1,1,28.0,6,1,2,6,0,0,3,1,0.0,1,1,1,1,0
40,1,1,-4.06,-2.68,0,0,0,27.0,4,1,1,3,0,0,4,1,0.0,2,1,1,1,1
54,1,0,-0.56,-1.3,0,0,2,29.0,3,0,4,4,1,1,5,1,2.0,1,0,1,0,0
48,0,0,0.0,-0.03,1,1,1,39.0,7,1,2,4,0,0,3,0,0.0,1,0,0,0,0
38,1,0,-0.49,0.45,0,1,3,30.0,6,1,4,6,0,1,6,1,0.0,1,1,1,1,0
34,0,0,0.15,-0.4,0,1,2,32.0,7,1,3,4,0,1,2,0,0.0,2,1,0,0,1
42,0,0,-0.58,0.98,1,1,2,25.0,1,1,2,5,0,1,5,0,1.0,2,0,0,0,0
24,0,0,0.35,-0.17,0,1,1,30.0,6,1,5,7,1,1,3,1,2.0,3,0,1,0,1
36,0,0,1.16,0.25,0,0,1,27.0,5,0,4,2,1,1,3,1,2.0,2,0,0,0,0
42,1,0,-2.13,-0.2,1,1,1,29.0,1,1,1,3,0,1,1,1,0.0,1,1,0,0,0
37,0,0,-1.14,-0.52,0,1,1,33.0,5,1,1,7,0,0,3,0,0.0,1,1,0,0,0
27,1,0,-2.53,0.81,0,1,2,26.0,6,1,5,3,1,1,4,1,1.0,1,0,0,0,1
45,0,0,1.29,-0.75,0,1,2,27.0,0,0,5,6,1,1,6,1,2.0,2,0,0,1,0
58,0,0,-1.27,0.59,1,1,1,26.0,4,1,3,10,1,0,2,0,0.0,1,0,1,1,0
39,1,0,-0.44,0.95,0,1,2,26.0,6,1,4,2,1,0,4,1,0.0,2,1,0,0,0
36,0,0,-1.03,0.96,0,0,1,30.0,2,1,4,7,1,0,5,0,0.0,3,0,1,0,0
49,1,0,-1.13,1.66,1,1,3,27.0,4,0,4,8,1,1,6,1,2.0,3,0,1,0,0
24,0,1,-0.36,0.32,0,1,2,38.0,3,1,3,4,1,1,3,1,0.0,2,0,1,0,1
56,0,1,-0.57,0.02,0,1,2,45.0,2,1,3,4,0,0,4,1,0.0,2,0,0,0,0
41,0,0,-1.14,0.45,0,1,2,26.0,7,1,4,7,1,1,2,1,1.0,1,0,0,0,0
51,1,1,0.18,-0.67,1,1,1,31.0,6,1,1,4,0,0,5,0,0.0,1,1,1,1,0
35,0,1,0.35,-0.03,0,1,3,35.0,1,0,5,3,1,1,5,0,2.0,3,0,1,0,0
31,1,0,1.72,-0.77,0,1,3,27.0,7,0,5,5,1,0,6,1,2.0,2,0,1,0,0
48,0,0,-3.24,1.18,1,0,1,23.0,6,1,2,8,1,0,3,0,0.0,2,0,1,1,1
34,1,0,-1.3,-1.11,0,1,3,39.0,2,0,3,2,1,1,5,1,1.0,2,0,1,0,0
49,1,0,0.69,-0.76,0,1,1,33.0,6,0,5,6,1,1,4,0,2.0,1,0,1,0,0
49,0,0,,-0.39,0,1,2,31.0,1,1,2,3,1,0,5,0,0.0,0,0,1,0,0
49,0,0,-1.79,-1.36,1,1,1,38.0,7,1,1,6,0,1,2,1,0.0,2,1,0,0,0
52,0,0,-1.83,-0.67,0,0,1,34.0,6,1,4,8,1,0,5,0,0.0,3,0,0,0,0
38,1,0,-0.11,-0.45,0,1,3,29.0,6,0,3,2,1,0,1,1,1.0,1,0,0,0,0
59,0,0,-0.52,0.86,0,1,3,23.0,0,0,5,3,1,0,6,1,2.0,2,0,0,1,0
54,0,1,-3.12,-1.71,0,0,0,26.0,7,1,1,3,0,0,1,1,0.0,2,0,1,1,1
40,0,0,1.87,-0.46,1,1,3,36.0,0,0,5,4,1,1,6,1,2.0,0,1,1,0,0
25,1,0,0.41,0.28,0,1,3,33.0,2,1,4,2,0,1,5,1,1.0,3,0,1,0,1
25,1,0,0.23,0.48,0,1,2,28.0,1,0,4,2,0,1,5,0,2.0,3,0,0,0,0
40,0,0,-0.7,2.41,0,1,2,40.0,6,0,2,3,0,0,3,0,0.0,3,0,0,0,0
25,1,0,0.06,,0,0,2,28.0,1,1,2,4,1,1,4,0,0.0,2,0,1,0,1
58,0,0,-0.07,1.55,0,1,2,35.0,7,1,3,7,0,0,3,1,0.0,2,0,1,1,0
39,0,0,-2.65,-1.64,0,1,3,30.0,6,1,3,6,1,0,3,0,1.0,3,0,1,0,0
39,0,0,2.14,0.39,1,1,3,41.0,0,0,5,2,1,1,3,1,2.0,2,0,0,0,0
42,1,0,1.8,0.69,0,1,2,34.0,0,0,5,11,1,1,2,1,2.0,3,0,0,1,0
59,1,0,-0.74,-1.16,0,1,2,29.0,0,0,5,3,0,1,5,0,0.0,1,0,1,1,0
45,0,0,-2.2,-0.26,0,1,3,28.0,5,0,4,4,0,1,5,0,2.0,3,0,0,1,0
49,0,1,-2.55,0.71,0,1,1,29.0,6,1,3,2,0,1,2,1,1.0,2,0,1,1,1
44,0,0,-2.61,0.61,0,1,0,,2,1,1,2,1,0,1,0,0.0,2,1,0,0,1
38,0,0,0.13,1.34,0,1,2,21.0,6,0,5,3,0,1,3,1,2.0,2,0,1,0,0
27,0,0,-0.9,0.11,0,1,2,31.0,0,0,4,2,0,1,2,0,1.0,2,0,1,0,0
48,0,0,-1.5,-0.64,0,1,1,26.0,6,1,3,9,0,1,3,0,0.0,1,0,1,1,0
41,1,0,,0.51,0,1,1,26.0,7,1,3,4,0,1,2,0,0.0,0,0,1,0,0
58,0,0,-0.99,0.02,0,1,2,28.0,6,1,2,5,0,0,4,0,0.0,2,0,1,0,0
28,1,0,0.09,0.29,1,1,1,29.0,6,1,2,2,1,0,3,1,0.0,2,1,1,0,0
54,1,0,-0.77,-2.04,0,1,3,29.0,6,1,2,3,1,0,3,1,1.0,1,1,1,0,0
48,1,0,1.32,-0.09,0,1,2,39.0,0,0,3,8,0,0,2,1,1.0,3,0,1,1,0
31,0,0,2.32,0.41,0,1,3,33.0,1,1,4,4,1,1,6,1,1.0,0,0,1,0,0
42,1,0,-0.57,-0.17,0,1,2,42.0,1,0,2,4,1,1,5,1,0.0,2,0,0,0,0
53,1,0,-0.4,-0.07,0,1,3,26.0,5,0,5,6,1,1,4,1,2.0,1,0,0,1,0
49,1,0,-0.48,-0.15,1,1,2,34.0,6,1,4,7,0,1,4,0,1.0,1,0,0,0,0
32,1,0,0.59,-0.97,0,1,2,27.0,5,1,3,2,1,0,3,0,1.0,3,0,0,0,0
48,0,0,-0.21,0.6,1,0,1,26.0,6,0,1,2,0,0,2,1,0.0,2,0,1,1,0
27,0,0,-2.89,-0.47,1,1,3,42.0,1,1,2,4,0,1,2,0,0.0,3,0,0,0,0
29,1,0,0.45,,0,1,2,24.0,6,1,5,2,0,1,4,1,1.0,3,0,0,0,0
38,1,1,-0.98,-0.55,0,1,3,16.0,1,1,5,3,1,1,5,0,2.0,3,0,0,1,0
26,1,0,-0.09,-0.78,1,1,2,25.0,2,1,4,3,1,0,2,0,2.0,1,1,0,0,0
45,0,0,-0.41,,0,1,2,17.0,6,1,4,5,1,1,5,1,1.0,2,1,1,0,0
30,0,0,-1.08,,0,1,2,23.0,7,1,3,7,1,0,3,0,0.0,1,1,0,0,0
35,0,0,-2.84,-0.21,0,1,0,24.0,5,0,3,5,0,0,2,1,0.0,0,1,0,0,1
45,0,0,-2.01,0.26,0,1,2,29.0,0,0,5,7,0,1,5,0,2.0,2,1,1,1,0
54,0,1,-2.04,-1.05,0,1,1,17.0,5,1,1,9,1,0,2,0,0.0,2,1,1,0,1
29,1,1,-1.43,-0.05,1,0,1,36.0,0,0,3,2,0,0,2,1,1.0,0,0,1,0,0
35,0,1,-1.79,0.4,1,0,1,18.0,6,1,1,2,0,0,2,0,0.0,1,1,1,0,1
39,1,0,-0.1,-0.38,0,1,2,28.0,6,1,4,5,1,1,6,0,1.0,3,1,1,0,0
28,0,0,-1.72,,0,1,1,27.0,1,1,3,4,0,1,3,0,1.0,2,0,0,0,0
31,1,0,-1.64,1.38,0,1,3,34.0,0,0,5,4,1,1,5,1,2.0,2,0,1,0,0
41,1,0,0.73,-0.96,1,1,2,31.0,1,0,4,2,1,0,4,1,2.0,1,0,1,0,0
37,0,0,-0.57,0.04,0,0,1,36.0,7,1,1,2,0,0,2,0,0.0,1,1,1,0,1
46,1,0,-1.8,1.26,1,0,1,27.0,4,0,2,4,0,0,2,1,0.0,2,0,1,0,0
55,1,0,-0.21,-0.02,1,1,1,26.0,6,1,1,10,1,0,4,0,0.0,2,0,1,1,0
33,0,0,-2.52,-1.09,0,0,0,31.0,5,1,1,4,0,0,2,0,0.0,2,0,1,0,0
30,1,0,-0.73,0.31,0,1,1,35.0,5,1,2,9,0,0,3,1,1.0,1,0,1,0,0
56,1,0,-1.09,-0.43,1,1,0,34.0,1,1,1,4,0,0,1,0,0.0,2,1,0,0,0
36,0,0,-0.76,-1.21,0,1,3,31.0,7,0,5,5,1,1,5,0,2.0,2,0,0,0,0
26,0,0,0.54,-0.11,0,1,3,30.0,2,0,5,3,1,1,5,0,2.0,2,0,0,0,0
57,1,1,-3.2,-1.41,1,1,1,,5,1,1,10,0,0,3,0,0.0,1,1,1,1,1
45,0,1,-1.52,-1.82,0,1,1,31.0,6,1,2,7,0,0,1,1,0.0,2,1,1,0,0
59,1,0,-0.06,0.93,0,1,3,41.0,6,1,5,11,1,1,3,0,2.0,2,1,0,1,0
54,1,0,-2.41,-2.52,0,1,0,28.0,7,0,2,2,0,0,1,1,0.0,0,0,1,1,0
46,0,0,0.33,1.38,0,1,2,27.0,1,1,4,2,0,0,4,0,2.0,1,0,1,0,0
53,1,0,0.53,0.47,0,0,1,26.0,5,1,3,4,1,0,4,0,1.0,3,0,0,1,0
28,1,0,-0.47,1.47,1,1,2,,3,1,4,7,0,0,5,0,2.0,2,0,1,0,0
47,0,0,-0.74,0.89,0,1,2,16.0,4,1,2,9,1,0,5,0,0.0,3,1,0,0,0
29,0,0,-1.16,0.94,1,0,2,28.0,1,1,2,4,0,0,2,1,0.0,1,1,0,0,0
25,1,0,-0.72,-0.53,0,1,2,34.0,1,1,3,3,0,1,4,0,0.0,2,1,1,0,0
53,1,0,-1.35,-0.72,1,1,1,26.0,2,1,3,5,1,0,3,0,0.0,0,0,1,1,0
26,1,0,-0.98,-0.07,1,1,1,,2,1,2,6,1,1,3,0,0.0,3,0,0,0,1
24,0,0,-1.51,0.73,0,1,1,,3,1,1,2,0,0,1,0,0.0,1,0,1,0,1
41,0,0,1.85,1.95,0,1,3,31.0,5,0,5,6,1,1,2,0,2.0,3,0,1,1,0
37,1,1,-1.16,-1.02,0,1,2,16.0,5,1,4,3,1,1,2,1,0.0,3,0,0,0,0
58,0,0,-2.46,0.55,1,1,0,21.0,3,1,1,2,0,0,1,0,0.0,3,0,1,1,1
48,0,1,,-0.14,0,0,1,27.0,3,1,2,9,0,1,5,1,1.0,2,0,1,0,0
26,1,0,0.22,,0,1,0,24.0,1,1,3,6,1,1,5,0,0.0,2,0,1,0,1
29,1,0,0.8,0.47,0,1,2,30.0,5,0,2,3,1,0,3,0,0.0,1,1,1,0,1
54,1,0,-2.72,-2.83,0,1,0,27.0,3,1,1,4,0,1,0,0,0.0,0,1,1,0,1
52,0,0,0.14,0.01,0,1,1,,0,0,4,4,1,1,6,0,1.0,2,1,0,1,0
53,0,0,-0.25,-1.42,0,1,2,22.0,3,1,2,8,0,0,3,0,0.0,2,0,1,0,0
33,0,0,-1.21,,1,1,1,28.0,4,0,1,2,0,0,3,0,0.0,1,0,1,0,1
58,1,0,-1.7,0.29,0,1,2,30.0,2,0,4,5,0,1,2,1,,2,0,0,1,0
41,1,0,0.53,1.75,1,1,3,31.0,5,0,5,3,1,1,4,1,2.0,3,0,0,1,0
29,1,0,1.1,1.48,0,1,2,30.0,5,1,4,6,1,0,4,1,1.0,3,0,0,0,1
55,0,0,0.61,,1,1,1,15.0,6,1,2,3,0,0,4,0,0.0,0,1,0,0,0
27,0,0,-0.63,0.02,1,1,1,29.0,6,1,1,10,0,1,3,0,0.0,2,0,1,0,1
28,0,0,0.59,1.59,0,1,2,28.0,6,1,4,2,0,1,4,1,2.0,3,1,1,0,0
37,0,0,-2.72,0.38,0,0,2,34.0,3,1,3,4,1,0,4,0,1.0,3,0,1,0,0
53,1,0,0.28,0.7,0,1,2,33.0,6,0,4,2,1,0,4,1,1.0,3,0,0,1,0
42,0,0,0.67,1.71,1,0,3,30.0,5,1,5,4,1,1,5,1,2.0,3,1,1,1,0
29,1,1,-2.24,1.24,0,0,0,31.0,3,1,1,6,1,0,1,0,0.0,1,0,1,0,1
54,1,1,-1.62,-0.04,0,1,1,37.0,5,1,1,2,0,0,2,0,0.0,2,0,0,0,1
42,0,0,-1.82,0.85,1,1,1,36.0,3,1,1,9,1,0,4,1,0.0,2,0,1,1,0
57,1,0,-2.56,0.84,1,1,1,31.0,5,1,3,6,0,0,2,0,0.0,2,0,0,1,0
45,1,0,0.3,1.71,1,1,2,42.0,6,0,4,3,1,1,5,1,1.0,3,1,1,1,0
35,1,0,,-0.11,1,1,1,25.0,6,1,1,9,0,0,1,0,0.0,3,0,1,0,0
28,0,0,,1.05,1,0,1,22.0,7,1,1,3,1,0,4,0,0.0,2,0,0,0,0
53,0,0,-1.06,-0.53,0,1,0,29.0,5,1,2,5,0,1,2,0,0.0,2,0,1,0,0
27,0,1,-3.24,0.27,0,0,1,27.0,5,1,1,6,0,0,2,0,0.0,2,1,0,0,0
54,1,0,-0.51,,1,1,1,15.0,6,1,3,9,1,1,5,0,1.0,1,1,0,1,0
51,0,1,-2.22,0.58,1,1,1,25.0,3,1,2,8,0,0,2,1,0.0,3,1,1,0,1
38,1,0,-0.78,0.28,1,0,2,31.0,6,0,3,3,0,0,4,1,0.0,3,0,0,0,0
44,0,0,-0.22,-0.82,1,0,0,29.0,4,1,1,7,0,1,4,0,0.0,1,0,1,0,1
40,0,0,-0.43,0.69,0,0,1,24.0,1,1,3,9,0,0,4,1,0.0,0,0,0,0,1
25,0,0,-0.31,0.65,0,1,2,29.0,0,0,5,8,1,1,5,1,1.0,1,0,0,0,0
55,1,0,,0.16,0,1,3,30.0,6,0,4,2,1,0,4,1,1.0,3,0,0,1,0
51,0,0,0.78,0.81,0,1,3,33.0,0,0,5,3,1,1,5,0,2.0,1,0,1,1,0
55,0,0,-2.11,-1.61,0,1,2,25.0,2,1,2,8,1,0,2,0,0.0,2,1,1,1,0
45,0,0,,0.23,0,1,2,34.0,3,1,1,6,1,0,1,1,0.0,0,1,0,0,1
58,0,0,-0.33,-1.74,0,1,3,22.0,1,0,3,2,1,0,4,1,0.0,2,0,0,1,1
26,0,0,-1.64,-0.92,0,1,3,26.0,3,0,3,2,1,0,6,0,1.0,3,0,0,0,0
46,1,0,-1.75,0.45,0,1,3,39.0,6,1,5,4,0,1,6,0,2.0,2,0,1,0,0
56,1,0,-1.13,-0.09,0,1,1,23.0,0,0,3,5,1,1,4,0,1.0,2,0,0,0,0
41,1,0,-1.23,-1.81,1,1,2,25.0,6,1,2,8,1,0,5,0,0.0,0,1,0,1,0
40,0,0,0.29,-1.85,0,1,3,21.0,6,0,4,6,0,1,4,0,1.0,3,0,0,0,0
53,0,1,-2.5,-0.47,0,1,2,24.0,3,1,2,3,0,0,1,0,1.0,2,0,1,0,0
36,0,0,0.74,-1.71,0,1,2,30.0,1,1,5,5,1,0,3,0,1.0,3,0,1,1,0
26,0,0,-3.73,-1.51,0,1,2,33.0,5,1,2,6,1,0,3,1,0.0,0,0,1,0,1
33,0,0,-0.29,-0.58,0,1,2,29.0,1,0,4,5,1,0,4,0,1.0,2,0,1,0,0
55,0,0,-1.06,0.88,0,1,3,27.0,3,1,4,6,1,0,3,1,1.0,2,0,0,1,0
35,0,0,,-1.09,0,1,1,22.0,7,1,5,8,1,1,3,0,0.0,0,0,1,0,0
31,1,0,1.23,-2.08,0,1,2,,7,1,5,4,0,0,3,0,1.0,3,0,0,0,0
39,0,0,0.51,1.33,1,1,1,20.0,6,0,4,3,1,1,3,0,1.0,1,0,1,0,0
40,0,0,-0.59,0.68,0,1,1,33.0,3,1,2,6,0,0,2,0,0.0,1,1,1,1,0
58,0,0,1.3,0.34,1,1,3,34.0,6,0,4,4,1,1,5,0,2.0,3,0,0,0,0
48,0,0,1.19,-0.05,0,1,2,29.0,6,0,4,5,1,1,2,1,2.0,2,0,1,0,0
52,1,0,1.17,1.99,1,0,2,32.0,3,0,3,8,1,0,4,0,0.0,2,0,0,1,0
25,1,0,,0.38,0,1,3,34.0,6,0,5,7,1,0,5,0,2.0,3,0,1,0,0
54,0,0,0.7,0.15,0,1,2,30.0,0,0,5,6,1,1,6,1,2.0,2,0,0,1,0
38,0,0,0.28,-0.28,0,1,2,37.0,1,1,3,8,0,1,4,0,0.0,1,1,1,0,0
27,0,0,-1.18,0.18,1,1,1,,5,1,1,7,0,0,2,1,0.0,2,0,0,0,1
34,1,0,0.44,-0.83,0,1,1,27.0,1,1,3,6,0,0,3,0,1.0,2,0,0,0,0
47,0,0,-1.15,0.85,0,1,1,26.0,1,0,1,2,1,0,2,0,0.0,3,0,1,1,0
26,1,0,-2.53,1.12,1,1,2,33.0,6,1,2,3,0,0,3,0,0.0,1,1,1,0,1
51,0,0,0.64,1.09,0,1,2,,7,1,2,6,1,1,2,0,0.0,1,0,0,1,0
30,0,0,-0.93,-0.07,0,1,3,38.0,5,0,4,4,0,1,4,0,1.0,1,0,1,0,1
54,1,0,-2.03,0.44,0,1,3,32.0,6,1,5,2,1,1,3,1,2.0,1,0,0,1,0
29,1,0,3.66,-1.26,0,1,3,40.0,7,0,5,2,1,1,2,1,2.0,2,0,0,0,0
55,0,0,-1.25,,0,1,3,29.0,1,1,5,3,1,0,6,0,2.0,3,1,0,1,0
51,0,0,,0.67,0,1,1,,3,1,3,6,0,0,5,0,0.0,0,0,0,0,0
31,1,0,,0.9,0,1,2,33.0,3,1,4,5,1,0,2,0,2.0,2,0,1,0,0
38,1,0,-0.65,-1.68,0,1,2,35.0,0,0,5,2,1,0,6,1,2.0,2,0,0,0,0
27,1,0,-2.14,-1.54,1,1,0,25.0,6,1,1,4,0,1,1,0,0.0,1,0,0,0,1
25,0,0,-2.34,,0,1,1,17.0,3,1,1,5,0,0,1,0,,2,0,1,0,0
36,0,0,0.62,-0.27,0,1,2,18.0,4,0,4,5,1,1,4,1,2.0,3,0,1,0,0
32,1,0,1.86,-0.53,0,1,1,31.0,1,1,3,4,0,0,3,0,0.0,2,1,1,0,0
51,0,0,-0.59,-1.26,0,1,2,38.0,1,1,3,7,0,0,5,0,0.0,2,0,0,0,0
50,0,0,-2.42,,0,1,2,21.0,7,0,4,4,0,1,4,1,1.0,2,0,1,1,0
34,0,0,-1.73,-0.35,0,0,1,27.0,0,0,4,4,1,1,6,1,0.0,1,0,1,0,0
32,1,0,-0.97,0.97,1,1,3,27.0,2,0,5,3,1,1,3,1,2.0,2,0,0,0,0
55,1,0,-1.22,-0.53,1,1,0,,2,1,1,3,1,0,1,1,0.0,1,0,0,1,0
39,1,0,-1.01,,0,1,1,43.0,4,0,4,4,1,0,4,1,1.0,2,1,0,0,0
47,0,0,1.83,-2.14,0,1,2,32.0,5,1,3,4,0,1,3,1,0.0,2,1,1,1,0
47,1,0,-1.45,-0.4,0,0,0,34.0,4,1,1,6,1,0,2,0,0.0,2,0,1,1,0
48,0,0,0.33,2.0,0,1,2,34.0,0,0,3,3,1,1,3,1,1.0,3,0,1,1,0
58,1,0,-1.24,-0.4,0,1,2,21.0,2,1,1,2,0,0,2,0,0.0,3,1,1,1,0
49,1,0,-0.21,-0.22,0,1,2,33.0,6,0,5,9,1,1,5,0,1.0,1,0,1,1,0
26,0,0,-1.38,-0.84,1,1,1,23.0,5,1,2,7,0,0,2,0,0.0,2,0,1,0,1
38,1,0,-0.83,-1.64,1,1,2,28.0,6,1,2,4,0,0,1,1,0.0,1,0,1,0,0
31,1,0,-1.39,0.88,0,1,2,36.0,6,0,2,4,1,0,2,1,0.0,2,0,1,0,0
32,1,0,0.03,-0.73,0,1,3,29.0,6,1,5,4,1,0,3,0,2.0,2,0,1,0,0
31,1,0,,0.97,0,0,2,36.0,0,0,5,2,1,1,4,1,2.0,3,0,1,0,0
54,0,0,2.01,,0,1,2,37.0,3,1,3,2,1,0,3,1,0.0,2,0,1,1,0
55,0,0,-0.15,0.56,0,1,2,18.0,5,0,3,6,0,0,4,1,1.0,1,1,0,0,0
31,0,0,-0.52,-1.2,0,1,1,16.0,3,1,1,5,0,0,1,0,0.0,0,0,1,0,0
43,0,0,-0.35,0.4,0,1,2,36.0,6,1,5,5,0,1,4,0,2.0,3,0,1,1,0
40,1,0,-3.04,-0.86,0,0,0,36.0,4,1,1,7,0,0,3,0,0.0,2,0,0,0,1
51,1,0,-1.78,0.17,0,1,3,31.0,6,0,4,6,1,1,4,0,2.0,0,1,1,1,0
55,1,0,-1.54,-2.77,0,1,0,31.0,6,1,1,5,1,0,4,1,0.0,0,1,1,1,0
40,1,1,-1.71,,0,1,1,34.0,5,1,2,4,0,0,2,0,0.0,1,1,1,0,0
39,0,0,,1.97,1,0,0,34.0,7,1,1,3,1,0,1,0,0.0,2,1,1,0,0
41,1,0,-1.13,-1.54,0,1,0,27.0,5,1,1,4,1,0,1,0,0.0,0,0,1,0,1
41,0,0,,0.93,1,1,2,35.0,6,0,4,3,1,1,6,1,1.0,2,0,0,0,0
59,0,0,1.86,-0.5,0,1,1,27.0,3,1,1,3,1,0,3,0,0.0,3,1,1,1,1
28,1,1,-1.29,-1.9,1,0,1,30.0,4,1,1,6,0,1,2,1,0.0,1,1,1,0,0
29,1,0,-1.48,-0.88,0,1,1,30.0,5,1,2,2,0,0,3,1,0.0,0,1,1,0,0
38,1,0,-1.62,1.2,0,1,1,24.0,1,1,1,3,0,0,2,1,0.0,1,0,0,0,1
38,0,0,0.82,0.35,0,1,3,25.0,3,1,5,3,0,0,5,0,2.0,1,0,0,0,0
41,0,0,-1.16,-0.23,0,1,0,42.0,7,0,3,3,1,0,2,1,0.0,2,0,0,0,0
59,0,1,-0.22,-1.75,0,1,2,24.0,5,1,2,8,1,0,2,0,0.0,2,0,1,1,0
45,0,0,-1.07,0.37,0,0,1,31.0,1,1,2,3,0,0,2,1,0.0,2,0,0,1,0
33,1,0,-1.41,0.9,0,1,1,32.0,3,1,2,3,0,0,5,0,,1,0,1,0,0
33,1,0,-1.66,0.36,0,1,3,29.0,1,1,5,8,1,1,5,1,,1,0,0,0,0
27,1,0,1.03,,0,1,2,33.0,0,0,5,7,1,1,5,1,2.0,2,0,1,0,0
24,0,0,,,0,1,2,31.0,7,1,4,5,1,1,3,0,0.0,2,0,0,0,1
34,0,0,0.48,,0,1,2,24.0,3,1,4,5,1,1,4,1,2.0,1,0,0,0,0
49,1,0,-0.85,-0.1,1,1,2,32.0,2,1,5,8,1,1,4,1,1.0,3,0,1,1,0
54,0,0,0.76,,0,1,3,26.0,5,0,4,3,0,1,5,1,2.0,2,0,1,1,0
49,0,0,1.47,-0.16,0,1,3,39.0,0,0,5,4,1,1,4,1,2.0,3,0,0,1,0
59,1,0,-0.88,-0.12,0,1,3,32.0,2,0,5,5,1,1,4,1,2.0,1,0,0,1,0
32,0,1,-2.07,0.11,0,1,2,25.0,6,1,3,3,1,0,4,0,1.0,2,1,1,0,0
46,0,0,2.02,-0.38,0,1,1,31.0,5,0,4,5,0,1,3,0,,1,0,1,0,1
51,1,0,-0.51,-0.72,0,1,2,23.0,7,1,1,6,0,0,2,1,0.0,2,1,0,0,0
59,0,0,,-0.08,0,1,1,31.0,5,1,3,5,0,0,3,0,0.0,2,1,1,0,0
34,1,0,-2.9,0.11,1,1,0,28.0,4,0,1,6,0,0,1,1,0.0,2,0,1,0,0
30,0,0,,-0.18,0,1,1,24.0,6,1,1,3,1,0,3,0,0.0,1,0,1,0,1
59,0,0,-0.51,-0.14,0,1,1,24.0,7,1,3,7,0,1,2,0,1.0,2,0,1,1,0
46,1,0,-1.41,0.02,0,1,1,44.0,6,0,2,6,1,0,4,1,0.0,2,1,1,1,0
52,0,0,-2.13,1.41,0,1,1,30.0,7,1,2,8,1,1,1,1,0.0,3,1,1,1,1
45,0,0,0.09,-1.0,0,1,3,26.0,6,0,4,3,1,0,4,1,1.0,3,0,0,0,0
29,1,0,-2.71,0.57,1,1,1,25.0,6,1,3,9,0,0,4,0,0.0,0,0,0,0,0
28,0,0,-0.25,,0,1,2,32.0,1,0,3,5,0,1,1,0,2.0,1,1,0,0,0
35,0,0,-1.42,-0.18,0,1,2,25.0,6,1,4,4,1,0,4,1,2.0,1,1,1,0,0
46,1,0,-0.16,1.05,1,1,1,22.0,3,1,2,3,0,1,4,0,0.0,0,0,0,0,0
58,1,0,-0.48,0.84,0,1,2,29.0,5,1,3,8,1,1,3,1,0.0,1,1,1,1,0
43,0,0,-0.36,0.66,0,1,1,29.0,6,0,2,2,1,1,2,0,0.0,2,0,0,0,0
42,1,0,0.42,-1.45,0,1,0,26.0,7,1,2,2,1,0,4,0,,1,0,0,0,0
51,1,0,-0.93,-0.48,0,1,2,24.0,7,0,5,3,1,1,4,0,1.0,2,0,1,1,0
48,0,0,-1.51,-0.69,0,1,2,27.0,2,1,4,7,1,0,6,0,1.0,3,0,1,1,0
53,0,0,0.19,0.46,0,1,1,26.0,6,1,1,2,0,1,2,0,0.0,0,0,1,0,0
34,0,0,0.98,0.72,0,0,1,25.0,6,1,2,5,0,0,5,0,0.0,3,0,1,0,0
32,1,0,0.28,-0.51,0,1,1,31.0,3,1,1,7,1,0,0,0,0.0,2,0,0,0,0
48,0,0,-3.43,-0.35,0,1,1,42.0,1,0,3,3,1,1,4,1,0.0,1,1,1,1,0
27,0,0,-0.28,2.04,0,1,1,37.0,0,0,2,2,0,1,1,0,0.0,1,0,1,0,0
51,1,0,-2.19,0.02,0,1,0,41.0,6,1,2,4,0,1,3,1,0.0,2,1,1,0,0
57,1,0,0.06,-0.32,0,1,1,26.0,4,1,2,7,0,0,4,0,0.0,1,0,0,0,0
47,1,0,-1.48,-0.49,0,1,1,39.0,7,1,1,8,1,0,0,0,0.0,2,0,0,0,0
50,1,0,-1.73,0.47,1,1,0,30.0,4,1,1,7,0,0,3,0,0.0,2,1,1,0,0
43,1,0,,0.23,0,1,2,35.0,7,1,2,3,0,0,5,1,0.0,0,1,1,0,0
37,1,0,-0.85,0.24,0,1,2,32.0,3,0,5,3,1,1,5,0,2.0,3,0,0,0,0
31,1,0,,-0.03,0,1,0,27.0,6,1,1,10,0,0,3,0,0.0,2,0,1,0,0
43,1,0,-0.82,-0.43,0,1,2,,0,0,4,2,1,1,2,1,0.0,3,0,0,1,0
56,0,0,-1.04,-1.2,0,1,1,32.0,5,1,1,3,1,0,5,0,0.0,1,1,0,1,1
53,1,0,0.38,-0.25,0,1,0,18.0,6,1,1,2,1,0,1,0,0.0,1,1,1,0,1
37,0,0,-0.01,1.46,1,1,2,,7,1,3,4,0,0,1,1,2.0,2,1,0,0,0
29,1,0,-1.3,-0.47,1,0,1,34.0,6,1,2,5,0,1,4,0,0.0,0,0,0,0,0
59,1,0,-0.73,1.12,0,1,1,31.0,0,0,5,4,1,1,4,1,0.0,2,0,1,1,0
24,0,0,-3.81,-0.41,0,1,2,32.0,3,1,4,3,1,1,4,1,1.0,2,1,1,0,0
30,0,0,-0.61,-1.81,0,1,2,24.0,0,0,5,5,1,1,4,1,2.0,2,0,1,0,0
43,1,0,-1.19,-0.78,1,1,0,31.0,1,1,1,3,1,0,3,0,0.0,2,1,1,0,0
54,1,0,-1.01,-1.56,0,1,1,28.0,6,0,5,2,1,1,4,0,2.0,2,0,0,1,0
27,1,0,-0.99,0.73,0,1,2,28.0,6,0,4,3,0,1,3,0,2.0,2,0,0,0,0
32,0,0,-3.3,-1.93,0,1,3,25.0,6,0,3,3,1,1,3,0,1.0,1,1,0,0,1
58,1,0,-1.98,0.06,0,1,2,34.0,6,0,4,5,1,1,5,0,2.0,3,1,0,0,0
26,1,0,-2.61,,1,1,0,31.0,6,1,1,7,0,0,2,0,0.0,3,1,0,0,1
31,1,0,-0.84,-0.56,0,1,3,30.0,6,0,5,6,1,1,4,1,1.0,1,1,0,0,0
25,0,0,-3.66,0.93,1,1,2,41.0,0,0,5,3,1,1,2,0,2.0,3,0,0,0,1
50,0,0,-1.56,-0.38,0,1,0,32.0,2,1,1,5,1,0,0,0,0.0,0,0,0,0,0
35,1,0,-1.07,,0,1,1,36.0,5,1,2,4,0,0,5,0,0.0,1,1,0,0,0
49,1,1,-1.22,,0,1,1,,6,1,1,5,0,0,4,0,0.0,2,0,0,1,0
24,0,0,-0.87,-0.41,0,1,2,27.0,0,0,4,5,0,1,3,1,2.0,1,0,0,0,1
29,0,0,-0.17,-0.98,0,1,0,23.0,5,1,2,6,0,1,2,0,0.0,1,0,1,0,0
28,1,0,0.93,-1.85,1,1,0,30.0,6,0,2,6,1,0,4,0,0.0,2,0,0,0,1
24,1,0,-1.78,,1,1,2,15.0,0,0,5,5,1,1,5,1,2.0,3,0,0,0,0
24,0,0,-1.6,0.36,1,0,2,31.0,3,0,5,8,0,1,5,0,2.0,2,1,1,0,0
32,0,0,-0.58,0.97,1,1,1,31.0,7,1,2,4,0,0,0,1,0.0,1,1,1,0,0
54,1,0,-0.3,0.22,1,1,1,28.0,6,1,2,3,0,0,2,1,0.0,2,0,1,1,1
43,0,0,-1.78,-0.47,0,1,2,28.0,2,0,4,4,1,0,4,1,2.0,2,0,0,1,0
51,1,1,0.47,-0.34,0,1,1,21.0,6,1,2,5,1,1,2,0,0.0,2,0,1,1,0
28,1,0,-2.05,0.39,0,0,1,37.0,3,0,2,6,1,0,1,0,0.0,2,0,1,0,1
56,1,0,-0.88,1.0,1,1,2,27.0,6,0,3,5,1,1,6,0,1.0,0,0,0,1,0
57,1,0,-0.2,-0.58,0,1,1,23.0,2,1,2,7,1,0,4,0,0.0,3,1,0,0,0
45,1,0,0.9,,0,0,1,32.0,5,1,3,5,0,1,3,0,0.0,1,1,0,0,0
52,1,0,-2.11,-0.25,0,1,1,,3,1,2,4,0,0,3,0,1.0,1,0,1,0,0
38,1,0,0.1,-0.76,0,1,1,27.0,2,1,3,4,0,1,4,0,0.0,2,0,0,0,0
32,0,0,-1.47,-0.9,1,0,0,26.0,6,1,1,2,1,0,1,0,0.0,1,0,1,0,0
55,0,0,-2.07,-0.3,0,1,2,29.0,1,1,4,4,1,1,5,0,2.0,1,0,1,0,0
28,0,0,-0.71,0.05,1,1,3,37.0,0,0,5,4,1,1,6,0,2.0,2,0,0,0,0
37,1,0,-1.4,1.21,0,1,3,32.0,3,1,5,5,1,1,5,1,2.0,1,0,1,0,0
26,1,0,-0.04,1.71,1,1,2,29.0,6,1,2,2,0,0,5,1,0.0,3,0,0,0,0
34,0,0,,-0.31,0,1,2,34.0,6,1,3,5,1,0,2,1,2.0,2,0,0,0,0
53,0,0,0.49,-1.32,0,1,3,29.0,7,1,5,2,1,1,5,0,2.0,2,0,0,1,0
50,1,0,-0.77,-0.69,1,1,1,31.0,2,1,3,7,1,0,2,0,0.0,3,0,1,1,0
55,0,0,-0.15,-0.32,1,1,1,30.0,3,0,4,4,0,1,5,0,1.0,2,0,0,1,0
53,1,0,-1.05,0.02,0,0,2,33.0,1,1,1,5,1,0,2,0,0.0,1,0,0,0,0
42,0,0,-1.18,-1.73,0,1,2,26.0,5,1,5,4,1,1,4,1,2.0,2,0,0,0,0
58,1,1,-1.41,0.8,1,0,0,22.0,7,1,1,7,0,1,3,0,0.0,1,0,1,1,0
44,0,0,-0.24,-0.92,0,1,2,34.0,6,0,4,8,1,1,3,1,2.0,1,0,1,1,0
47,0,0,-1.57,0.13,0,1,1,38.0,5,1,2,4,0,0,2,0,,3,1,0,0,0
39,0,0,1.97,-0.3,1,1,1,22.0,3,1,2,9,0,0,2,0,0.0,3,0,1,1,0
34,1,0,-2.71,-0.93,1,0,0,30.0,7,1,1,4,0,1,2,0,0.0,3,0,1,0,0
52,1,0,0.42,0.8,0,1,2,26.0,4,0,5,7,1,0,5,1,1.0,3,0,1,0,0
57,1,0,-0.29,-0.63,1,1,1,,1,1,2,6,0,0,2,0,0.0,1,0,1,0,1
55,1,0,-1.38,-1.21,0,1,2,30.0,3,1,1,4,0,0,3,0,0.0,1,1,1,1,0
50,1,0,0.12,0.59,1,1,2,49.0,0,0,5,5,0,1,4,0,2.0,2,0,1,0,0
35,0,0,0.13,0.86,0,1,2,27.0,1,0,4,8,1,1,5,0,1.0,0,0,0,0,0
53,0,0,-0.1,-0.14,0,1,3,38.0,0,0,5,6,1,1,5,0,1.0,3,0,0,1,0
56,1,0,-1.62,-0.59,0,1,1,39.0,4,1,2,7,0,0,2,0,0.0,2,0,1,0,0
40,0,0,-0.7,0.86,0,0,2,32.0,5,1,3,5,0,1,4,0,0.0,1,0,1,1,0
32,1,0,-2.04,-0.47,0,1,0,29.0,3,0,1,2,0,1,3,0,0.0,1,0,0,0,0
47,0,1,0.54,-0.26,0,1,1,30.0,3,1,4,2,1,0,4,1,1.0,0,0,1,1,0
31,0,0,-0.12,0.61,0,1,0,29.0,7,1,2,5,1,0,4,0,0.0,1,0,1,0,1
59,1,0,-0.89,-0.33,1,1,1,36.0,6,1,2,4,1,0,1,0,0.0,2,0,0,0,0
54,1,0,-1.83,,0,1,1,24.0,5,1,2,5,0,0,5,0,0.0,1,0,0,1,0
47,1,0,-1.41,-0.26,0,1,2,28.0,2,0,1,3,1,0,5,0,1.0,1,1,1,0,0
42,1,0,-1.43,-1.06,0,1,1,27.0,7,1,3,4,1,0,3,0,1.0,2,0,1,1,0
30,1,0,-1.46,-0.33,0,0,0,19.0,2,1,1,12,1,0,2,0,0.0,1,1,0,0,0
25,0,0,-2.82,0.79,1,1,1,34.0,3,1,2,5,1,1,4,1,0.0,2,1,0,0,0
24,1,0,-1.25,-1.32,0,1,2,35.0,7,1,3,3,0,0,5,0,0.0,2,0,1,0,1
27,0,0,-1.95,-0.06,0,0,0,25.0,5,1,4,2,0,0,2,0,0.0,2,1,0,0,0
39,1,0,,0.34,0,1,0,35.0,6,1,1,4,1,0,1,0,0.0,0,1,1,0,0
34,1,0,1.94,0.0,1,0,2,19.0,5,0,5,4,1,1,5,0,2.0,2,0,0,0,0
36,0,0,-0.61,1.37,0,1,3,29.0,6,1,4,4,1,1,5,1,1.0,2,0,0,0,0
30,0,0,-0.23,-0.04,0,1,3,28.0,2,0,3,3,1,1,4,0,1.0,1,0,1,0,0
49,1,0,-1.6,0.13,0,1,0,30.0,2,1,1,3,1,0,2,0,0.0,1,0,0,0,0
59,0,0,-0.47,1.13,1,1,1,29.0,3,1,1,3,0,0,2,1,0.0,0,0,1,1,0
24,0,0,-0.61,0.58,1,1,2,29.0,1,0,5,4,0,0,3,0,0.0,1,1,1,0,0
49,1,0,-1.24,-0.11,0,1,2,27.0,6,0,3,2,1,1,3,1,0.0,2,0,1,0,0
56,1,1,,-0.45,0,1,3,28.0,2,1,4,3,1,1,6,0,1.0,2,0,1,1,0
39,0,1,-2.4,-0.41,0,1,2,37.0,5,1,1,6,1,0,3,0,0.0,3,0,0,0,1
44,0,0,0.76,0.17,0,1,1,26.0,6,0,2,4,1,0,2,0,1.0,1,1,1,0,0
53,1,0,,-0.87,0,1,1,43.0,6,1,3,2,1,0,3,1,1.0,3,1,0,0,1
46,0,0,-1.9,1.06,0,1,1,25.0,3,1,1,5,0,0,2,0,0.0,3,0,1,0,1
34,1,0,-0.23,1.44,0,1,1,30.0,4,1,1,4,0,0,3,0,0.0,1,0,1,0,1
35,1,0,,-0.01,0,1,2,32.0,7,1,4,3,0,0,3,1,1.0,1,1,1,0,0
25,0,0,-1.72,-1.81,0,1,0,27.0,6,1,3,6,1,0,2,0,1.0,2,1,0,0,1
52,1,0,-1.09,0.68,0,1,1,37.0,6,1,3,7,1,0,3,1,0.0,2,1,1,0,1
37,1,0,-0.37,0.09,0,1,2,32.0,7,0,4,4,1,1,5,0,1.0,1,0,1,0,0
55,1,1,-2.73,0.41,0,1,0,28.0,6,1,1,5,0,0,1,0,0.0,1,0,0,0,1
36,1,0,-0.95,-0.05,1,1,2,37.0,1,1,4,6,1,1,5,1,2.0,2,0,1,0,0
42,0,1,,0.93,0,1,2,23.0,5,0,4,6,1,1,5,1,0.0,3,0,0,1,0
29,0,0,-0.4,-0.73,0,1,3,26.0,1,1,4,3,1,1,4,0,2.0,2,0,1,0,0
26,1,0,2.77,0.32,0,1,1,32.0,6,1,3,8,0,0,3,1,,2,1,1,0,1
46,0,0,-1.86,0.14,0,0,2,34.0,7,1,2,5,0,0,4,0,1.0,2,1,1,0,1
50,0,0,-1.92,0.39,0,1,3,31.0,5,1,4,5,0,1,5,1,0.0,2,1,0,0,0
37,1,0,0.31,,0,1,2,28.0,3,1,2,7,0,1,3,0,0.0,2,0,0,0,1
46,1,0,0.05,0.99,0,1,2,27.0,0,0,5,6,0,1,5,1,0.0,2,0,1,0,0
34,1,0,-1.1,-1.23,0,0,1,36.0,7,0,3,4,0,1,2,0,0.0,0,0,1,0,1
48,0,1,0.34,0.86,0,1,2,30.0,1,0,5,6,0,1,4,0,2.0,2,0,1,1,0
45,1,0,-1.79,0.17,0,1,2,24.0,0,0,4,6,1,1,4,0,1.0,3,0,0,1,0
54,1,0,0.2,-0.13,0,1,2,23.0,2,1,5,3,1,1,4,1,2.0,3,0,1,1,0
50,0,0,-0.23,0.35,0,1,3,38.0,0,0,5,2,1,1,5,1,2.0,1,0,1,1,0
55,0,1,-1.21,-0.46,1,0,1,25.0,4,1,3,5,1,1,5,0,0.0,3,0,0,1,0
59,0,0,-0.25,0.16,0,1,1,31.0,5,0,5,4,1,1,4,0,0.0,3,0,1,1,0
37,1,0,1.55,-2.02,0,1,1,37.0,3,1,1,5,0,0,4,0,0.0,1,0,0,0,0
55,1,0,-1.55,-0.04,0,1,1,32.0,0,0,2,2,0,0,5,0,0.0,1,1,1,1,0
40,1,0,-1.35,-0.22,0,1,2,24.0,1,0,4,4,1,1,3,0,2.0,2,1,1,0,0
24,1,0,-0.35,,0,1,1,23.0,3,1,2,4,1,1,2,0,0.0,2,1,1,0,0
58,1,0,0.94,,1,1,3,40.0,0,0,4,2,0,1,5,0,,2,1,0,0,0
29,0,0,-2.89,1.87,0,1,0,23.0,6,0,1,2,1,1,3,1,0.0,3,1,1,0,1
28,1,0,0.29,-0.14,0,1,2,26.0,1,0,5,4,1,1,4,1,2.0,1,0,1,0,0
43,0,0,-1.35,-1.46,0,1,3,31.0,2,1,5,6,1,1,4,1,2.0,1,1,1,1,0
49,0,0,-2.09,-0.12,1,1,1,28.0,3,1,4,3,1,1,4,0,1.0,1,0,1,0,0
40,1,0,-0.42,-0.38,0,1,2,32.0,3,0,5,6,1,1,5,0,2.0,2,0,0,0,0
46,1,0,-0.77,0.27,0,1,3,20.0,0,0,5,5,1,1,5,0,2.0,2,0,0,0,0
55,1,0,-2.3,-0.63,0,1,2,28.0,1,1,2,4,1,0,4,0,0.0,0,1,1,0,0
44,1,1,-2.08,0.53,1,1,2,33.0,6,1,3,5,0,0,4,0,1.0,2,1,1,0,1
53,1,0,-0.61,0.05,0,1,3,33.0,0,0,5,5,1,0,2,1,1.0,2,0,1,0,0
45,0,0,-0.41,0.17,0,1,0,26.0,5,1,2,3,1,0,2,0,0.0,2,0,1,0,0
43,1,0,-2.32,0.61,0,1,1,23.0,4,1,1,4,0,0,4,0,0.0,3,1,1,0,1
42,0,0,-0.45,0.05,0,1,1,30.0,3,1,4,2,1,0,2,1,0.0,3,0,1,1,0
58,0,0,-2.65,-1.35,1,0,1,21.0,3,1,4,2,1,1,3,0,0.0,2,1,1,1,0
36,1,0,-1.44,-0.74,1,1,1,37.0,6,1,1,5,0,0,4,0,0.0,1,0,1,0,0
36,1,1,-0.41,-1.48,0,1,1,30.0,6,0,3,2,0,1,3,1,1.0,3,0,1,0,0
52,0,0,-1.52,-0.77,1,0,1,25.0,2,1,2,2,0,0,3,0,0.0,1,0,0,1,0
47,1,0,0.01,-3.61,0,1,2,23.0,3,1,3,4,1,1,5,0,1.0,2,0,1,0,1
29,1,0,-2.22,0.9,0,1,3,25.0,2,0,5,4,1,1,4,1,2.0,1,0,0,0,1
49,0,1,-2.97,,0,0,1,20.0,4,0,1,6,1,0,2,0,0.0,0,1,0,0,1
25,0,0,0.27,0.7,0,1,2,32.0,6,1,4,3,1,1,4,0,0.0,3,0,0,0,0
42,0,0,0.35,-0.66,0,1,2,24.0,2,0,4,6,1,1,3,0,1.0,1,1,0,0,0
35,0,0,1.99,-0.21,0,1,2,31.0,3,1,5,8,0,1,3,1,1.0,1,0,1,0,0
31,0,1,-0.29,1.53,1,1,2,32.0,7,1,3,7,0,0,5,1,0.0,1,0,1,0,1
46,0,1,0.45,-0.33,1,1,2,35.0,0,0,4,2,0,0,3,1,1.0,1,0,1,1,0
29,1,0,-1.48,-1.59,0,1,2,31.0,4,0,4,3,1,1,3,0,2.0,2,0,1,0,0
36,0,0,-0.91,-0.6,0,1,0,36.0,6,0,3,3,1,1,3,0,0.0,1,0,0,1,0
29,0,0,-2.93,-1.5,0,1,0,37.0,1,1,1,9,0,1,0,0,0.0,2,1,1,0,0
28,1,0,0.72,0.83,0,1,1,31.0,0,0,4,6,1,0,3,0,0.0,2,0,1,0,0
37,0,0,-1.15,0.37,0,0,2,31.0,1,1,2,4,0,0,5,1,0.0,3,0,0,0,1
46,0,0,-0.78,-0.56,0,1,0,26.0,7,1,1,3,0,0,3,1,0.0,1,0,1,0,1
48,1,0,-2.87,0.75,1,1,3,23.0,0,0,4,4,0,0,6,1,2.0,2,0,0,1,0
57,1,0,-4.24,0.34,0,1,0,37.0,1,1,1,3,0,0,1,0,0.0,1,1,0,0,1
35,0,0,1.65,-0.3,0,1,2,33.0,0,0,4,5,1,0,5,0,1.0,2,0,1,0,0
36,0,0,3.82,0.3,0,1,2,33.0,1,0,5,5,1,1,4,1,2.0,3,0,0,0,0
54,1,0,0.18,-0.26,0,1,3,25.0,5,0,4,3,1,1,4,0,2.0,2,0,1,1,0
30,1,0,0.96,-0.84,0,1,2,39.0,2,1,2,7,0,0,3,0,1.0,2,0,0,0,0
45,0,1,-2.32,-2.73,1,1,1,28.0,5,1,2,6,1,0,2,1,0.0,3,0,1,0,1
50,1,0,-2.85,-0.55,0,1,2,24.0,5,1,1,5,0,0,4,0,0.0,2,1,1,0,1
40,1,0,0.93,-0.2,0,1,1,26.0,6,1,2,3,0,0,2,0,0.0,3,1,0,0,0
54,0,1,-0.66,-1.34,0,1,3,38.0,0,0,5,2,1,1,5,1,1.0,2,0,1,1,0
35,0,0,,0.65,0,0,2,22.0,6,0,2,2,1,1,2,0,0.0,2,0,0,0,0
27,0,0,1.31,-0.34,1,1,2,24.0,5,1,3,10,1,0,4,0,0.0,2,1,1,0,1
28,0,0,-1.15,0.31,0,1,1,46.0,1,1,3,9,1,0,3,0,0.0,2,0,0,0,1
43,0,0,-2.32,0.08,0,1,1,35.0,6,1,2,8,1,0,2,0,0.0,1,0,1,0,0
43,0,0,-1.75,-0.07,1,1,2,25.0,6,0,5,3,1,1,3,1,1.0,2,0,0,0,0
42,0,0,-0.97,,0,1,1,,2,1,2,3,0,1,2,1,0.0,3,1,1,0,0
37,1,0,0.03,-0.91,1,1,1,19.0,7,1,2,3,0,0,4,0,0.0,1,0,0,0,0
40,0,0,-1.67,-2.58,0,0,0,30.0,4,1,1,6,0,0,0,0,0.0,1,1,0,0,1
58,1,0,-1.32,,1,1,1,33.0,5,1,1,4,0,1,2,0,0.0,2,0,0,0,0
41,0,0,-1.27,,1,1,2,38.0,7,1,4,3,1,1,3,1,2.0,2,0,0,1,0
50,1,0,-1.78,-1.25,0,1,1,18.0,3,1,1,5,0,0,1,0,0.0,2,1,0,1,0
54,0,0,0.69,0.36,0,1,0,21.0,6,1,2,11,1,0,4,0,0.0,0,1,1,0,0
28,0,0,,,1,1,0,28.0,3,1,2,5,1,0,2,0,0.0,2,1,1,0,1
32,1,0,-1.86,0.4,1,0,1,46.0,6,0,2,4,1,1,3,0,0.0,1,0,1,0,1
44,0,1,0.05,,0,1,0,34.0,5,1,1,6,0,1,2,0,0.0,3,0,0,0,1
50,0,0,-1.29,-0.86,0,1,1,31.0,1,1,2,7,1,0,4,1,0.0,0,1,1,0,0
55,0,0,-0.43,-1.63,0,1,3,22.0,3,1,4,7,0,1,5,1,1.0,1,0,0,1,0
50,1,0,-0.83,,0,1,1,16.0,3,0,4,6,1,0,4,1,1.0,0,0,1,0,0
57,0,0,-1.89,0.13,1,1,3,29.0,0,0,5,3,0,1,6,1,2.0,2,0,1,0,0
59,1,1,-1.0,-1.53,0,1,3,28.0,0,0,5,2,1,1,3,1,2.0,3,0,1,1,0
57,1,0,,,1,1,2,27.0,3,1,3,5,1,1,1,0,1.0,3,0,1,1,0
46,1,0,-0.51,,0,0,3,27.0,0,0,5,4,1,1,5,0,2.0,2,0,0,1,1
53,1,0,0.74,-0.12,0,1,2,25.0,1,0,4,5,1,1,3,0,1.0,2,0,1,1,0
58,0,0,-1.61,2.52,0,1,3,23.0,6,1,3,4,0,1,3,1,2.0,2,0,1,0,0
33,0,1,-1.31,,0,1,0,37.0,6,1,2,10,0,0,2,0,0.0,1,1,0,0,0
44,1,0,-0.77,-0.16,0,1,2,24.0,6,1,5,7,0,1,3,0,1.0,2,0,1,0,0
46,0,0,0.09,-1.11,0,1,1,27.0,3,1,2,7,0,0,3,0,0.0,3,0,0,0,0
37,1,0,0.4,-1.43,0,0,0,29.0,7,1,1,6,0,1,3,0,0.0,2,1,0,0,0
49,0,0,0.64,0.02,0,1,1,33.0,5,1,3,5,1,0,3,0,,3,0,0,0,0
49,0,0,-0.75,-0.69,0,1,2,24.0,1,1,2,7,1,0,3,0,0.0,3,0,1,0,1
54,0,0,-0.44,-0.37,0,1,2,35.0,1,1,4,2,0,0,4,0,1.0,1,0,1,1,0
32,1,1,-1.08,0.06,0,1,3,26.0,6,1,3,2,1,0,4,1,1.0,2,1,0,0,0
55,0,0,-1.7,-0.81,0,1,3,28.0,1,1,3,3,0,0,2,0,0.0,2,0,1,1,0
58,1,0,1.01,0.9,0,1,3,39.0,5,0,5,6,1,1,4,0,2.0,3,0,0,1,0
43,1,0,,,1,0,2,23.0,7,1,1,4,1,0,2,1,0.0,2,1,1,0,0
39,0,0,-0.48,-0.55,0,1,3,33.0,0,0,5,2,1,1,4,1,2.0,2,0,1,1,0
35,0,0,1.46,0.19,0,1,2,35.0,0,0,4,6,1,0,3,1,,3,0,0,0,0
50,0,0,-1.91,-2.25,1,1,3,31.0,7,0,5,3,1,1,3,0,2.0,3,0,0,1,0
42,0,0,-0.07,,0,1,2,28.0,5,1,3,5,1,1,3,0,1.0,3,0,1,1,0
46,1,0,0.25,0.25,0,1,2,42.0,1,0,3,4,1,1,4,1,,3,0,1,0,0
57,0,0,-1.65,-2.25,0,1,1,29.0,7,0,2,2,1,1,3,0,,1,0,1,1,0
49,0,0,-1.45,-1.89,0,0,3,30.0,6,1,4,4,0,1,5,1,1.0,2,0,0,1,0
42,0,0,-2.71,-0.43,0,1,1,,5,0,3,4,1,1,3,1,0.0,1,0,1,0,1
29,1,0,-1.9,-0.91,0,1,0,,5,1,1,6,0,0,1,0,0.0,1,0,0,0,0
29,1,0,-1.53,,0,1,2,35.0,2,1,3,4,0,1,4,1,0.0,3,1,1,0,0
50,0,0,-1.85,0.1,0,1,2,27.0,0,0,5,8,1,1,3,0,2.0,2,0,1,1,0
39,0,0,0.96,1.58,0,1,2,16.0,5,0,5,5,1,1,4,0,2.0,3,0,1,1,0
24,1,0,-1.99,-0.55,1,1,1,32.0,2,1,2,4,1,0,3,0,0.0,0,0,1,0,0
51,1,0,-0.25,0.5,0,1,1,23.0,6,1,3,11,0,0,2,0,1.0,1,0,1,1,0
50,1,0,,-0.58,0,1,2,33.0,6,1,3,2,1,0,4,1,1.0,2,0,0,0,0
59,0,0,0.43,0.44,0,1,2,29.0,0,0,5,2,1,1,5,1,2.0,2,0,0,1,0
33,1,0,-0.39,-0.52,1,1,2,,5,1,3,6,0,1,5,1,0.0,2,1,1,0,0
39,0,0,0.79,,0,0,2,23.0,2,1,4,6,0,1,5,0,1.0,3,1,0,0,0
46,1,0,-2.46,-0.72,0,1,2,26.0,6,1,3,2,0,0,5,1,0.0,1,1,1,1,0
52,0,0,-2.09,0.11,1,1,1,27.0,2,1,1,5,0,1,2,0,0.0,1,1,1,0,0
31,1,0,-0.09,-1.35,0,1,0,20.0,5,1,2,6,1,0,3,1,0.0,2,1,0,0,0
33,0,0,-1.15,0.05,0,0,2,36.0,5,1,4,6,0,1,5,1,1.0,2,0,0,0,0
47,1,0,-1.66,0.05,1,1,1,19.0,3,1,1,4,0,0,4,0,0.0,0,0,1,0,0
37,0,0,-0.59,0.07,0,0,1,36.0,6,1,1,3,0,0,2,0,0.0,3,1,1,0,1
58,0,0,-0.9,0.71,0,1,1,32.0,6,1,4,3,1,1,3,1,2.0,3,1,0,0,0
34,0,0,-0.21,2.08,1,1,1,28.0,5,1,5,3,1,1,4,0,1.0,2,0,0,0,0
25,1,1,-1.63,-1.46,1,1,1,31.0,6,0,2,4,0,0,3,0,1.0,1,1,1,0,1
48,0,0,-0.64,-0.41,0,1,3,31.0,7,0,4,2,1,1,6,0,2.0,1,0,1,0,0
51,0,0,-2.58,-0.25,1,0,1,27.0,3,1,2,7,0,0,1,0,0.0,2,1,1,1,0
57,0,1,-2.03,-0.7,0,0,1,31.0,5,1,2,6,0,0,2,0,0.0,1,0,1,1,0
33,0,0,0.29,1.22,1,1,1,33.0,0,0,5,2,0,1,3,1,1.0,1,0,1,0,0
53,0,0,-1.36,1.05,1,0,1,23.0,6,0,2,5,1,0,4,1,0.0,1,0,1,1,1
58,0,0,-0.43,2.05,0,1,1,31.0,5,0,2,7,1,0,4,0,1.0,0,1,0,1,0
45,1,0,-1.22,-0.33,0,1,2,15.0,3,1,2,3,0,0,2,1,0.0,1,0,0,1,0
33,0,0,0.3,-1.18,0,1,3,17.0,0,0,4,4,1,0,4,0,1.0,3,0,1,0,0
43,1,0,-2.07,-0.5,0,1,0,32.0,6,1,1,6,0,1,2,0,0.0,2,0,1,0,1
47,1,0,-1.6,-1.0,0,1,3,26.0,3,1,4,6,1,0,3,0,2.0,0,1,1,0,0
54,0,0,0.15,0.64,0,1,2,24.0,6,1,2,3,0,0,5,0,0.0,3,0,0,0,0
41,0,0,-1.82,0.73,0,0,1,29.0,1,0,4,3,1,0,5,0,0.0,3,0,0,1,0
57,1,0,-1.42,0.66,0,0,2,27.0,7,1,3,5,1,0,2,0,0.0,2,0,0,0,0
35,1,0,-0.61,1.98,0,1,2,23.0,1,1,3,5,0,1,2,1,0.0,3,1,0,0,0
52,1,0,-2.48,-0.01,0,1,2,19.0,1,1,4,7,1,1,5,0,,3,0,1,1,0
49,1,0,-1.8,-0.83,0,1,0,17.0,6,0,2,3,0,0,2,0,0.0,3,0,0,1,0
47,0,0,-1.97,-0.31,0,1,1,33.0,7,1,1,7,1,0,2,0,0.0,2,0,0,1,0
47,0,0,,-1.0,0,1,2,,1,0,4,5,1,0,4,0,1.0,1,0,0,1,0
52,0,0,-1.49,-1.56,1,1,1,35.0,4,1,1,4,0,0,3,0,0.0,3,0,1,0,0
27,0,0,-1.91,-0.25,1,1,0,26.0,6,1,1,2,1,0,3,1,0.0,1,0,1,0,0
41,0,0,-1.57,,1,1,0,31.0,6,1,1,4,0,0,0,0,0.0,0,1,1,0,1
58,0,0,0.9,,0,1,1,28.0,3,1,3,9,0,1,2,0,0.0,1,0,0,1,0
39,1,0,2.07,-1.42,0,1,2,29.0,5,0,3,8,0,1,5,1,0.0,2,0,1,0,1
28,1,1,-1.14,0.45,0,1,1,30.0,6,1,1,5,0,0,6,0,0.0,1,0,0,0,1
58,0,0,-0.78,-0.9,1,1,2,26.0,6,1,4,4,1,1,4,0,1.0,2,0,0,1,0
51,0,0,-2.41,-0.12,1,0,0,22.0,6,1,1,9,0,0,2,0,0.0,2,1,1,0,1
43,0,0,-1.26,1.12,1,1,2,34.0,5,1,4,5,1,1,4,1,0.0,2,0,0,0,0
58,0,0,-1.05,0.7,1,1,1,39.0,1,1,3,9,1,0,1,1,0.0,2,0,0,1,0
44,0,1,0.02,0.49,0,1,1,39.0,7,1,3,8,0,0,4,0,0.0,1,0,1,0,1
54,1,0,-2.03,0.9,0,1,2,26.0,6,1,2,7,0,0,3,0,0.0,1,0,0,1,0
28,1,1,-1.46,-0.03,0,0,0,25.0,6,1,1,3,0,0,2,0,0.0,2,1,0,0,1
39,1,0,-1.38,-1.21,1,1,1,,0,0,3,4,1,1,2,0,0.0,1,0,0,1,0
42,1,0,0.33,2.36,0,1,1,28.0,1,1,3,3,1,0,3,1,1.0,2,0,1,0,0
43,0,0,-1.06,0.34,0,1,2,29.0,6,1,3,5,0,0,3,0,1.0,0,0,0,0,0
37,0,0,-1.72,0.29,0,1,2,23.0,0,0,2,2,0,1,3,0,0.0,0,0,1,1,0
25,0,1,-2.3,-0.01,0,1,1,20.0,7,1,2,2,0,0,2,0,0.0,2,1,0,0,1
34,1,1,0.27,-1.97,0,1,1,29.0,3,1,1,4,1,0,4,0,0.0,2,0,0,0,0
53,1,0,-0.54,-0.98,0,1,3,15.0,6,1,3,3,1,0,4,0,1.0,3,0,0,0,0
58,1,0,0.84,1.62,0,0,2,28.0,6,0,4,7,0,1,4,1,2.0,3,1,0,1,0
26,1,0,0.35,,1,1,3,23.0,3,0,5,3,1,1,3,0,2.0,3,0,1,0,0
57,0,0,0.65,-0.06,0,1,3,34.0,3,0,5,3,1,1,6,1,2.0,3,1,0,1,0
59,1,0,-1.37,0.17,1,1,0,35.0,5,1,3,2,0,1,2,0,0.0,2,0,1,0,0
59,0,0,-0.55,-0.37,0,1,2,35.0,5,1,4,2,0,1,5,1,0.0,2,0,1,1,0
33,1,0,-2.38,1.84,0,1,0,27.0,3,1,2,2,0,0,4,0,0.0,3,0,1,0,0
36,0,0,-1.36,-1.48,1,1,2,22.0,5,1,5,8,1,1,5,1,1.0,2,0,1,0,0
30,1,1,-1.85,-0.99,1,1,2,24.0,7,1,1,8,1,0,4,0,0.0,1,1,0,0,0
47,1,0,-1.77,-0.54,0,0,0,31.0,4,1,1,7,0,1,2,1,0.0,3,0,1,0,1
29,0,0,-0.22,0.45,0,1,3,19.0,1,0,5,2,1,1,3,0,1.0,2,0,1,0,0
35,1,0,0.32,0.08,0,1,1,37.0,3,1,4,7,1,0,3,0,0.0,2,0,0,0,0
44,0,0,1.34,0.17,0,1,1,27.0,3,1,3,5,0,0,5,0,1.0,2,0,1,0,0
40,1,0,-1.41,,0,1,3,32.0,1,1,4,3,1,1,4,0,2.0,3,0,1,0,0
38,0,0,-0.8,-0.6,1,0,1,18.0,1,1,1,3,1,0,1,1,0.0,1,0,1,0,0
33,0,0,-0.73,-0.99,0,1,3,23.0,6,1,5,3,1,1,5,0,2.0,2,0,0,0,0
32,1,1,-3.42,0.22,0,1,1,18.0,3,1,2,5,1,1,2,0,0.0,2,0,0,0,0
45,0,0,2.29,-1.73,0,1,2,35.0,7,1,4,5,1,1,2,0,2.0,2,0,0,0,0
30,0,0,-1.32,-1.63,1,0,1,28.0,2,0,1,6,0,0,4,0,0.0,2,0,0,0,1
34,0,0,-0.49,0.94,0,1,3,32.0,0,0,5,6,1,1,5,1,2.0,2,0,0,0,0
26,0,0,,-0.69,0,0,2,29.0,6,0,3,2,1,0,3,1,0.0,3,0,1,0,0
34,0,0,2.27,2.31,0,1,3,32.0,6,1,3,5,0,1,5,1,1.0,2,0,1,0,0
34,1,0,-0.07,-0.49,1,1,2,27.0,2,0,4,2,1,1,3,0,2.0,2,1,0,0,0
39,0,0,2.49,-0.48,0,1,2,28.0,1,1,4,8,1,0,4,0,2.0,3,0,0,1,0
33,0,0,-0.81,1.22,0,1,1,28.0,1,0,3,4,1,0,3,0,0.0,2,1,0,0,1
24,0,1,-0.19,0.8,0,1,2,31.0,5,1,2,5,0,1,2,0,0.0,3,0,1,0,0
36,0,0,-2.16,-1.06,1,1,1,32.0,4,1,1,8,0,0,2,0,0.0,2,0,0,0,0
56,0,0,-1.86,-0.19,0,0,0,46.0,2,1,3,5,1,0,2,0,0.0,2,0,1,0,0
44,0,0,0.01,1.06,0,1,1,39.0,0,0,5,5,1,0,4,1,2.0,1,1,1,0,0
31,1,0,0.15,-0.66,0,0,0,18.0,4,1,1,4,0,0,2,0,0.0,1,0,1,0,1
57,0,0,-1.8,-0.59,0,1,1,28.0,7,1,1,4,0,0,2,0,1.0,2,1,1,0,0
46,0,0,,-0.28,0,1,2,27.0,6,1,3,2,1,0,5,1,0.0,3,0,0,1,0
48,1,0,0.25,1.43,0,1,2,37.0,4,1,5,11,1,0,3,0,1.0,3,0,1,1,0
26,1,1,,-0.25,0,1,2,27.0,1,1,5,5,1,1,5,1,2.0,2,0,0,0,0
33,1,1,-0.73,-0.58,0,1,2,32.0,2,1,1,8,1,0,3,0,0.0,1,1,1,0,0
37,1,0,-1.16,-0.06,1,1,3,15.0,2,0,4,4,1,1,5,0,2.0,1,0,1,1,0
48,0,0,0.79,0.04,0,1,2,,6,1,4,5,1,1,5,0,0.0,1,0,0,1,0
25,0,0,-0.5,-0.76,0,1,3,42.0,6,0,4,2,1,1,6,0,2.0,1,1,0,0,0
32,0,1,-0.79,1.42,0,1,0,29.0,7,1,2,4,0,0,4,0,0.0,0,0,1,0,1
59,0,0,-0.73,-0.55,0,1,1,23.0,7,1,2,4,1,1,3,0,0.0,3,0,0,0,0
34,0,0,-0.5,0.4,0,1,2,30.0,7,1,3,10,1,1,5,0,0.0,1,0,1,0,1
55,0,1,-5.59,1.39,0,1,1,23.0,7,1,1,5,0,0,1,0,0.0,2,1,1,0,0
30,0,0,-0.96,-0.27,0,1,1,,0,0,5,4,1,1,5,0,2.0,2,0,0,0,0
54,1,0,-1.9,0.31,0,1,1,20.0,1,1,3,8,1,0,3,1,1.0,2,1,1,0,0
38,0,0,-0.34,-1.4,0,1,1,24.0,2,0,2,2,0,0,3,1,0.0,2,0,1,0,0
31,0,0,-0.65,-0.79,1,1,2,27.0,5,1,4,5,1,1,3,1,1.0,2,1,1,0,0
47,0,0,-2.74,,0,1,2,36.0,0,0,2,4,1,0,3,0,0.0,0,1,1,0,1
44,1,1,-0.45,-0.48,1,1,2,32.0,6,0,3,4,0,0,2,0,2.0,0,0,1,0,0
28,0,0,-1.16,0.59,0,0,1,33.0,5,1,2,4,0,0,2,0,0.0,3,1,1,0,1
55,0,0,-0.08,-0.44,0,1,3,29.0,5,1,5,5,1,0,3,1,2.0,2,1,1,1,0
51,0,0,-0.44,-0.42,1,1,1,34.0,1,1,2,4,0,0,3,1,0.0,2,0,1,1,0
37,1,0,-0.9,-0.87,1,1,1,24.0,2,0,1,5,0,0,2,1,0.0,1,0,1,0,0
56,0,0,,0.95,0,1,2,25.0,1,1,2,5,0,1,2,1,0.0,2,0,0,1,0
25,0,0,0.45,-0.28,0,1,2,31.0,6,1,3,5,0,1,2,0,1.0,2,0,1,0,0
58,1,0,-0.3,-0.65,1,1,2,27.0,5,1,4,4,0,1,6,1,2.0,3,0,1,1,0
39,1,0,0.37,-0.79,0,1,3,29.0,6,1,5,5,1,1,4,0,2.0,3,0,0,1,0
52,1,0,-0.26,-1.01,0,1,3,28.0,2,0,5,5,0,1,5,1,2.0,2,0,1,1,0
56,0,0,-0.79,0.69,0,1,3,37.0,3,0,4,4,0,1,3,1,2.0,2,1,0,0,0
54,1,0,-0.02,-0.32,1,1,2,37.0,3,1,1,7,0,0,3,0,0.0,2,1,1,0,0
28,0,0,1.85,3.02,0,1,3,25.0,6,0,5,2,1,1,5,0,2.0,2,0,0,0,0
38,1,0,,-0.63,0,0,1,18.0,6,0,3,3,1,1,6,0,1.0,2,0,1,0,0
27,0,1,-0.69,,0,1,2,25.0,1,1,2,5,1,0,4,0,0.0,2,0,0,0,1
32,0,0,-2.01,-0.38,0,1,1,24.0,7,1,2,6,0,1,3,0,1.0,0,1,1,0,0
45,0,0,-0.45,2.02,0,1,1,34.0,1,1,1,7,0,0,2,1,0.0,2,0,0,0,0
49,1,0,-1.88,0.18,0,1,2,35.0,7,1,2,2,1,1,0,0,0.0,1,0,1,1,0
32,1,0,-0.66,-0.17,1,1,0,23.0,1,1,3,5,0,1,5,0,0.0,1,1,1,0,0
26,0,0,0.28,-0.54,0,1,3,,2,1,4,3,1,1,4,1,2.0,3,0,1,0,0
37,1,0,,-0.42,0,1,3,20.0,6,0,3,2,1,1,4,0,2.0,1,0,0,1,0
45,1,0,-3.18,1.03,0,1,2,30.0,1,0,2,4,0,0,4,1,0.0,1,1,0,0,0
38,0,0,0.66,-1.09,0,1,1,29.0,3,1,1,7,0,0,2,1,0.0,3,0,0,0,1
58,0,0,0.65,-0.07,0,1,1,34.0,3,1,3,2,1,1,2,0,0.0,3,0,1,1,0
49,1,0,0.01,0.05,0,1,2,32.0,2,1,3,6,0,1,4,0,2.0,2,0,1,0,0
47,1,1,-1.67,-0.17,1,1,2,33.0,6,1,2,4,0,0,1,0,0.0,2,0,1,0,0
25,0,0,0.41,,0,0,2,,6,1,2,4,1,1,3,1,0.0,1,0,1,0,0
57,0,1,1.07,-1.55,0,1,2,25.0,6,1,3,4,0,0,3,0,1.0,2,0,1,1,0
47,0,0,-0.31,0.28,1,0,3,35.0,3,1,5,2,1,1,3,0,2.0,3,0,1,1,0
59,1,0,,-0.53,0,0,1,26.0,5,1,1,6,1,0,4,0,0.0,0,0,1,1,0
41,0,0,0.54,1.13,0,0,2,19.0,2,1,3,3,0,0,3,0,1.0,2,0,0,0,1
48,0,0,0.91,-0.19,0,1,1,34.0,2,1,4,4,1,0,4,0,1.0,2,1,1,1,0
42,1,0,0.31,-0.15,1,1,2,26.0,1,0,3,2,1,0,3,0,2.0,2,0,0,1,0
55,1,0,-0.79,-0.02,1,0,2,35.0,7,1,2,6,0,1,3,0,0.0,1,1,0,1,0
49,1,1,-2.82,0.3,0,1,1,29.0,6,1,2,4,0,0,1,0,0.0,2,0,1,0,1
38,0,0,-1.59,-2.06,0,1,2,27.0,6,1,1,8,0,0,3,0,0.0,2,1,0,0,0
47,1,0,0.05,0.21,0,0,1,37.0,5,1,3,4,1,0,4,1,0.0,2,0,0,0,0
27,1,0,-1.56,,0,0,0,21.0,4,1,1,5,0,1,1,0,0.0,1,1,0,0,1
48,0,0,-2.93,-0.47,0,1,1,38.0,5,1,3,4,0,0,2,0,0.0,0,0,1,0,0
40,0,0,-1.71,0.38,0,1,2,25.0,5,1,1,8,1,0,1,1,0.0,1,1,0,1,0
34,1,0,,1.89,0,1,2,30.0,3,1,2,5,1,0,4,1,0.0,2,0,1,0,1
54,0,0,0.14,-0.93,0,1,2,30.0,1,1,5,6,1,1,6,1,1.0,3,0,0,1,0
54,0,0,0.99,-0.77,0,1,3,26.0,1,1,5,3,0,1,5,0,2.0,1,0,0,1,0
26,1,0,0.03,-1.7,0,1,3,24.0,7,1,4,7,0,1,6,0,2.0,1,0,0,0,0
46,1,0,-3.04,-1.58,0,1,0,27.0,4,1,1,6,1,0,2,0,,1,1,0,0,0
25,0,0,-1.03,2.19,1,1,2,23.0,7,1,3,5,0,1,3,1,,1,0,0,0,0
40,0,0,-2.01,-1.77,1,1,2,41.0,1,1,2,5,0,0,4,1,0.0,0,0,0,1,0
58,0,0,-0.9,-3.21,0,1,1,26.0,5,1,3,5,0,0,3,0,0.0,2,0,0,0,0
42,1,0,-0.08,0.7,0,0,1,36.0,1,1,2,4,0,1,2,0,0.0,2,0,1,0,1
28,0,1,-1.41,0.6,0,1,2,35.0,2,0,1,6,0,0,4,0,1.0,1,0,1,0,0
32,1,0,-0.33,0.03,1,0,2,31.0,0,0,4,3,1,1,3,1,0.0,1,0,1,0,0
25,1,0,,0.11,1,1,3,28.0,1,1,4,6,1,0,4,1,2.0,3,0,0,0,0
52,0,0,-1.61,0.69,1,1,2,30.0,7,1,3,5,1,0,5,1,0.0,1,1,0,1,0
56,1,0,,0.71,1,1,1,32.0,3,1,3,7,0,0,4,1,0.0,1,0,1,1,0
34,0,0,-0.92,-1.12,1,1,2,30.0,5,1,3,2,1,1,4,0,0.0,3,0,0,0,0
33,0,0,2.31,-1.95,0,1,2,20.0,4,0,3,2,0,0,3,0,1.0,1,0,1,0,0
44,0,0,,-0.95,0,1,3,18.0,3,0,5,5,1,1,5,1,0.0,2,1,0,1,0
52,1,1,-3.15,-0.87,1,0,2,38.0,5,0,3,4,1,1,3,0,0.0,2,0,0,0,0
57,0,0,-0.87,0.62,1,1,3,15.0,1,1,3,6,0,1,2,0,0.0,2,0,0,0,0
58,1,0,-1.6,1.12,0,1,2,30.0,7,1,5,5,1,1,2,1,1.0,2,0,0,0,0
43,1,0,1.72,-0.44,0,1,1,28.0,6,1,3,4,1,1,4,1,0.0,1,0,0,0,0
47,0,0,-1.62,0.1,0,1,2,30.0,6,1,2,9,1,0,4,0,0.0,1,0,1,0,0
25,1,1,-0.39,-0.95,0,1,0,22.0,4,1,1,5,0,1,4,0,0.0,2,1,1,0,0
26,1,0,0.51,-0.93,0,1,2,31.0,1,1,3,5,1,1,3,0,1.0,2,0,0,0,1
58,1,0,-2.3,-1.06,1,1,1,30.0,7,1,2,4,1,0,3,0,0.0,0,0,1,0,0
32,1,0,-2.34,-0.03,0,1,2,46.0,3,1,3,3,1,0,4,1,0.0,1,1,1,0,0
44,1,0,0.62,,1,0,1,30.0,0,0,4,6,1,1,5,0,2.0,3,1,1,1,0
34,0,0,-1.35,0.23,0,1,1,37.0,3,1,2,4,1,0,1,0,0.0,1,1,1,0,0
30,0,0,-1.32,-0.46,0,1,0,20.0,6,1,1,5,0,0,2,0,0.0,0,0,0,0,1
53,0,0,-0.33,1.37,0,1,1,35.0,5,0,4,6,1,1,4,1,0.0,2,0,1,0,0
41,1,0,-4.1,1.46,0,1,1,30.0,6,1,3,4,0,1,3,1,0.0,2,0,1,0,0
28,1,0,-1.2,-1.69,0,1,0,31.0,6,1,2,4,0,0,4,1,0.0,2,1,1,0,0
37,1,0,,-1.45,1,1,0,31.0,1,0,1,4,0,1,4,1,0.0,1,0,0,0,1
39,0,0,-2.62,,0,1,2,39.0,7,1,3,2,1,0,4,0,2.0,2,0,1,0,0
39,0,0,0.34,0.8,1,1,2,31.0,3,1,3,6,1,0,2,0,1.0,3,1,0,0,0
51,0,0,-1.59,-0.54,1,1,0,24.0,5,1,1,9,1,0,0,0,0.0,3,0,0,1,0
41,1,0,-1.32,0.12,0,1,3,25.0,0,0,5,7,1,1,4,0,2.0,1,0,0,0,0
46,0,0,-0.94,0.34,1,0,0,34.0,7,1,1,7,0,1,1,0,0.0,2,1,1,0,1
53,0,0,-0.25,-0.03,1,1,3,32.0,2,1,4,9,1,1,5,0,1.0,2,1,1,0,0
57,0,1,0.91,-0.58,0,1,2,20.0,0,0,5,4,1,1,4,0,1.0,2,1,1,1,0
32,1,0,-1.98,-1.96,0,1,0,32.0,4,0,1,6,0,0,1,0,0.0,2,1,0,0,1
46,0,0,1.32,-0.18,0,1,2,23.0,1,0,5,2,1,1,3,1,1.0,3,0,0,0,0
47,1,0,-0.27,0.78,0,1,3,32.0,1,0,4,7,0,1,5,0,2.0,2,0,0,1,0
48,0,0,-0.25,,1,0,1,24.0,5,0,3,6,1,1,0,1,0.0,2,1,1,1,0
49,0,0,-1.59,,1,1,1,27.0,3,1,1,2,0,0,3,1,0.0,0,1,1,0,1
27,0,1,-2.43,-2.11,1,1,2,26.0,7,1,2,8,1,0,3,0,0.0,2,0,0,0,0
59,0,0,0.12,0.74,1,1,1,38.0,3,1,2,3,0,0,2,0,0.0,1,1,1,0,1
50,0,0,-1.39,-1.93,0,0,0,31.0,6,1,1,7,1,0,3,1,0.0,3,0,1,1,0
35,1,0,-1.13,-2.31,1,1,1,37.0,4,1,3,5,1,1,3,1,0.0,2,1,1,0,0
38,1,0,0.91,0.81,0,1,3,46.0,6,0,4,4,1,1,5,1,2.0,1,0,1,0,0
31,1,1,,-0.75,1,1,1,29.0,5,0,3,8,1,1,5,0,1.0,0,1,1,0,1
46,0,0,-1.95,-2.68,0,0,0,38.0,4,1,1,2,0,0,5,0,0.0,1,0,1,0,0
57,0,0,1.66,0.51,1,1,3,25.0,7,1,4,11,0,0,4,0,1.0,3,1,1,1,0
38,0,1,-2.74,-0.15,1,1,0,37.0,3,1,1,5,0,0,2,0,0.0,1,1,1,0,1
58,1,0,-0.36,1.84,1,1,2,24.0,1,1,3,9,0,1,4,0,0.0,2,1,1,1,0
50,1,0,0.24,-1.33,1,1,1,29.0,6,0,3,2,1,1,4,0,1.0,1,0,0,1,0
52,0,0,-4.56,-1.09,0,0,2,32.0,6,0,3,3,0,1,4,1,1.0,3,1,0,1,0
26,1,0,-1.72,-0.85,0,1,2,33.0,0,0,3,6,0,0,5,1,2.0,2,1,0,0,0
37,1,1,-2.18,0.72,1,1,1,21.0,3,1,1,3,0,0,3,0,0.0,0,1,1,0,1
41,0,0,-0.81,-2.16,1,1,0,24.0,7,1,2,3,0,1,3,0,0.0,3,1,1,1,0
58,0,0,-0.75,-0.47,0,1,1,33.0,6,1,3,7,0,1,3,0,0.0,2,0,0,0,0
52,0,0,,-0.02,0,0,0,27.0,7,1,1,6,0,0,4,1,0.0,1,0,0,0,0
45,1,1,-1.92,0.98,0,1,1,21.0,5,1,2,3,1,0,3,0,0.0,0,1,0,1,0
54,0,0,-1.82,-0.83,0,1,3,29.0,6,0,5,2,1,1,5,1,2.0,3,1,1,1,0
31,0,0,-1.91,-0.0,0,0,1,28.0,2,1,1,3,0,1,2,0,0.0,2,0,1,0,0
29,1,0,-0.94,-0.68,0,1,1,30.0,7,0,4,2,0,1,3,0,0.0,1,0,1,0,0
53,1,0,-1.1,-1.53,0,0,0,32.0,3,1,1,4,0,1,3,1,1.0,3,0,1,0,1
52,1,0,,-0.33,0,1,0,32.0,6,0,2,4,1,1,5,0,0.0,2,0,1,0,0
41,1,0,-0.73,-0.42,0,1,1,24.0,3,1,3,4,0,0,5,1,0.0,1,0,1,0,0
35,0,0,-1.46,0.29,0,1,2,27.0,5,1,2,5,0,0,3,0,2.0,3,1,1,0,0
26,1,0,-0.97,1.67,0,1,0,35.0,6,1,1,7,0,0,1,1,0.0,2,1,1,0,1
29,1,1,-2.39,,0,1,2,26.0,5,1,4,12,0,1,5,0,1.0,0,1,1,0,1
52,1,0,-0.25,,0,1,2,27.0,7,0,5,5,0,1,4,0,2.0,2,0,1,1,0
46,0,0,-2.67,0.25,1,1,0,20.0,3,1,1,3,0,1,0,1,0.0,0,0,1,0,1
53,0,1,-2.17,-1.04,0,0,1,29.0,6,1,1,4,0,0,3,1,0.0,1,0,0,0,0
25,1,0,-0.53,0.65,1,1,1,31.0,3,1,3,8,0,0,2,1,0.0,3,0,1,0,1
54,0,0,-1.87,-0.88,0,1,2,17.0,3,1,2,10,0,1,5,0,0.0,3,1,1,0,1
43,0,0,-0.33,0.34,0,1,2,23.0,3,1,5,5,1,1,5,1,2.0,2,0,1,0,0
29,1,0,-0.81,-0.29,0,1,2,20.0,1,1,4,5,0,0,4,1,1.0,2,0,0,0,0
58,1,0,2.18,-0.25,0,1,2,34.0,0,0,5,4,1,1,5,0,2.0,3,0,1,1,0
36,0,0,-0.81,1.28,1,1,1,18.0,6,1,1,6,0,0,3,0,0.0,2,0,0,0,1
36,0,0,-0.05,-1.04,1,1,2,29.0,6,1,3,8,1,0,3,1,,2,1,1,1,1
52,0,0,-2.15,,1,1,0,33.0,6,0,2,8,1,0,2,0,0.0,2,0,1,1,0
40,1,0,-2.92,-0.42,0,1,3,30.0,0,0,5,4,1,0,5,1,2.0,2,0,0,0,0
51,1,0,-1.62,0.75,0,0,0,26.0,3,1,3,4,0,0,2,0,0.0,3,1,1,0,1
44,0,0,-2.65,-1.47,0,1,1,31.0,1,0,3,3,0,0,2,0,1.0,0,0,1,1,0
55,1,1,-0.43,-0.32,0,1,2,35.0,6,0,5,7,1,1,3,0,2.0,2,0,1,1,0
33,0,0,0.13,-0.91,0,1,2,28.0,6,0,5,3,1,1,5,1,2.0,2,0,1,0,0
43,1,0,-0.61,1.34,0,1,2,16.0,2,1,2,7,1,1,2,1,0.0,1,1,1,0,0
31,1,0,-0.13,1.3,0,0,3,36.0,6,0,5,4,1,0,6,0,2.0,3,0,0,0,0
35,1,0,-2.02,,0,1,1,31.0,1,1,2,2,0,1,1,1,0.0,1,1,1,0,1
59,1,0,-1.4,-1.22,0,1,1,29.0,2,0,4,5,1,0,3,0,1.0,2,0,0,1,0
38,1,0,-0.53,-0.67,0,1,1,17.0,1,0,2,4,1,0,2,0,0.0,1,0,0,0,0
49,0,0,1.14,0.58,0,1,0,27.0,2,1,2,7,0,0,2,0,0.0,2,1,0,1,1
34,0,0,-0.72,0.07,1,1,1,24.0,6,1,2,4,1,0,3,1,0.0,2,1,1,0,0
25,0,0,0.38,,0,1,3,22.0,7,1,5,9,1,0,3,0,2.0,2,0,1,0,0
47,0,0,0.81,0.84,0,0,0,28.0,1,1,1,4,0,0,3,0,0.0,1,0,0,0,1
31,1,0,-0.8,0.22,1,1,1,26.0,5,0,3,2,1,0,2,0,1.0,3,0,1,0,0
41,1,0,-1.49,-0.9,1,1,2,26.0,6,1,4,5,1,1,4,0,1.0,2,1,0,0,0
51,0,0,-0.27,-2.28,0,1,3,33.0,7,1,2,3,1,0,4,0,0.0,2,1,1,0,0
44,1,0,0.91,1.86,1,1,1,31.0,5,1,2,9,0,0,2,0,0.0,1,0,1,0,0
26,0,0,-0.33,-0.57,0,1,0,26.0,2,1,1,7,0,0,2,0,0.0,2,0,1,0,0
48,1,0,-1.12,-2.65,0,0,0,25.0,5,1,1,7,0,0,3,0,0.0,1,1,1,1,0
38,1,0,-3.41,0.03,0,1,1,26.0,3,1,1,6,0,0,3,0,0.0,1,1,1,0,1
32,1,0,-2.97,-1.95,0,1,1,28.0,7,1,1,2,0,1,1,0,0.0,0,0,1,0,0
48,1,0,-0.96,1.01,0,1,0,33.0,3,1,1,8,0,0,2,1,0.0,2,0,0,0,0
56,0,0,-1.01,1.11,0,1,2,23.0,6,1,3,4,1,0,4,1,0.0,1,0,0,0,0
32,0,0,-0.71,-0.34,0,1,2,38.0,0,0,3,7,1,0,3,0,1.0,3,0,1,0,0
25,1,1,-0.2,,0,1,2,33.0,3,1,2,2,0,0,1,0,0.0,1,1,0,0,1
54,0,0,-2.2,0.38,1,1,1,15.0,6,0,3,2,0,0,2,0,1.0,1,0,1,0,0
32,1,0,-1.69,1.03,0,1,1,30.0,5,1,2,4,0,0,2,0,0.0,2,0,1,0,1
34,0,0,0.41,-0.29,0,1,1,35.0,3,1,2,4,0,0,2,0,0.0,1,1,1,0,1
28,1,1,-2.76,-0.56,0,0,2,31.0,7,0,2,2,1,1,0,0,0.0,1,1,1,0,0
26,0,0,0.74,-0.85,0,1,2,27.0,6,1,3,9,0,0,5,0,0.0,2,0,0,0,0
38,1,0,0.03,-0.37,0,1,2,29.0,3,1,4,4,0,1,6,0,2.0,0,0,1,0,0
45,1,0,-0.52,,1,1,2,30.0,5,0,4,3,1,0,6,0,2.0,2,0,0,1,0
58,0,0,-1.17,-1.36,0,0,0,34.0,4,1,1,4,0,0,3,0,0.0,1,0,1,0,1
40,1,0,0.04,-0.99,0,1,2,21.0,5,0,4,3,0,1,4,1,2.0,3,0,0,0,0
53,0,0,-0.43,1.39,1,1,1,25.0,3,1,1,8,0,0,1,0,0.0,1,1,1,0,1
57,1,0,-2.72,-0.26,0,0,2,39.0,2,0,4,6,1,1,3,0,0.0,1,0,1,0,0
41,0,0,0.86,-0.63,1,1,2,29.0,7,0,3,5,0,0,3,1,2.0,1,0,1,0,0
43,0,0,-0.91,-0.07,1,0,1,38.0,7,1,1,4,0,0,3,0,0.0,1,0,1,0,0
38,0,0,0.72,0.14,1,1,2,47.0,6,0,3,6,0,1,4,0,1.0,2,1,0,0,0
51,1,1,-1.11,-0.24,1,1,0,26.0,7,1,2,3,0,0,1,1,0.0,1,1,0,1,1
25,0,0,1.98,,0,1,1,22.0,6,1,4,7,0,0,4,1,0.0,2,0,1,0,1
57,0,0,-1.35,-0.03,1,1,1,27.0,6,1,4,6,0,1,4,1,0.0,2,1,1,1,0
41,1,1,,-0.12,0,1,1,36.0,6,1,1,4,0,0,1,0,0.0,1,0,1,0,1
28,1,0,-2.33,-0.54,1,1,0,36.0,4,1,1,4,0,0,2,0,0.0,0,1,1,0,1
33,0,0,-0.71,-0.6,1,0,0,43.0,4,1,1,8,1,0,1,1,0.0,1,0,1,0,1
43,0,0,0.69,0.17,0,1,1,29.0,2,1,4,7,1,0,3,0,2.0,3,0,1,1,0
24,0,0,-0.73,-1.17,0,1,1,32.0,6,1,3,4,0,0,5,1,,3,1,1,0,0
52,1,0,-2.77,,0,1,1,25.0,2,0,4,7,1,1,4,0,1.0,2,0,0,1,0
54,0,0,-0.45,0.35,0,1,2,15.0,2,1,3,4,1,1,6,1,1.0,1,1,0,1,0
44,1,0,-1.14,0.66,0,1,2,29.0,5,0,3,6,1,0,4,0,1.0,2,0,1,1,0
50,0,0,1.03,0.67,1,1,3,22.0,3,0,5,5,1,1,5,1,2.0,1,1,1,0,0
27,0,0,,-0.14,0,0,2,33.0,1,0,4,5,1,1,4,1,2.0,2,0,0,0,0
57,0,0,-1.97,-1.26,1,1,0,18.0,6,1,1,5,1,1,1,0,0.0,0,1,1,1,0
38,0,0,-1.15,-0.24,0,1,2,25.0,6,0,4,3,1,1,3,0,2.0,1,0,0,0,0
40,1,0,-0.52,-0.9,0,1,2,31.0,1,0,5,8,1,1,3,1,2.0,1,0,1,1,0
33,1,0,-0.28,-1.54,0,1,2,31.0,0,0,4,2,1,1,3,0,1.0,2,0,1,0,0
41,1,0,0.28,2.07,0,1,2,29.0,3,1,4,5,1,1,4,1,1.0,2,1,0,0,0
24,0,0,-0.03,0.71,0,1,2,40.0,6,0,3,2,1,1,3,0,0.0,2,0,0,0,0
44,0,0,-2.51,-0.16,1,0,2,38.0,6,1,1,7,0,1,2,0,0.0,1,0,1,0,0
34,1,0,-1.38,0.05,0,1,2,25.0,1,1,4,6,1,1,4,1,1.0,3,0,0,0,0
55,1,1,-2.14,0.43,0,0,1,39.0,6,0,2,6,1,0,4,0,0.0,2,0,1,1,0
30,1,0,-0.63,-0.15,1,1,3,40.0,1,1,4,5,0,1,4,0,2.0,1,1,1,0,1
31,0,0,-1.38,,0,0,2,,3,0,4,4,1,1,3,1,0.0,3,0,1,0,1
47,0,1,-2.55,1.09,0,1,1,29.0,7,1,1,7,0,0,2,1,0.0,0,0,0,1,0
26,1,0,1.04,-1.03,0,1,3,29.0,1,1,3,5,1,1,2,1,0.0,2,0,1,0,0
47,0,0,-0.47,0.99,0,1,2,25.0,1,1,2,8,1,1,4,0,0.0,1,0,1,0,0
47,0,1,-2.52,-0.09,0,1,1,26.0,3,1,3,6,0,0,2,0,0.0,0,1,0,1,1
42,1,0,0.3,0.3,0,1,2,37.0,5,0,5,8,1,1,5,0,2.0,3,1,0,1,1
42,0,0,-1.29,-0.55,0,1,2,32.0,7,1,2,2,1,0,5,1,0.0,3,1,0,0,1
51,0,0,1.52,-1.27,1,1,2,26.0,7,1,3,5,1,1,3,0,1.0,0,0,1,1,0
45,0,0,-0.89,,0,1,2,23.0,0,0,5,3,1,0,4,0,1.0,1,0,0,1,0
52,1,0,-1.17,0.18,0,1,2,24.0,1,1,3,4,0,0,5,1,0.0,2,0,1,0,0
55,0,1,-1.07,-0.91,0,1,3,28.0,6,0,4,8,0,1,6,1,1.0,2,0,0,1,0
34,1,0,-2.46,,1,0,1,,2,1,1,4,0,0,2,0,0.0,2,0,1,0,1
56,0,0,-0.07,0.6,1,1,2,24.0,6,1,3,3,0,0,3,1,0.0,3,0,1,0,0
44,1,0,-0.92,0.21,0,1,1,34.0,6,1,2,4,0,1,0,0,1.0,1,1,1,0,0
37,0,0,,-1.58,0,0,1,30.0,1,1,1,6,0,1,2,0,0.0,2,1,0,0,1
53,1,0,-0.13,1.22,0,1,2,30.0,6,0,5,5,1,1,5,1,2.0,1,1,0,1,0
48,0,0,-0.02,1.23,0,1,3,35.0,1,0,4,3,0,0,4,1,2.0,2,0,1,0,0
49,1,0,0.75,-0.46,0,1,0,34.0,3,1,2,8,1,0,5,0,0.0,1,1,0,1,0
41,1,0,0.25,-1.75,0,1,2,21.0,5,1,4,4,1,1,4,0,1.0,1,1,1,0,0
25,1,1,-3.9,-1.68,0,1,0,22.0,5,1,1,4,0,0,2,1,0.0,0,0,1,0,1
44,0,0,-0.02,-0.6,0,1,2,28.0,6,1,4,5,1,0,3,0,0.0,3,0,1,1,0
51,1,1,-0.5,,0,0,0,31.0,6,1,1,5,0,1,3,0,0.0,1,1,1,0,1
53,1,0,-3.26,0.03,0,1,2,37.0,7,1,3,6,0,1,3,1,1.0,2,0,0,1,0
26,0,1,-2.81,-1.42,1,1,1,29.0,7,1,2,7,0,1,2,1,0.0,2,0,0,0,1
34,0,0,-0.28,1.27,0,1,1,39.0,5,0,2,4,1,0,3,0,0.0,1,0,0,0,0
49,1,0,0.96,,0,1,2,25.0,0,0,5,11,1,0,2,1,2.0,2,0,0,1,0
27,1,1,-0.31,0.85,0,1,3,26.0,6,1,5,8,1,0,5,0,1.0,2,0,1,0,0
55,0,0,-0.62,-0.51,0,1,0,27.0,7,1,2,5,1,0,2,0,0.0,1,0,1,1,0
48,0,0,0.83,-2.03,1,1,1,24.0,3,1,3,6,0,1,5,0,1.0,0,1,0,1,1
52,0,0,-1.78,-2.63,1,0,1,36.0,4,1,1,2,0,0,3,0,0.0,1,1,1,1,0
34,0,0,-1.24,-0.79,0,1,2,15.0,3,1,5,2,1,1,4,1,2.0,2,0,0,0,0
45,0,0,-1.48,0.04,0,0,1,26.0,0,0,1,2,1,0,4,0,0.0,2,1,1,0,0
34,0,0,-0.4,0.32,1,1,2,36.0,6,1,3,2,1,0,4,0,0.0,0,1,1,0,1
28,1,0,-0.98,1.59,1,1,0,27.0,3,1,1,6,0,0,2,0,0.0,2,1,1,0,1
28,1,1,-0.95,-0.29,0,1,0,35.0,6,0,1,7,0,0,2,0,0.0,1,1,0,0,1
30,1,0,1.17,-0.2,0,1,1,42.0,6,0,3,4,1,1,2,0,,2,0,1,0,1
58,0,0,0.05,-0.92,0,1,2,29.0,6,0,5,3,0,1,1,1,2.0,1,1,0,0,0
27,1,0,-2.48,0.65,0,1,2,36.0,3,1,1,5,0,0,2,1,1.0,1,0,0,0,1
54,1,0,-1.42,1.42,1,1,1,44.0,3,1,4,3,0,0,4,0,1.0,1,0,1,1,0
43,0,0,-0.37,-0.65,1,1,1,31.0,6,1,4,6,1,0,3,1,1.0,1,0,0,0,0
50,0,0,0.55,,0,1,0,29.0,6,1,2,8,1,0,2,1,0.0,1,1,1,0,0
47,1,1,,-0.36,0,0,2,34.0,4,0,3,5,1,1,4,0,1.0,3,0,0,1,0
43,1,0,-2.36,-1.07,1,1,0,36.0,7,0,1,2,0,0,1,1,0.0,1,1,1,0,1
57,0,0,-1.72,-1.96,1,0,1,29.0,1,1,2,5,0,0,2,0,0.0,1,0,1,1,0
25,0,1,-1.37,0.12,0,1,1,26.0,6,1,4,4,1,0,1,0,1.0,2,0,0,0,1
42,1,0,-0.07,0.63,0,1,2,39.0,0,0,5,2,1,1,4,0,2.0,2,0,0,1,0
58,0,0,-0.54,-0.96,0,1,3,27.0,1,1,4,4,1,0,4,0,0.0,2,0,0,0,0
45,0,0,-1.61,-0.12,0,1,2,36.0,5,1,3,8,1,1,4,1,1.0,1,0,0,0,0
31,1,1,-1.53,2.12,0,1,2,31.0,0,0,5,4,0,1,4,0,2.0,2,0,1,0,0
32,1,0,-0.62,1.08,0,1,1,40.0,0,0,4,4,1,1,4,1,1.0,3,0,0,0,0
49,0,0,0.08,0.56,0,1,2,24.0,0,0,5,3,1,1,4,1,2.0,2,0,1,1,0
46,0,0,-1.5,-0.56,1,1,2,24.0,3,0,4,4,1,1,5,0,2.0,2,0,1,0,0
43,0,0,0.21,0.69,0,1,2,34.0,6,1,5,6,1,1,3,0,1.0,2,0,1,0,0
25,0,0,1.49,-1.74,1,1,2,22.0,0,0,3,8,1,1,5,0,1.0,1,0,1,0,1
34,1,0,-0.36,-0.2,0,1,2,30.0,6,1,3,2,0,1,3,0,1.0,3,1,0,0,0
39,1,0,-0.66,-0.71,0,1,1,38.0,6,1,2,6,0,0,1,0,0.0,2,0,1,0,1
40,1,0,-2.18,0.65,1,1,2,18.0,1,1,3,7,1,1,2,1,0.0,2,0,1,0,0
45,0,0,0.69,-2.12,1,1,2,31.0,1,1,5,6,1,1,3,1,2.0,1,0,0,1,1
44,0,0,-0.9,2.49,1,1,3,36.0,6,0,4,3,1,1,4,0,2.0,2,0,1,1,0
40,0,0,1.0,-0.47,1,0,3,29.0,6,1,4,6,1,0,4,1,1.0,0,0,1,0,0
49,1,0,0.73,1.35,0,1,0,23.0,5,1,1,2,0,0,2,0,0.0,2,0,1,1,0
47,0,0,-1.97,0.46,0,1,1,27.0,6,1,1,7,0,1,6,0,1.0,1,0,0,0,1
50,0,0,-0.75,0.38,0,1,3,24.0,0,0,5,3,1,1,6,1,1.0,2,0,1,1,0
35,0,0,-0.36,0.06,1,1,1,29.0,3,1,2,3,1,0,1,1,0.0,2,0,0,0,1
25,1,0,-2.43,-0.11,1,1,1,27.0,6,1,2,4,0,0,3,0,0.0,1,0,1,0,1
59,0,0,-1.23,-0.75,1,0,0,26.0,2,1,1,6,1,0,2,0,0.0,3,1,0,1,0
55,0,0,-0.71,,1,1,2,32.0,6,1,4,7,1,1,5,1,1.0,3,0,1,0,0
33,1,0,-1.06,-0.38,0,0,1,38.0,5,1,2,3,0,1,2,0,0.0,2,0,0,0,0
49,1,1,-2.98,0.61,0,1,2,31.0,6,0,5,5,1,1,4,0,2.0,2,1,0,1,0
35,0,0,-0.61,-0.45,0,1,1,37.0,4,1,1,10,0,0,2,0,0.0,1,0,0,0,0
52,1,0,2.52,-0.34,0,1,1,38.0,3,0,5,3,1,1,5,0,2.0,2,0,0,0,0
29,1,0,-1.01,-0.52,0,0,1,25.0,1,1,4,7,1,1,5,1,1.0,2,0,1,0,0
36,0,0,-2.26,0.17,0,1,2,31.0,1,0,3,3,0,0,4,0,0.0,2,0,0,0,1
43,1,0,0.32,0.32,0,1,2,26.0,6,1,3,7,1,0,4,1,0.0,1,0,0,0,0
48,0,0,-1.16,-0.43,0,1,2,20.0,1,1,5,7,0,1,4,0,1.0,1,0,0,0,0
34,1,0,0.03,-0.95,1,1,3,31.0,0,0,5,4,1,0,2,1,2.0,2,0,1,0,0
46,0,0,-1.05,0.23,0,1,3,23.0,1,1,4,4,1,1,6,1,1.0,2,1,0,0,0
38,0,0,-2.02,0.33,0,1,2,32.0,1,1,4,7,1,0,5,1,1.0,2,0,0,0,0
36,1,0,-0.17,0.1,0,1,1,20.0,6,0,4,4,0,1,3,0,0.0,2,0,1,1,0
53,1,0,-1.39,-0.19,0,1,2,30.0,3,1,3,9,1,0,4,1,0.0,2,0,1,0,0
30,0,0,-2.29,0.69,0,1,3,20.0,7,1,3,6,0,0,5,1,0.0,2,0,1,0,0
50,1,0,,-0.91,0,1,2,33.0,1,0,5,8,1,1,5,1,1.0,3,1,1,0,0
44,0,0,2.11,,0,1,1,27.0,6,1,1,3,0,0,2,0,0.0,2,1,0,1,1
48,0,0,0.94,-0.59,0,1,3,26.0,3,0,4,2,1,1,4,1,2.0,2,1,0,0,0
51,0,0,-0.42,-0.14,0,1,2,36.0,3,0,4,4,1,0,4,0,2.0,1,0,0,1,0
53,0,0,2.59,-0.74,1,0,0,27.0,6,0,3,4,1,0,3,0,0.0,3,1,0,1,0
36,1,0,-2.03,-0.55,0,1,3,30.0,7,0,5,7,1,1,6,1,2.0,3,0,1,0,0
38,0,0,-0.68,0.65,0,0,0,28.0,6,1,1,6,0,0,1,1,0.0,2,1,1,0,1
55,0,1,0.27,-0.34,1,1,0,32.0,1,1,1,5,0,0,5,1,0.0,2,0,1,0,1
42,1,0,-1.48,0.86,1,0,1,35.0,2,0,5,4,1,1,5,0,2.0,2,1,1,1,0
55,0,0,-0.47,,0,1,2,34.0,6,0,2,2,0,0,3,0,1.0,2,0,1,0,0
59,1,0,-2.06,-0.97,0,0,0,26.0,2,1,1,6,0,0,0,0,0.0,0,1,0,0,1
51,0,1,-1.27,1.09,0,1,2,36.0,6,1,4,4,0,1,3,1,0.0,3,1,1,1,1
53,1,0,-0.13,,1,1,2,24.0,5,1,3,4,1,1,5,1,1.0,1,0,1,1,0
28,0,0,-2.63,0.24,0,0,2,25.0,5,1,3,6,0,0,4,0,0.0,2,1,1,0,0
50,1,0,-2.13,0.55,0,0,1,28.0,6,1,2,4,1,0,2,1,0.0,1,0,0,0,0
42,0,0,-0.93,-0.37,1,0,1,35.0,6,0,2,3,0,0,3,0,0.0,2,0,1,0,1
43,0,0,-2.62,-0.35,0,1,2,22.0,0,0,3,7,0,1,2,0,0.0,0,0,1,0,0
59,1,0,-0.95,-0.8,0,1,1,34.0,0,0,4,10,1,1,4,0,1.0,2,1,0,0,0
33,0,0,-2.72,-0.08,0,1,1,29.0,5,0,2,4,1,0,2,1,0.0,2,0,1,0,1
33,0,0,-2.65,-1.55,1,1,1,26.0,4,1,2,7,1,0,1,0,0.0,3,1,1,0,1
30,0,0,0.09,-0.46,0,1,1,36.0,2,1,2,8,0,0,2,0,0.0,1,0,1,0,0
25,0,0,-0.49,-0.46,0,1,2,24.0,3,1,3,5,0,1,3,1,0.0,2,1,0,0,0
30,1,0,-0.85,-0.67,0,1,2,43.0,6,1,3,6,1,0,5,1,2.0,1,1,0,0,0
42,1,0,-1.11,0.16,0,1,2,28.0,6,1,3,3,0,0,2,1,1.0,2,0,1,0,0
37,1,0,-0.39,1.04,0,1,1,30.0,5,1,3,4,1,1,4,0,0.0,2,0,0,1,0
33,0,0,-1.67,0.59,1,1,0,38.0,3,1,2,3,1,0,1,0,0.0,2,1,1,0,1
59,1,0,-1.62,-2.05,0,1,1,30.0,2,1,3,8,1,0,2,0,0.0,3,0,1,1,0
50,1,1,-0.05,-0.06,0,1,1,36.0,5,1,3,4,0,1,3,1,0.0,3,0,0,0,0
30,1,0,-2.05,1.95,0,1,0,17.0,3,1,1,4,1,0,2,1,0.0,1,1,0,0,0
57,0,0,0.94,-0.01,0,1,2,26.0,5,1,3,4,0,0,5,0,1.0,0,0,0,1,0
46,0,0,-1.24,-0.43,0,1,2,31.0,6,1,3,4,1,0,3,0,0.0,2,1,1,0,0
39,0,0,0.85,1.33,0,1,3,35.0,0,0,5,2,1,1,4,1,2.0,1,0,1,0,1
37,0,0,,-0.13,0,1,2,34.0,0,0,3,2,0,1,2,1,1.0,2,1,0,0,0
52,1,0,-0.02,0.99,0,1,3,33.0,1,1,2,7,1,0,2,1,1.0,2,1,1,1,0
39,1,0,-0.86,-0.43,0,1,1,35.0,7,1,1,8,0,0,3,1,0.0,1,1,1,0,0
49,0,0,0.59,0.39,1,1,3,32.0,6,1,4,3,1,1,5,0,1.0,3,0,1,0,0
41,1,0,0.48,-0.9,0,1,1,16.0,1,1,1,4,1,0,4,0,0.0,0,0,1,0,0
48,1,0,-2.13,0.81,0,1,0,38.0,7,0,2,6,1,0,1,0,0.0,1,0,0,0,0
51,1,0,0.59,-0.83,1,0,0,24.0,4,1,2,7,0,1,3,1,0.0,2,1,1,0,1
25,0,0,,-0.73,1,0,0,31.0,4,1,1,10,1,0,1,0,0.0,3,0,0,0,1
28,1,0,-3.42,0.67,0,0,0,30.0,7,1,1,5,1,0,2,0,0.0,0,1,1,0,1
50,0,1,0.13,0.52,0,1,2,29.0,0,0,5,3,1,0,5,1,2.0,2,0,1,0,0
34,1,1,0.44,-0.11,0,1,3,22.0,1,0,5,2,1,1,2,0,1.0,1,0,0,0,1
51,0,0,0.42,-1.33,0,1,2,17.0,5,0,5,4,1,1,5,1,2.0,2,1,0,1,0
37,0,0,-0.92,-0.13,0,1,1,23.0,1,1,4,4,1,1,3,1,0.0,3,1,0,0,0
26,1,0,-2.2,-0.54,1,1,0,34.0,6,1,2,6,0,1,2,0,0.0,1,1,0,0,1
39,0,0,-1.36,-0.08,0,1,1,20.0,1,1,3,9,0,0,1,0,1.0,3,0,0,1,0
56,1,0,-0.34,-0.23,1,1,1,24.0,0,0,4,2,1,1,2,1,2.0,1,0,1,1,0
59,0,0,-1.07,1.15,0,0,1,32.0,1,1,3,3,0,0,2,0,0.0,2,1,1,1,0
40,0,0,-2.02,0.35,0,0,2,23.0,3,1,2,2,1,0,3,1,0.0,3,1,0,1,0
47,0,1,-1.62,-0.53,0,1,2,26.0,1,1,2,10,1,1,4,1,0.0,2,0,0,1,0
51,0,0,-1.12,0.75,0,1,2,,1,0,5,3,1,0,4,1,2.0,2,0,0,1,0
38,1,0,-1.08,1.5,1,1,1,31.0,6,0,5,4,1,1,5,0,2.0,3,0,0,0,0
49,1,0,0.09,-0.74,0,1,1,23.0,3,1,3,5,0,1,6,0,0.0,3,0,1,0,0
55,1,1,-1.88,-0.17,0,1,3,30.0,3,0,5,5,1,0,5,1,2.0,2,0,0,1,0
52,1,0,0.15,-0.7,0,1,3,31.0,0,0,4,3,1,1,5,0,2.0,1,0,0,0,0
44,0,0,-1.81,0.11,0,1,1,21.0,3,1,1,5,0,0,4,0,0.0,3,1,1,0,1
24,1,0,0.08,2.06,0,1,3,30.0,2,1,4,5,1,0,4,1,2.0,1,1,0,0,0
49,0,0,-1.51,1.08,1,0,3,25.0,5,0,3,2,0,1,2,1,0.0,1,0,1,1,0
47,1,0,,-0.5,0,1,1,30.0,1,1,2,5,1,0,1,1,0.0,2,1,1,0,0
41,1,0,-2.03,0.38,1,1,2,33.0,6,1,1,5,0,0,4,0,0.0,0,1,0,1,0
35,0,0,-0.86,0.97,0,0,1,28.0,7,1,1,2,0,1,3,0,0.0,2,0,1,0,1
40,0,0,-2.92,-1.81,1,1,2,34.0,0,0,2,5,0,0,6,1,1.0,1,0,1,1,0
37,0,0,-0.93,-1.18,0,1,2,34.0,1,1,2,2,0,0,5,1,1.0,1,1,1,0,1
29,1,0,-2.64,0.75,1,1,0,34.0,1,1,2,14,0,1,5,0,0.0,1,1,1,0,1
28,1,0,-1.51,-1.57,0,1,1,31.0,5,1,3,7,1,0,4,0,0.0,1,0,0,0,0
35,1,0,-0.56,0.13,0,1,2,36.0,1,1,5,8,1,1,5,1,2.0,3,0,1,0,0
44,1,0,0.28,0.71,1,1,1,31.0,6,1,4,4,0,0,3,1,1.0,3,0,1,0,0
24,1,0,-3.14,0.06,1,1,1,19.0,6,1,1,2,1,0,1,0,0.0,2,0,1,0,1
49,1,0,-2.18,-0.03,0,1,3,24.0,6,0,5,8,1,1,4,1,2.0,3,0,1,1,0
24,0,0,0.53,1.28,1,1,1,28.0,5,1,3,5,1,0,3,0,0.0,1,1,0,0,1
32,1,0,-1.23,0.65,0,1,2,28.0,7,1,2,6,1,0,2,0,0.0,0,0,0,0,0
56,1,0,-2.03,2.27,1,1,3,31.0,0,0,5,7,1,1,5,1,2.0,3,0,0,1,0
29,0,0,-1.1,-1.22,0,0,2,24.0,3,1,3,7,0,0,3,0,0.0,3,0,1,0,0
32,1,0,-1.16,-0.63,1,1,2,41.0,3,0,3,3,0,1,3,0,1.0,0,0,1,0,1
58,0,0,-1.65,-0.25,0,1,1,28.0,7,1,2,2,0,1,4,0,0.0,1,0,0,0,0
26,1,0,,,0,1,3,29.0,5,0,5,2,1,1,3,1,2.0,3,0,1,0,0
32,0,0,-2.57,0.64,0,1,2,,6,0,3,9,1,1,3,1,1.0,3,0,1,0,1
43,1,0,-1.16,-0.67,0,1,1,23.0,1,1,1,6,1,0,2,0,0.0,1,1,0,0,1
35,1,1,-2.03,-1.16,0,1,1,,7,1,2,5,0,0,3,0,0.0,2,1,1,0,0
45,0,0,-1.44,-1.95,0,1,0,29.0,4,1,1,6,0,0,1,1,0.0,1,0,1,0,1
55,1,0,-0.34,0.88,0,0,0,28.0,4,1,1,7,0,0,2,1,0.0,3,1,1,0,1
40,1,0,0.31,-0.2,1,1,2,39.0,7,1,2,4,0,0,4,0,0.0,2,1,1,0,1
39,1,1,1.13,0.26,1,1,2,28.0,3,1,5,8,1,0,4,1,2.0,3,0,0,1,0
35,1,0,-2.61,-1.01,0,1,2,28.0,3,0,4,6,1,0,4,0,0.0,2,0,1,0,1
35,1,0,-0.22,,0,0,2,34.0,5,1,3,4,0,1,5,1,0.0,1,0,1,0,0
44,1,0,-0.48,-1.12,1,1,0,28.0,1,0,1,7,0,0,2,0,0.0,2,1,1,0,0
26,0,1,-1.96,0.03,0,1,1,32.0,3,1,3,5,1,0,1,1,0.0,1,1,0,0,0
29,0,0,-0.3,-0.35,1,1,3,21.0,1,0,4,5,1,1,6,0,1.0,2,1,0,0,0
52,1,1,0.39,-0.81,0,1,2,21.0,1,0,3,6,1,1,0,0,1.0,2,0,0,0,0
39,0,0,-1.03,1.1,0,1,1,30.0,6,1,3,4,1,0,2,1,0.0,2,0,1,1,0
50,0,0,0.85,1.18,0,1,2,28.0,5,1,3,5,1,1,4,1,1.0,1,0,1,1,0
54,1,0,-1.44,0.24,0,1,0,24.0,3,1,1,3,1,0,3,0,0.0,3,0,1,1,0
33,1,0,-0.41,-1.9,0,1,0,30.0,3,1,3,3,1,0,6,0,0.0,3,0,0,0,1
37,0,0,0.64,-1.08,1,1,2,30.0,3,1,4,5,0,0,4,1,0.0,2,1,1,1,1
45,0,0,-1.83,-1.03,0,1,1,25.0,5,0,4,3,1,0,4,1,2.0,2,0,1,0,0
49,1,0,-0.52,1.7,1,0,1,26.0,7,0,2,2,0,1,1,1,0.0,1,1,1,1,0
26,0,1,-2.06,0.88,1,1,1,30.0,7,1,2,4,1,0,4,0,0.0,1,0,1,0,1
44,0,0,1.13,1.34,0,1,3,23.0,3,1,4,2,1,1,3,1,2.0,2,1,1,0,0
32,0,1,-2.08,-1.01,1,0,1,25.0,3,1,1,6,0,0,3,0,0.0,2,0,0,0,1
40,0,0,-1.52,-2.31,0,0,0,32.0,4,1,2,15,0,0,4,1,0.0,1,1,1,0,0
53,1,0,-2.18,0.76,1,1,1,29.0,5,1,1,2,0,0,4,0,0.0,2,0,1,0,0
29,1,0,-1.2,-3.05,1,0,0,26.0,4,1,2,7,0,0,3,0,,3,0,0,0,0
58,1,0,-0.21,-0.1,1,1,2,24.0,6,1,2,6,1,0,6,1,0.0,2,1,1,1,0
36,0,0,,0.5,0,1,2,23.0,5,0,3,6,1,1,4,1,2.0,2,0,1,0,0
51,1,0,2.52,-1.06,0,1,3,28.0,3,1,5,6,1,1,5,1,2.0,3,0,1,0,0
30,1,0,-1.86,1.25,1,0,0,41.0,3,1,1,3,0,1,2,0,0.0,1,0,1,0,1
49,0,0,-1.76,-0.38,0,1,1,32.0,3,1,3,2,0,0,3,0,1.0,3,0,1,0,1
54,0,0,,0.39,0,1,2,21.0,0,0,5,2,1,1,2,1,2.0,3,0,0,1,0
48,0,0,0.01,0.51,0,1,2,33.0,1,1,4,9,0,1,2,1,1.0,0,0,1,1,0
57,1,0,-2.29,0.01,0,1,2,,6,0,2,6,0,0,5,1,0.0,2,1,0,0,0
26,1,0,0.54,-0.74,0,1,1,29.0,3,0,2,3,1,0,4,0,0.0,1,1,1,0,1
56,1,0,-1.42,,0,1,0,25.0,1,1,2,6,0,1,2,0,0.0,1,1,0,0,0
43,1,1,0.7,0.28,0,1,1,41.0,5,1,3,5,0,0,2,1,0.0,1,0,1,0,0
32,1,1,0.43,0.53,1,1,2,22.0,6,1,3,6,0,1,6,1,0.0,2,0,1,0,1
48,1,0,-0.21,0.8,0,1,1,31.0,2,0,2,7,1,0,3,1,0.0,1,0,1,1,0
41,1,1,-1.72,-0.41,0,0,1,25.0,6,1,1,4,0,0,2,1,0.0,2,0,1,0,0
51,1,1,-2.85,-0.18,0,1,1,33.0,7,1,1,6,0,1,2,0,0.0,1,0,0,0,0
50,0,0,-1.7,-1.06,0,0,1,,5,1,2,3,1,0,4,0,0.0,2,0,0,1,1
49,0,0,-1.55,1.08,0,1,1,37.0,6,1,5,4,1,1,3,1,1.0,2,0,0,1,0
54,1,0,-2.04,-0.95,1,1,1,33.0,0,0,3,7,1,1,4,0,1.0,1,0,1,1,0
35,0,0,-0.86,0.33,1,1,1,25.0,7,1,1,8,0,0,1,0,0.0,1,1,1,0,0
32,1,0,-0.82,,0,1,1,46.0,3,1,1,6,0,0,3,0,0.0,1,1,0,0,0
44,1,0,-2.54,0.9,0,1,1,32.0,7,1,3,3,0,0,2,1,0.0,2,0,0,0,0
32,1,0,-1.38,-1.54,0,1,2,26.0,5,1,2,4,0,1,0,0,0.0,1,0,1,0,0
53,0,0,-1.53,-1.64,0,1,2,30.0,0,0,3,2,1,1,6,0,0.0,2,0,1,0,0
56,0,0,1.3,-0.94,1,1,2,33.0,0,0,4,8,1,1,5,0,1.0,1,0,1,0,0
41,1,0,-3.6,-1.32,1,1,1,,6,1,1,6,0,0,4,0,,1,0,1,0,1
52,1,0,1.46,2.01,0,1,1,32.0,5,1,3,5,1,1,3,0,1.0,2,0,1,1,0
38,1,0,0.66,0.43,1,1,3,35.0,0,0,5,2,1,1,6,0,2.0,3,0,0,1,0
55,1,0,-3.54,-1.37,0,1,2,34.0,6,1,3,4,0,1,5,1,1.0,2,1,0,0,0
27,0,0,-0.97,-1.02,1,1,3,24.0,6,0,4,6,1,0,5,1,2.0,1,1,0,0,0
59,1,0,,0.79,0,0,1,42.0,4,0,2,3,0,0,6,0,0.0,2,0,0,0,0
43,1,0,-1.97,0.43,0,1,1,41.0,4,1,1,9,0,0,3,1,0.0,1,1,1,0,1
58,0,0,-0.62,-1.26,0,1,1,34.0,0,0,5,3,1,1,4,0,2.0,2,0,1,1,0
49,1,0,2.46,0.84,0,1,2,29.0,6,0,5,5,1,1,4,1,1.0,2,1,1,1,0
50,0,0,-1.46,-0.49,0,1,1,29.0,3,1,2,6,1,0,2,0,0.0,1,0,0,0,0
36,0,0,-1.47,-0.22,0,1,3,27.0,6,1,4,5,0,0,5,1,1.0,1,0,0,0,0
47,0,0,0.23,-1.53,0,1,2,28.0,3,1,2,4,0,1,5,1,0.0,1,0,1,0,0
51,0,0,-2.14,-0.41,0,1,1,16.0,5,1,4,4,1,1,3,1,0.0,2,0,0,0,0
50,1,0,0.21,-1.14,0,1,2,38.0,2,1,3,4,0,0,2,0,1.0,2,1,1,1,0
59,1,0,0.29,1.25,1,1,2,36.0,1,0,4,5,1,1,4,1,0.0,1,0,0,0,0
26,0,0,0.91,-1.23,0,0,1,19.0,6,1,1,9,0,0,5,0,0.0,0,1,0,0,1
31,1,0,-0.86,0.3,0,0,0,34.0,4,1,1,6,0,1,2,0,,2,0,1,0,1
39,1,0,-0.95,-0.41,0,1,0,29.0,5,1,4,3,1,1,3,0,0.0,1,0,0,0,1
46,1,0,-1.0,-2.1,0,1,1,,7,1,2,8,1,0,3,0,0.0,2,0,0,1,1
45,1,0,1.56,-0.76,0,0,0,32.0,7,1,3,3,1,1,1,0,0.0,2,0,0,0,1
36,1,0,-1.12,-1.53,0,1,1,19.0,6,1,1,6,1,1,5,0,0.0,1,0,0,0,0
28,1,0,-0.63,0.41,0,1,2,29.0,1,1,4,3,0,0,3,0,1.0,1,0,1,0,0
32,1,0,-0.31,-1.25,0,1,3,29.0,5,0,4,5,1,0,5,1,2.0,3,0,1,0,0
52,0,0,-0.79,-0.77,0,1,0,29.0,6,1,1,4,0,0,4,1,0.0,1,0,0,0,0
44,0,0,-1.4,0.08,1,1,1,21.0,3,1,2,6,0,1,2,0,0.0,2,0,1,0,0
24,0,0,-1.2,-1.21,0,1,3,32.0,1,0,5,2,1,1,6,0,0.0,2,0,1,0,1
37,1,0,-2.11,1.06,0,0,0,35.0,6,1,1,2,0,1,2,1,0.0,2,0,0,1,0
38,0,0,-2.21,-0.73,0,1,1,31.0,4,1,1,3,0,0,2,1,0.0,1,0,0,0,0
46,0,0,-1.15,-0.16,0,1,1,28.0,5,1,2,2,0,1,1,0,0.0,2,1,1,0,1
53,0,0,-0.87,-1.52,0,1,2,45.0,7,1,5,5,0,0,5,0,1.0,1,0,0,1,0
47,0,0,-1.4,-0.85,1,1,1,23.0,5,1,1,5,0,0,2,0,0.0,1,0,1,0,0
59,0,0,-0.92,-0.45,0,1,1,34.0,3,1,3,9,1,0,3,1,0.0,2,0,1,0,0
38,1,0,-0.3,-1.41,0,1,2,30.0,3,1,3,7,1,0,2,0,0.0,1,1,1,0,0
53,1,0,-2.08,0.6,1,1,1,41.0,3,1,2,10,0,0,3,0,0.0,2,1,1,0,0
24,1,0,1.36,,0,1,2,31.0,1,1,3,5,1,0,0,0,1.0,3,1,0,0,0
35,0,0,0.46,-1.13,1,0,1,33.0,6,1,2,4,1,1,3,0,0.0,2,1,0,0,1
56,1,0,-0.35,-0.61,0,1,1,32.0,6,1,2,4,0,0,4,1,0.0,1,0,1,1,0
25,0,0,-0.34,-0.31,0,1,1,23.0,2,1,1,8,0,0,3,0,0.0,0,1,1,0,0
58,0,0,,1.72,0,1,1,24.0,2,1,2,5,0,1,2,1,0.0,1,0,1,1,1
42,0,0,,0.29,0,1,3,27.0,6,1,4,4,1,1,0,1,1.0,2,0,0,0,0
33,0,0,-0.55,-0.85,1,1,3,35.0,0,0,5,7,1,1,4,1,2.0,2,0,0,0,0
24,0,0,-1.79,-0.7,0,1,2,30.0,5,0,5,2,1,1,2,1,1.0,2,0,1,0,1
55,0,0,-1.4,-1.28,1,1,1,28.0,4,1,2,6,1,0,3,0,0.0,1,0,1,0,0
30,0,0,1.64,0.3,1,1,1,37.0,6,1,2,5,1,0,0,1,1.0,0,0,1,0,0
56,1,0,,0.11,0,0,0,17.0,1,1,2,3,0,0,3,0,0.0,1,1,1,0,1
59,1,0,0.79,0.19,0,1,1,21.0,6,1,2,6,0,0,6,1,0.0,1,0,0,0,0
31,1,0,0.49,-0.46,1,1,1,15.0,3,1,1,8,1,0,3,1,0.0,0,1,0,0,1
49,1,0,-1.69,-1.76,0,1,2,36.0,5,0,3,8,1,0,3,1,1.0,3,0,0,0,0
41,1,0,0.03,0.5,0,1,3,28.0,0,0,5,10,1,1,5,0,2.0,1,0,0,0,0
44,1,0,-0.84,-1.5,1,1,2,35.0,4,1,4,6,1,1,3,0,0.0,2,0,0,0,0
26,1,0,0.32,0.34,0,1,1,28.0,5,1,3,2,1,0,6,1,1.0,1,0,1,0,0
39,0,0,-0.43,-1.52,0,1,1,35.0,1,1,2,5,0,0,4,1,0.0,3,0,1,0,0
39,1,0,1.1,-0.3,0,1,2,28.0,1,0,2,6,1,1,4,0,0.0,1,1,1,0,0
44,0,0,-0.66,0.54,0,1,0,31.0,1,1,3,5,0,0,2,1,0.0,2,1,1,1,0
35,0,0,0.57,,0,1,2,31.0,3,1,4,7,1,0,3,1,0.0,3,0,0,0,1
39,1,0,-1.27,-0.66,0,1,1,31.0,0,0,4,2,1,0,4,1,1.0,2,0,0,0,0
29,1,0,-2.44,1.26,1,1,1,39.0,7,1,3,8,1,1,3,1,1.0,3,1,0,0,0
35,1,0,0.39,0.92,0,1,2,19.0,3,0,4,4,1,1,4,1,2.0,3,0,1,0,0
44,0,0,-0.21,-0.47,0,1,2,29.0,6,1,4,2,1,1,4,1,1.0,2,0,0,0,0
46,0,0,-0.55,-0.34,1,1,1,30.0,7,0,1,6,0,0,4,1,1.0,1,1,1,0,1
28,1,0,1.32,-0.57,0,1,1,29.0,0,0,5,4,1,1,3,1,2.0,2,0,1,0,0
46,1,0,-0.58,-1.0,0,0,1,27.0,6,0,2,6,0,0,3,0,0.0,1,0,1,0,0
36,0,0,0.57,-1.56,0,1,2,26.0,6,1,4,4,1,1,3,0,1.0,1,1,0,0,1
32,0,0,0.57,-1.18,0,1,2,38.0,5,0,3,2,1,1,5,1,0.0,3,1,0,0,0
55,1,0,-0.84,-2.8,0,1,3,29.0,3,1,2,5,0,1,2,0,2.0,2,0,1,0,0
52,1,1,-2.01,-0.12,1,1,2,44.0,3,1,2,2,1,1,4,0,1.0,1,0,1,0,0
48,1,0,2.12,1.5,0,1,2,32.0,0,0,5,8,1,1,5,0,2.0,2,0,1,1,0
39,0,0,-0.16,0.08,0,1,2,27.0,5,1,3,7,1,1,2,0,1.0,3,0,1,1,0
53,0,0,0.32,0.05,0,1,3,32.0,7,0,5,4,1,1,5,1,2.0,2,0,0,1,0
38,0,0,-1.29,-0.61,0,1,2,30.0,7,1,5,5,1,1,5,1,1.0,2,1,1,0,0
32,0,0,0.27,1.91,1,1,3,37.0,0,0,5,3,1,0,2,0,2.0,2,0,0,0,0
41,0,0,0.06,1.05,0,1,1,22.0,6,1,5,5,1,1,6,0,1.0,1,0,1,0,0
44,0,1,-2.18,-1.42,0,1,2,18.0,2,1,3,5,0,0,3,0,0.0,0,0,1,0,1
46,0,0,0.47,2.02,0,1,2,31.0,7,1,4,2,0,1,4,0,1.0,2,0,0,0,0
34,0,0,-0.45,1.54,0,1,2,34.0,0,0,5,4,1,1,3,0,2.0,3,0,0,0,0
43,0,0,-2.99,-1.19,0,1,3,31.0,7,0,3,2,1,1,6,0,0.0,2,1,0,0,0
40,1,0,-1.13,0.72,0,1,1,33.0,6,0,4,5,1,1,4,0,1.0,1,0,0,0,0
32,1,0,0.73,-0.24,0,1,2,32.0,1,1,4,2,1,1,5,1,1.0,2,0,1,0,0
45,0,0,-1.04,-1.95,1,1,3,20.0,0,0,5,4,1,1,6,1,2.0,2,0,0,0,0
35,0,0,2.4,,0,1,2,31.0,6,0,4,4,1,1,4,0,2.0,2,0,1,0,0
37,0,0,0.24,0.78,0,1,1,37.0,1,0,5,4,1,1,4,1,0.0,3,1,0,0,0
58,1,0,1.75,,0,0,2,30.0,5,1,2,3,0,0,4,0,0.0,2,1,0,1,0
43,0,1,-2.96,2.46,0,1,1,21.0,7,1,1,5,0,0,3,0,0.0,2,0,1,0,0
43,0,0,-1.55,0.21,0,1,2,27.0,5,1,5,6,1,1,6,1,2.0,3,1,1,0,0
45,0,0,-1.25,-2.03,0,0,1,32.0,3,1,2,3,0,0,4,1,0.0,3,0,0,0,0
28,1,1,-3.15,-1.28,1,1,1,40.0,3,1,1,2,1,0,2,0,0.0,1,0,1,0,1
28,0,0,-1.27,-0.59,0,1,1,17.0,0,0,3,10,0,0,4,0,1.0,2,1,0,0,0
39,0,0,0.86,-0.52,0,1,1,31.0,7,1,2,3,0,0,4,0,0.0,0,0,1,0,0
24,1,0,-1.1,-0.48,0,0,1,23.0,3,0,3,3,1,1,4,0,0.0,2,0,1,0,0
34,1,0,-2.65,0.09,0,1,2,32.0,1,1,2,2,0,0,3,0,0.0,2,1,1,0,0
27,1,1,-0.75,,0,1,2,33.0,2,0,3,3,0,1,5,0,2.0,1,0,0,0,0
46,0,1,1.01,0.4,0,1,3,28.0,7,0,5,5,1,0,4,0,2.0,2,0,1,1,0
55,1,0,-2.31,-1.92,1,1,2,33.0,0,0,5,4,1,1,4,0,2.0,2,0,0,1,0
25,0,0,-2.08,,1,1,1,36.0,6,1,4,11,1,1,2,1,0.0,2,1,1,0,1
59,0,0,-0.47,-1.88,0,1,1,28.0,6,1,4,11,0,1,4,1,1.0,2,0,1,1,0
41,0,0,-1.83,-0.82,1,0,3,21.0,6,0,3,4,0,0,4,1,2.0,1,0,1,1,0
29,0,0,-0.79,1.58,0,0,2,38.0,7,1,3,7,0,1,1,0,1.0,2,0,0,0,0
35,1,0,0.91,-2.2,0,1,1,34.0,6,1,3,2,1,0,6,1,2.0,3,0,1,0,0
36,0,0,-1.47,1.63,0,0,2,32.0,7,1,1,12,1,0,1,0,0.0,0,0,1,0,0
36,1,1,-0.79,0.27,0,1,2,25.0,1,1,2,4,0,0,3,1,1.0,0,0,0,0,0
35,0,0,0.3,0.31,0,1,1,35.0,6,0,5,3,1,1,5,0,2.0,1,0,1,0,0
58,1,0,-1.44,-1.45,0,1,1,41.0,5,1,4,3,1,1,6,0,0.0,2,0,1,1,0
45,0,0,-1.96,-0.1,0,1,1,28.0,5,1,3,7,1,1,1,1,0.0,1,1,0,0,0
30,1,0,-0.2,-0.84,1,1,0,30.0,7,1,1,8,1,0,1,0,0.0,1,0,1,0,0
35,1,0,-0.91,-1.13,1,1,1,,7,1,2,8,0,1,6,1,1.0,1,0,1,0,0
36,1,0,-0.58,-0.4,0,1,2,25.0,6,0,2,5,1,0,4,0,0.0,1,0,0,0,0
58,0,0,-0.94,1.57,0,1,0,23.0,4,0,3,8,1,0,4,0,0.0,3,0,0,1,0
55,1,0,-1.12,-0.08,0,1,1,30.0,4,1,2,5,1,0,0,0,0.0,2,0,1,1,0
30,1,1,-1.1,-0.49,1,1,2,27.0,3,1,2,5,0,0,3,1,0.0,0,1,1,0,0
49,0,0,-1.88,0.18,1,1,2,31.0,3,1,3,7,1,1,3,1,1.0,0,1,1,1,1
41,0,0,-0.15,-0.62,0,1,2,24.0,3,1,3,4,1,1,3,1,0.0,1,0,0,1,0
31,1,0,-1.31,0.68,0,1,2,28.0,0,0,5,8,1,1,3,1,0.0,3,0,0,0,0
31,1,0,2.07,-1.42,0,1,2,23.0,0,0,3,5,1,1,2,0,2.0,1,1,0,0,0
47,1,0,-0.42,0.59,0,1,0,30.0,6,1,2,4,1,0,2,0,0.0,3,0,0,0,0
38,1,1,-0.78,,1,1,2,19.0,3,1,3,6,1,0,3,1,0.0,1,0,0,0,1
24,0,0,-1.39,-0.31,1,1,2,30.0,7,0,5,2,1,0,4,1,,3,0,1,0,0
31,0,1,-0.05,0.84,1,0,2,27.0,5,1,2,10,0,0,2,0,0.0,3,1,0,0,0
24,0,0,-0.71,1.79,0,1,2,30.0,0,0,5,6,1,1,6,1,2.0,1,0,1,0,1
27,1,0,0.32,-2.36,0,1,2,19.0,1,1,4,6,0,1,6,0,2.0,2,0,0,0,0
30,1,0,-1.3,-1.29,1,1,1,33.0,1,0,4,5,1,1,0,0,1.0,3,0,1,0,1
56,0,0,-2.58,-0.09,0,1,2,27.0,7,1,4,4,1,0,5,1,2.0,2,0,1,0,0
36,1,0,1.61,0.7,0,1,2,30.0,1,1,5,4,1,1,5,0,1.0,2,1,0,0,0
44,1,0,0.51,,1,1,2,18.0,5,0,5,2,1,0,5,0,2.0,3,0,0,1,0
56,1,0,-1.2,-0.2,0,1,1,22.0,7,1,3,3,1,1,3,0,0.0,2,0,0,0,0
48,1,0,2.25,0.02,0,1,3,27.0,7,1,5,9,0,1,4,1,2.0,2,0,0,0,0
58,1,0,-0.77,-0.24,1,1,1,37.0,2,0,3,3,0,0,1,1,1.0,1,0,0,0,0
38,1,0,1.23,-0.03,1,1,2,32.0,0,0,5,3,1,1,4,0,0.0,2,0,1,0,0
25,1,0,-1.89,0.04,0,1,3,30.0,1,0,5,3,1,1,4,0,2.0,1,0,1,0,0
29,1,0,-0.54,1.66,1,1,2,23.0,0,0,5,2,1,0,5,1,1.0,2,0,0,0,0
57,1,0,-1.16,-0.41,0,1,2,22.0,1,1,2,9,1,0,3,0,0.0,1,0,0,1,0
58,1,0,-1.51,1.23,0,1,2,31.0,5,1,4,6,1,0,6,0,2.0,2,1,1,1,0
45,0,0,-1.18,-0.0,0,1,2,33.0,7,1,5,6,1,1,4,0,1.0,2,0,0,0,0
36,1,1,-1.52,-0.98,1,0,1,30.0,5,1,1,3,0,0,4,0,0.0,0,1,1,0,0
29,0,0,,,0,1,3,39.0,5,0,4,3,1,1,4,1,2.0,2,0,1,0,0
50,1,1,-1.77,-2.0,0,1,2,25.0,1,1,1,6,0,0,3,0,0.0,3,1,1,0,0
37,1,0,-1.41,-1.28,0,0,2,30.0,6,1,2,6,0,1,2,0,0.0,2,1,1,0,0
56,1,1,-0.67,-1.0,0,0,0,19.0,5,1,1,3,1,0,1,0,0.0,2,0,1,1,0
48,0,0,,-0.06,0,0,1,30.0,6,1,2,9,0,0,3,0,0.0,0,1,0,0,1
44,0,0,0.05,,0,1,3,38.0,7,1,5,3,1,1,5,0,2.0,2,1,0,1,0
54,1,1,-1.03,-0.3,0,1,3,23.0,3,1,5,4,1,1,4,1,2.0,2,1,0,1,0
38,0,0,-1.43,-1.23,0,1,2,34.0,0,0,2,6,1,1,4,0,0.0,0,0,0,0,0
46,0,0,-3.11,0.74,0,1,2,38.0,2,1,3,5,0,0,4,1,2.0,3,1,1,0,1
33,0,0,-0.28,0.16,0,1,3,25.0,3,1,4,3,1,0,5,0,,3,0,1,0,0
59,0,0,-1.31,1.06,0,1,2,32.0,7,0,3,4,1,1,2,0,1.0,2,0,0,1,0
25,0,0,-0.06,0.95,0,1,2,38.0,3,0,4,4,0,1,3,1,0.0,2,0,1,0,0
32,0,0,2.93,0.46,0,1,2,30.0,6,1,3,3,0,1,3,1,0.0,1,1,1,0,1
26,1,0,,0.1,0,1,1,34.0,5,1,1,4,0,1,2,0,0.0,0,0,0,0,0
58,0,0,-0.81,0.71,0,1,0,18.0,1,1,1,4,1,0,2,0,0.0,1,0,1,1,0
48,1,0,-1.65,0.8,0,1,1,33.0,3,1,3,2,1,0,2,0,0.0,1,0,0,1,0
33,0,0,-0.55,0.85,0,1,1,32.0,6,1,3,10,1,0,3,0,0.0,0,0,1,0,0
57,0,0,-0.88,,0,1,1,21.0,6,0,3,6,1,0,4,0,0.0,2,0,1,0,0
50,1,0,-2.14,-0.33,0,1,1,23.0,3,1,1,2,0,0,2,0,0.0,1,0,0,1,0
51,1,0,-2.02,-0.99,0,0,1,33.0,2,1,2,6,1,0,3,0,0.0,1,1,1,1,0
43,0,0,0.54,,0,1,3,27.0,6,0,5,5,1,1,4,0,2.0,3,0,1,1,0
35,1,0,-1.37,-0.5,0,1,2,36.0,1,1,3,5,1,0,5,1,1.0,1,0,1,0,0
57,1,0,-1.09,-0.87,0,1,3,31.0,7,1,5,7,1,0,6,0,2.0,3,0,0,0,0
28,1,1,,1.42,1,1,2,29.0,1,1,2,6,1,0,4,1,0.0,2,1,0,0,0
32,1,0,1.01,-0.11,0,1,1,28.0,1,1,3,5,0,0,3,0,1.0,2,1,1,0,1
31,1,0,-2.19,-1.83,1,0,0,31.0,4,0,2,2,0,1,0,0,1.0,2,1,1,0,0
51,0,0,0.62,1.24,0,1,2,34.0,5,1,3,6,0,1,4,0,2.0,2,0,1,1,0
54,1,1,-3.43,-0.15,0,1,2,32.0,5,1,1,6,0,0,4,0,0.0,2,0,0,1,1
54,1,0,-1.1,1.05,0,0,3,,3,1,5,5,1,1,3,0,2.0,2,0,1,1,0
33,0,0,-2.59,-0.63,0,1,1,36.0,7,0,1,3,1,0,2,0,0.0,1,1,0,0,1
43,1,0,-1.26,,0,1,0,33.0,4,1,4,5,1,1,4,0,0.0,3,0,0,0,1
43,1,0,-1.34,-0.22,0,0,0,31.0,4,1,1,5,0,1,3,0,0.0,2,0,1,0,1
58,0,0,-2.05,0.0,0,1,2,30.0,3,1,3,5,1,0,3,0,0.0,1,0,1,1,0
59,0,0,,-0.57,0,1,3,32.0,0,0,5,3,1,1,4,0,2.0,3,0,1,1,0
35,1,0,-1.1,0.46,0,1,3,18.0,5,0,5,3,0,1,3,1,2.0,3,0,0,0,0
59,0,0,-0.92,0.34,1,1,1,30.0,2,1,1,6,0,0,3,1,0.0,1,1,0,0,0
56,0,1,-1.12,-1.3,1,1,1,39.0,5,1,3,2,1,1,2,0,1.0,2,0,1,0,1
31,1,1,0.94,2.48,0,1,2,30.0,0,0,5,4,1,1,6,0,2.0,1,1,1,0,0
50,0,0,-2.83,1.45,0,1,2,30.0,7,0,2,5,1,1,5,1,0.0,1,0,0,1,0
58,0,0,0.77,,0,0,1,25.0,4,1,4,7,1,1,5,0,2.0,2,0,1,0,1
33,0,1,0.35,0.75,0,1,3,32.0,7,1,3,3,0,0,5,0,1.0,1,0,0,0,1
35,1,0,-1.96,-0.88,0,0,0,28.0,4,1,1,6,0,1,1,1,0.0,1,0,0,0,0
55,0,0,-1.03,-0.73,0,1,2,37.0,0,0,3,2,1,1,2,0,2.0,0,0,0,0,0
53,1,0,-0.6,0.77,0,1,1,24.0,6,1,2,6,1,0,2,0,0.0,2,0,0,1,1
53,1,0,-0.04,-1.08,1,1,1,26.0,6,1,1,7,0,0,1,0,0.0,2,0,1,0,0
32,0,0,-3.33,0.19,0,0,1,25.0,6,1,2,5,0,0,2,0,0.0,2,0,0,0,0
33,1,0,-1.66,-0.84,1,0,0,40.0,3,1,2,7,0,0,2,1,0.0,2,0,1,0,1
25,1,0,-0.84,-1.1,1,1,0,28.0,5,1,1,5,1,0,3,1,0.0,2,1,1,0,1
50,1,0,-0.3,,0,1,2,26.0,6,1,4,4,1,1,4,0,1.0,3,0,1,1,0
52,0,0,-0.2,1.02,1,1,3,16.0,5,0,4,2,0,1,6,1,2.0,1,1,1,1,0
53,0,1,-3.72,0.0,0,0,0,24.0,3,1,1,2,0,0,1,0,0.0,1,1,0,0,1
40,0,0,-1.55,-0.12,0,0,1,32.0,6,1,2,12,0,1,5,1,0.0,1,1,1,0,1
27,0,0,-1.2,-1.9,0,1,1,32.0,6,1,3,7,1,0,1,0,0.0,2,0,1,0,1
59,0,0,-1.63,-0.3,0,1,2,25.0,7,1,3,7,1,1,3,0,0.0,1,1,1,0,0
55,1,0,-0.07,-1.67,1,1,0,25.0,3,1,1,5,1,0,2,0,0.0,1,1,1,1,0
36,0,0,-0.88,-0.04,0,1,3,40.0,3,1,3,7,0,0,5,1,0.0,2,0,1,0,0
50,0,0,-1.96,-0.19,1,1,1,45.0,6,1,2,4,1,0,2,0,0.0,1,0,1,1,0
37,1,1,0.41,-0.32,0,0,0,36.0,5,1,1,9,0,0,2,1,0.0,3,1,0,0,0
54,1,0,-0.24,-0.13,1,1,1,38.0,6,0,3,3,1,0,4,0,1.0,1,0,1,1,0
44,1,0,-0.35,-0.12,0,1,1,40.0,4,0,4,5,1,0,4,1,2.0,3,1,0,0,0
59,0,0,-0.31,0.63,0,1,2,42.0,1,0,5,5,0,1,5,0,2.0,3,0,0,1,0
52,1,1,-2.25,0.16,0,1,1,27.0,6,1,2,9,0,0,4,0,0.0,1,0,1,1,0
47,0,0,-1.35,0.95,1,1,2,24.0,1,1,4,2,1,1,4,1,1.0,2,0,0,0,0
24,1,0,-2.69,-2.68,0,0,0,40.0,1,1,1,4,0,1,2,0,0.0,2,0,1,0,1
39,1,0,-1.51,-1.18,0,1,0,23.0,5,0,2,3,1,1,1,1,0.0,2,0,0,0,0
46,0,0,-2.34,0.34,0,1,2,23.0,6,0,3,2,1,1,6,1,1.0,2,0,0,0,0
42,0,0,1.02,0.07,0,1,3,23.0,7,0,5,2,1,1,5,1,2.0,2,0,1,1,0
32,0,0,-1.53,-0.96,0,0,1,28.0,2,1,3,5,0,0,3,1,0.0,2,0,0,0,0
45,1,0,0.6,0.42,0,1,2,17.0,1,0,4,4,1,1,4,1,1.0,1,1,1,1,0
32,1,0,-1.12,0.8,0,1,2,20.0,7,1,5,5,1,1,5,0,2.0,3,0,0,0,0
58,1,0,0.06,-0.78,0,1,2,25.0,1,0,4,6,0,1,6,0,1.0,3,0,0,1,0
27,1,0,-1.63,-0.58,0,1,3,22.0,1,1,5,4,1,1,4,1,2.0,3,0,0,0,0
33,0,0,-1.71,-1.82,0,0,1,35.0,2,1,2,7,0,0,4,0,0.0,1,1,1,0,1
24,0,1,-2.29,,0,0,1,29.0,5,1,1,7,0,1,2,1,0.0,2,1,0,0,0
31,0,1,-0.59,-0.07,0,1,2,32.0,6,0,4,5,1,1,4,0,1.0,3,0,1,0,1
34,1,0,-2.57,-1.24,0,1,0,32.0,6,1,2,3,0,0,1,1,0.0,1,0,1,0,1
58,1,1,,-0.78,0,1,2,28.0,6,1,1,2,1,0,2,0,0.0,2,0,1,0,0
47,1,0,-0.19,0.01,0,1,2,,1,1,5,5,1,0,5,0,1.0,2,0,1,0,1
29,0,0,-0.53,0.82,0,1,3,32.0,3,1,3,7,0,0,5,1,0.0,2,1,1,0,0
39,1,0,-2.42,-1.08,0,1,1,27.0,4,0,3,6,1,1,3,1,0.0,3,1,0,0,0
29,1,0,,-1.08,0,1,3,19.0,1,1,2,7,1,0,5,1,0.0,0,0,0,0,1
28,0,0,0.44,1.3,0,1,2,32.0,2,1,2,2,0,0,3,0,0.0,2,0,0,0,1
45,1,0,-1.08,0.75,0,1,3,21.0,2,0,5,5,1,1,5,0,2.0,1,0,1,0,0
41,0,0,-2.04,-1.56,1,0,0,31.0,1,1,1,2,1,0,3,0,0.0,2,0,1,0,1
30,1,0,-1.64,0.45,0,0,0,29.0,5,1,1,4,0,0,2,0,0.0,2,1,0,0,0
53,0,0,-1.19,-0.7,0,1,2,21.0,6,1,2,3,1,0,3,1,0.0,2,0,0,0,0
59,1,0,-1.11,1.09,0,1,3,31.0,0,0,5,5,1,1,5,1,2.0,2,0,1,1,0
54,0,0,-0.88,-1.28,0,0,0,30.0,4,1,1,6,0,0,2,0,0.0,1,0,1,1,0
55,1,0,0.75,-1.9,1,1,2,30.0,6,1,3,5,0,0,5,0,0.0,2,1,1,0,0
44,0,0,-1.05,-0.75,1,1,1,30.0,6,1,2,4,0,0,2,0,0.0,1,1,0,0,1
32,1,0,-1.27,-0.9,0,1,3,25.0,6,1,4,7,1,1,4,1,0.0,3,1,1,0,0
43,1,0,-2.63,-0.93,1,0,0,33.0,3,1,1,10,1,0,2,0,0.0,1,0,1,1,0
30,0,0,2.77,-2.24,0,1,3,25.0,6,0,5,3,1,0,3,0,2.0,2,0,0,0,0
37,0,0,-0.89,-0.14,0,1,2,23.0,2,0,4,5,0,0,3,0,0.0,2,0,0,1,0
38,1,0,0.35,-2.06,1,1,3,33.0,3,1,4,7,1,1,6,0,2.0,2,0,1,1,0
41,0,0,-2.74,-0.31,0,1,2,35.0,1,1,2,4,0,0,3,0,0.0,1,1,1,0,0
53,0,0,-1.62,-3.11,0,1,1,33.0,4,0,3,5,1,1,6,0,2.0,2,0,0,0,0
51,0,0,0.86,-1.12,1,1,2,28.0,3,0,4,6,0,0,2,0,0.0,2,0,1,1,0
48,1,0,-2.06,0.29,0,1,2,17.0,2,1,1,5,1,1,3,1,0.0,1,0,0,0,0
39,0,0,-2.14,0.44,0,1,1,38.0,6,1,1,9,1,1,3,1,0.0,2,0,0,0,0
25,0,1,-0.91,-0.98,0,1,2,17.0,3,1,2,6,1,0,4,1,1.0,1,1,1,0,0
54,0,1,-2.01,0.45,0,1,1,33.0,2,1,3,8,1,1,4,0,0.0,3,0,1,0,0
31,0,1,-1.0,-2.01,0,0,0,42.0,1,1,2,4,1,0,3,1,0.0,3,0,1,0,1
46,0,0,-1.88,0.8,0,0,0,30.0,3,1,2,5,1,1,2,0,0.0,1,1,1,0,1
29,0,0,-1.31,0.92,0,1,1,31.0,2,0,1,3,0,0,1,1,0.0,1,1,1,0,1
38,0,0,-0.08,-0.39,0,0,2,31.0,3,1,2,2,0,0,3,0,0.0,2,0,1,1,0
29,0,0,-0.91,-0.46,1,1,2,30.0,2,1,4,5,1,1,6,1,1.0,1,0,0,0,0
57,0,0,-1.68,-2.37,0,1,3,43.0,6,1,4,3,1,1,4,1,1.0,2,0,1,0,0
38,0,0,-1.47,-0.24,0,1,1,24.0,7,1,2,3,0,0,2,0,,0,0,0,1,0
55,1,0,-2.27,-0.12,1,1,0,23.0,4,1,2,3,1,1,0,0,0.0,1,0,1,0,1
39,1,0,-1.76,0.1,1,0,1,27.0,6,1,1,8,0,0,2,1,0.0,1,1,1,0,0
38,1,0,-0.0,0.21,0,1,3,39.0,6,1,5,5,1,1,3,1,1.0,1,1,1,0,0
37,0,0,-0.16,-1.37,0,1,2,26.0,7,1,5,7,0,1,4,0,1.0,3,0,1,0,1
50,1,0,0.66,0.11,0,1,2,32.0,5,0,4,5,0,1,4,0,1.0,2,0,1,1,0
51,0,0,-1.06,-0.8,0,1,2,35.0,6,1,5,4,1,1,3,1,1.0,2,0,1,1,0
57,1,0,-0.77,1.32,1,1,1,34.0,7,0,3,6,1,1,3,1,2.0,3,0,1,1,0
26,1,0,0.38,,1,1,1,35.0,6,1,1,4,0,0,3,0,0.0,1,0,1,0,0
45,1,0,-0.82,-0.59,1,0,1,38.0,4,1,1,4,0,0,4,1,0.0,3,0,0,0,0
32,1,0,0.86,0.02,0,1,3,31.0,0,0,4,5,1,1,6,1,2.0,3,0,1,0,0
57,0,0,-0.08,-0.89,1,1,3,26.0,0,0,5,3,1,0,4,0,1.0,2,0,0,1,0
33,0,1,-0.92,-1.68,1,0,0,30.0,4,1,1,7,0,0,3,0,0.0,2,0,1,0,0
26,0,0,-1.55,1.05,1,1,0,27.0,4,1,1,3,0,0,0,0,0.0,2,1,0,0,1
37,0,0,-2.66,-1.16,1,0,2,44.0,3,1,1,6,0,0,5,0,0.0,1,0,1,0,0
57,1,0,0.51,-0.0,0,1,3,26.0,5,1,4,9,1,1,6,1,1.0,3,0,1,1,0
45,0,0,0.41,0.16,0,1,3,32.0,5,0,5,3,1,1,5,1,0.0,2,1,1,0,0
48,0,0,-1.08,-0.18,0,0,0,20.0,6,1,2,6,0,0,4,0,0.0,2,1,0,0,0
45,1,0,-2.28,-0.08,0,0,1,30.0,1,0,1,3,1,0,1,0,1.0,0,0,0,0,1
29,1,0,0.6,,0,1,1,27.0,2,1,1,9,0,0,1,0,0.0,1,0,0,0,1
56,0,0,0.9,0.2,0,1,3,33.0,6,1,5,4,1,1,4,0,2.0,2,0,0,1,0
28,1,0,-0.89,0.56,0,1,2,33.0,6,0,5,5,1,1,2,0,2.0,2,0,0,0,0
35,0,0,1.25,-0.32,1,1,2,38.0,7,0,4,2,1,1,2,0,1.0,2,0,0,0,0
50,1,0,1.56,-0.14,0,1,3,37.0,6,1,5,5,1,0,6,0,2.0,3,0,1,1,0
57,1,0,,0.53,0,1,2,29.0,6,0,5,5,1,0,4,1,2.0,2,1,0,1,0
32,1,0,-1.95,1.22,1,1,1,23.0,3,1,2,4,1,1,0,1,0.0,2,0,1,0,0
58,1,1,-0.93,1.11,0,1,1,24.0,3,1,2,5,1,0,3,1,0.0,2,0,1,0,0
25,0,0,-1.04,-3.34,0,1,2,31.0,2,1,2,4,0,0,2,0,0.0,1,0,0,0,0
42,0,0,2.28,-1.86,0,1,2,30.0,5,1,2,9,0,1,4,1,0.0,2,0,1,0,0
31,1,0,-2.38,1.82,0,1,1,31.0,7,1,1,2,1,0,2,0,0.0,1,1,1,0,1
55,1,0,0.61,-0.79,1,0,1,26.0,3,1,1,2,1,0,1,0,0.0,2,0,0,0,0
27,0,0,-1.51,,0,1,2,38.0,5,0,1,2,1,1,2,1,0.0,2,0,0,0,0
44,1,0,-0.58,-0.52,0,0,1,20.0,2,0,5,3,0,1,2,1,0.0,3,1,0,1,0
30,0,0,-1.64,-1.49,1,1,3,25.0,1,0,2,3,0,1,5,0,1.0,1,1,1,0,1
27,0,0,0.13,-0.71,0,1,3,23.0,1,0,5,2,1,1,4,1,2.0,3,0,1,0,0
43,0,0,-1.38,-0.56,1,1,2,28.0,0,0,4,6,1,1,6,0,0.0,1,0,1,1,0
33,0,0,-0.28,-0.44,1,1,3,36.0,7,1,5,2,1,0,5,1,1.0,0,0,0,0,0
43,1,0,-2.42,-1.16,0,1,1,27.0,3,1,2,4,0,0,4,0,0.0,1,0,0,0,0
34,1,0,-3.49,0.66,1,1,1,,6,1,1,6,0,0,1,0,0.0,3,0,0,0,1
40,1,0,-0.64,-0.11,1,1,2,33.0,6,1,4,10,0,0,4,1,0.0,1,1,0,1,0
31,0,0,1.34,0.21,0,1,2,27.0,1,1,5,7,0,0,5,0,2.0,3,0,0,0,0
50,1,0,-0.91,-0.17,0,1,1,31.0,1,1,1,6,0,0,3,1,0.0,1,1,0,0,0
56,0,0,-1.17,-0.7,0,0,1,31.0,6,1,2,6,0,0,5,0,0.0,1,0,0,0,0
24,0,1,1.46,-0.97,1,1,2,22.0,2,1,1,3,0,0,2,0,0.0,1,0,1,0,1
39,1,0,-3.65,-1.66,0,1,1,26.0,7,1,2,5,1,0,1,1,0.0,2,0,0,1,0
56,1,0,-0.43,0.62,1,1,1,31.0,1,1,3,8,1,0,4,1,0.0,2,0,1,1,0
57,1,0,-1.84,-0.33,0,0,2,37.0,6,1,2,7,1,0,5,1,0.0,2,1,1,0,0
59,0,0,-1.3,0.97,0,0,0,37.0,6,0,1,10,0,0,1,0,0.0,1,0,1,1,0
26,1,1,-2.38,0.2,1,1,1,42.0,2,1,2,2,1,0,3,0,0.0,2,1,1,0,1
58,0,0,-0.79,1.64,0,1,3,32.0,2,0,5,3,0,1,6,1,1.0,2,0,1,0,0
26,0,0,-0.08,-0.4,1,0,2,27.0,7,0,4,3,1,1,6,0,1.0,0,0,0,0,0
33,1,0,-1.34,-1.15,1,1,0,29.0,2,1,2,7,0,1,2,0,0.0,0,0,1,0,1
40,1,0,-2.19,1.6,0,0,0,28.0,3,1,1,8,1,0,1,0,0.0,0,1,0,0,1
55,0,0,-2.9,0.89,0,0,0,27.0,3,1,1,6,1,0,3,0,0.0,3,0,1,0,1
39,0,0,0.86,-1.8,0,1,3,31.0,2,1,5,4,1,1,5,1,2.0,3,0,1,1,0
50,1,0,-1.32,0.2,0,1,2,32.0,6,1,1,9,0,0,3,1,,1,0,0,0,0
44,1,0,,0.77,0,1,2,22.0,6,0,5,3,1,1,3,1,2.0,3,0,0,0,0
41,1,0,-2.2,-0.24,0,1,3,36.0,3,0,4,7,0,0,5,0,2.0,3,0,1,1,0
28,0,0,-0.3,-1.39,0,1,2,18.0,6,1,3,6,0,0,4,0,0.0,1,0,1,0,0
59,0,0,-1.34,-0.37,0,1,1,28.0,1,1,2,2,0,0,3,1,1.0,2,1,1,1,0
27,1,0,,0.17,0,1,1,36.0,0,0,4,3,1,1,5,1,2.0,2,0,1,0,0
32,0,0,,-0.88,1,1,0,33.0,5,1,2,5,0,0,2,0,0.0,2,0,0,0,0
54,0,0,0.17,0.62,1,1,1,27.0,7,0,3,7,1,1,2,0,0.0,2,1,0,1,0
45,1,0,-0.06,-1.55,1,1,3,41.0,0,0,5,8,1,1,2,1,2.0,3,0,0,0,0
35,0,0,-2.32,0.16,0,1,2,26.0,1,1,4,6,1,1,4,0,0.0,3,0,1,0,0
31,0,0,1.7,2.0,0,1,2,17.0,5,1,5,2,1,1,6,0,1.0,3,0,1,0,1
29,0,1,-0.8,0.58,0,1,2,32.0,6,0,4,3,1,1,4,0,2.0,2,0,1,0,0
33,1,0,1.68,1.27,0,1,0,18.0,0,0,2,3,0,0,1,0,0.0,3,0,1,0,1
52,1,0,-1.32,-0.16,0,1,2,24.0,3,1,4,8,1,1,4,0,2.0,1,1,1,1,0
53,1,1,-2.96,0.03,0,0,1,33.0,6,1,2,10,0,0,5,0,0.0,0,0,1,1,0
48,1,0,1.48,-0.37,0,0,2,26.0,3,1,5,3,0,1,3,1,2.0,2,0,1,1,0
46,0,0,0.27,-0.34,0,1,3,32.0,1,1,5,4,1,1,5,0,2.0,2,1,1,0,0
34,1,1,0.11,0.33,0,0,2,22.0,1,1,2,5,1,1,2,0,0.0,3,1,0,0,1
49,1,0,-1.64,-0.96,0,1,3,34.0,3,1,4,4,1,1,6,1,2.0,2,0,0,0,0
58,0,0,-2.77,-0.03,0,1,0,19.0,4,1,1,8,0,0,3,0,,3,0,1,0,0
36,0,1,-2.06,0.47,0,1,2,37.0,6,0,4,3,1,1,3,1,1.0,3,0,1,0,1
44,1,0,-3.58,-1.24,0,1,2,26.0,6,1,4,7,0,1,2,1,1.0,3,0,1,0,0
57,1,1,-1.11,1.03,0,1,3,38.0,6,0,5,2,1,1,5,0,2.0,3,0,0,1,0
29,1,0,-2.68,2.09,1,1,1,24.0,7,1,4,6,1,1,3,0,0.0,2,0,0,0,1
40,1,0,-0.29,0.87,0,1,2,41.0,3,0,4,7,0,1,3,0,2.0,2,0,1,0,0
49,0,1,-0.77,-1.88,0,1,2,23.0,3,1,5,6,0,1,4,0,0.0,3,1,0,1,0
35,1,0,-1.93,2.28,0,0,0,18.0,7,0,3,4,0,0,2,1,0.0,1,0,1,0,0
27,0,0,-0.75,-2.47,0,1,0,29.0,2,1,1,2,0,0,3,0,0.0,2,0,1,0,0
30,1,0,-1.16,-1.98,0,1,0,36.0,6,1,1,3,0,0,1,1,0.0,1,1,1,0,0
55,0,0,1.37,-1.7,1,1,2,34.0,6,1,5,6,1,0,5,0,2.0,0,0,1,0,0
33,0,0,1.89,-0.3,0,1,3,36.0,0,0,4,4,1,1,5,1,1.0,3,0,0,0,0
55,1,0,-1.19,-2.8,1,0,0,34.0,4,1,1,7,0,0,1,0,0.0,0,0,1,0,1
52,1,0,0.27,-2.27,0,0,3,24.0,1,0,4,5,1,1,5,0,2.0,2,1,0,1,0
46,0,1,-0.21,-0.72,0,1,2,34.0,1,0,4,2,0,1,3,1,2.0,0,0,1,1,0
35,1,0,0.88,-1.59,0,0,0,30.0,4,1,1,2,0,0,3,0,0.0,1,0,0,0,0
39,0,0,-2.37,-0.41,1,1,1,25.0,2,1,3,3,0,0,3,0,0.0,0,0,1,0,0
35,1,0,-1.03,0.44,0,1,2,30.0,6,0,4,8,1,1,2,1,2.0,1,0,1,0,0
37,1,0,-2.19,1.35,0,1,2,29.0,7,1,3,5,1,1,4,1,0.0,1,0,1,1,0
37,1,0,,-0.15,0,0,1,37.0,6,1,3,2,1,0,4,0,0.0,1,0,1,1,0
38,1,0,-1.42,0.25,1,1,1,26.0,2,1,2,4,0,1,4,0,0.0,1,0,1,0,1
35,0,0,-1.98,-0.49,0,1,1,26.0,2,0,2,2,0,0,3,0,1.0,2,0,1,0,1
38,0,1,-1.21,,1,0,1,25.0,2,1,1,6,0,0,2,1,0.0,2,1,0,1,0
42,1,0,0.57,1.56,0,1,3,40.0,1,1,5,10,1,1,3,0,2.0,2,1,1,1,0
42,0,0,-0.17,-0.55,0,0,2,25.0,7,1,5,2,1,1,3,1,2.0,2,1,1,1,0
59,0,0,-0.01,-1.38,0,1,2,37.0,3,1,4,2,1,0,5,0,0.0,2,0,0,1,0
30,0,1,0.35,-0.87,0,0,1,23.0,2,1,1,5,0,1,2,1,0.0,1,1,1,0,0
58,0,0,-0.56,-0.66,0,0,1,32.0,6,1,2,4,0,0,2,0,0.0,3,1,1,0,1
54,1,0,-2.87,-0.5,0,1,0,31.0,3,1,1,11,1,0,1,0,0.0,2,0,1,1,0
57,1,0,-1.51,-0.11,0,1,2,36.0,0,0,3,6,0,1,2,0,0.0,1,0,0,1,0
52,1,0,-1.75,-0.34,0,0,1,36.0,1,0,3,3,0,1,3,1,0.0,2,1,0,1,0
45,0,0,1.62,-1.22,0,1,3,29.0,5,0,5,2,1,1,6,0,2.0,3,1,1,0,0
39,1,1,-1.46,-0.29,0,1,2,26.0,6,1,4,6,1,0,5,0,1.0,3,0,1,0,0
59,1,0,-2.37,0.0,0,0,1,39.0,1,1,1,7,0,1,2,0,0.0,2,0,0,1,0
53,1,0,-2.28,1.32,1,1,1,25.0,7,1,2,4,1,0,2,1,0.0,3,0,0,0,0
37,0,0,-1.04,-0.61,1,1,2,15.0,6,1,4,10,1,0,2,1,1.0,2,0,0,0,0
34,0,0,-1.68,-0.22,0,0,1,,6,1,2,8,0,1,4,1,0.0,3,0,0,0,0
31,1,0,-1.11,-0.17,0,0,3,19.0,2,0,4,2,1,1,2,1,1.0,2,0,1,0,0
48,1,0,0.85,-0.48,0,1,2,33.0,0,0,5,3,1,1,2,1,2.0,3,0,0,1,0
56,0,0,-0.72,-0.54,1,1,2,42.0,6,0,4,2,1,1,3,1,1.0,1,1,1,0,0
55,0,0,-0.54,,0,0,3,17.0,2,1,3,9,0,0,4,0,0.0,2,0,1,1,0
53,1,0,0.26,0.32,0,1,2,24.0,5,0,3,2,1,1,4,1,0.0,2,0,1,1,1
54,1,0,-0.02,0.46,0,0,1,30.0,6,1,2,3,0,0,4,1,0.0,2,1,0,1,0
38,0,0,-2.04,-0.7,1,0,0,38.0,1,1,1,7,1,1,1,1,0.0,3,0,1,0,1
52,1,1,-0.15,0.21,0,1,2,24.0,6,1,1,3,0,0,4,0,0.0,2,0,0,1,0
32,1,0,-1.0,-1.95,0,0,1,33.0,7,1,2,5,1,0,2,0,0.0,1,0,1,0,0
44,1,0,-0.91,1.43,0,1,3,27.0,6,1,4,8,1,0,4,1,2.0,2,0,0,1,0
37,1,0,-0.14,-1.06,0,1,1,45.0,3,1,1,8,0,0,2,0,0.0,2,0,1,0,0
33,1,1,-0.65,-0.39,0,1,2,30.0,6,1,3,7,1,0,4,0,1.0,1,0,1,0,1
39,1,0,-0.04,0.88,0,1,2,31.0,5,1,4,2,1,1,2,1,0.0,3,1,0,1,0
51,1,0,-1.46,-1.74,0,1,2,30.0,6,1,1,5,1,0,2,0,1.0,1,0,0,1,0
54,0,0,-0.9,-0.61,0,1,0,27.0,6,0,3,3,1,1,1,0,0.0,2,0,0,1,0
45,1,0,-0.85,-0.69,0,1,3,35.0,6,0,5,9,1,0,5,1,1.0,3,0,1,0,0
38,1,0,-0.99,0.42,0,1,1,22.0,2,1,3,6,1,0,4,0,1.0,1,1,1,1,0
46,0,1,-2.17,-1.23,0,1,1,17.0,1,1,1,4,1,1,2,1,0.0,1,0,1,0,0
41,1,0,-0.1,0.71,0,1,2,28.0,2,1,4,9,1,1,6,1,0.0,1,0,1,1,0
36,1,1,0.08,-0.03,0,1,1,34.0,5,1,1,7,0,0,3,0,0.0,2,1,0,1,0
30,1,0,-0.58,-1.61,0,1,2,26.0,5,1,4,5,0,1,4,0,0.0,3,0,0,0,0
40,0,1,-0.79,,0,1,1,30.0,5,1,1,6,0,1,1,0,,2,1,0,0,0
50,0,0,-0.97,1.66,0,1,0,22.0,3,1,2,10,0,0,2,1,0.0,2,1,1,0,0
44,0,0,0.72,-1.03,0,0,2,35.0,6,0,3,7,1,1,4,1,1.0,2,0,0,1,0
46,1,1,0.64,-0.72,1,1,2,33.0,7,1,2,3,0,0,2,0,0.0,2,0,0,1,0
51,1,0,-1.34,-1.42,0,1,1,29.0,2,0,3,7,1,0,3,1,0.0,2,0,0,1,0
29,0,0,-2.78,-0.26,0,1,2,30.0,6,1,2,3,0,0,4,0,0.0,0,0,0,0,0
53,0,0,-2.47,0.81,0,1,2,21.0,6,1,1,8,0,0,2,1,0.0,2,1,1,1,1
34,0,0,1.12,-0.64,0,1,3,21.0,5,0,5,2,1,1,4,0,2.0,3,1,1,0,0
33,0,1,-0.73,,0,1,2,28.0,1,1,3,11,0,1,5,0,1.0,3,1,1,0,0
35,0,0,-2.31,0.99,0,1,1,32.0,6,1,1,9,0,0,4,0,0.0,0,1,1,0,0
52,1,0,1.83,-0.72,0,1,3,32.0,7,0,5,3,0,1,5,1,2.0,3,0,1,1,0
46,1,0,-1.19,-0.91,1,1,2,27.0,6,1,2,7,0,0,4,0,0.0,0,1,1,0,0
25,0,0,-1.01,-0.36,0,1,2,33.0,7,1,3,5,1,0,3,0,0.0,3,0,1,0,1
24,1,0,-0.72,-1.78,0,1,2,38.0,7,1,4,7,0,0,6,1,1.0,1,0,0,0,0
48,1,0,,-0.96,0,1,2,28.0,3,1,3,5,1,1,4,0,1.0,2,0,0,0,0
45,0,0,-1.26,1.82,1,1,2,31.0,5,1,4,4,0,1,3,0,0.0,3,0,1,0,0
36,0,0,0.28,-0.16,0,0,1,28.0,4,1,1,9,0,0,4,1,0.0,1,0,0,0,0
33,1,0,,0.65,1,1,2,28.0,7,0,5,4,1,1,4,1,2.0,0,1,1,0,0
50,1,0,1.41,0.67,0,1,2,30.0,0,0,5,4,1,1,6,1,2.0,3,0,1,1,0
56,0,0,0.43,0.51,0,1,3,39.0,3,1,3,4,1,0,3,1,0.0,1,0,0,0,0
55,1,0,-0.35,-0.52,0,1,1,34.0,6,1,3,8,0,0,2,1,0.0,2,0,1,1,0
53,1,0,0.27,-0.1,0,1,1,34.0,2,1,4,2,0,1,2,0,0.0,2,0,0,0,0
25,0,0,-0.42,0.33,0,1,1,26.0,6,1,4,4,1,1,4,0,1.0,3,0,0,0,1
44,1,0,-1.56,-0.59,0,1,1,24.0,3,0,3,2,1,1,3,0,1.0,2,0,1,1,0
34,0,0,,1.05,0,0,2,31.0,7,1,1,6,0,0,2,0,1.0,1,1,0,0,0
34,0,1,-1.4,-1.88,0,0,2,36.0,6,1,2,6,0,0,4,0,0.0,1,0,0,0,0
55,1,0,0.85,-0.42,1,1,2,39.0,2,0,3,4,1,1,3,1,0.0,2,0,1,1,0
33,1,0,0.44,0.93,0,1,1,15.0,6,0,2,4,1,0,2,0,0.0,1,0,1,0,0
48,1,0,-0.52,0.73,0,0,1,44.0,3,0,1,2,1,0,1,0,0.0,1,0,1,0,1
26,0,0,-0.2,-0.76,1,0,0,32.0,5,1,1,2,0,0,0,0,0.0,2,0,0,0,1
50,1,0,0.56,0.37,0,1,3,34.0,6,1,5,7,1,1,4,1,2.0,2,0,1,1,0
37,0,0,-0.46,0.04,1,1,2,19.0,6,1,1,6,0,0,3,0,0.0,0,0,0,0,0
27,1,0,-0.74,2.23,0,1,3,28.0,0,0,5,2,1,1,6,1,2.0,3,0,1,0,0
29,1,0,-0.46,-0.9,0,1,1,34.0,2,1,3,5,1,1,2,1,0.0,2,0,1,0,0
37,1,0,0.13,0.19,1,1,2,22.0,6,0,4,7,1,1,5,0,2.0,0,1,1,1,0
46,1,0,-0.92,-0.68,0,1,0,15.0,5,1,1,4,0,0,2,0,0.0,2,1,1,0,0
53,0,0,-1.03,0.66,0,1,0,31.0,4,1,1,7,0,1,5,0,0.0,3,1,1,0,1
55,1,0,0.23,-0.08,0,1,3,29.0,0,0,5,5,0,0,5,1,2.0,1,0,0,1,0
53,1,0,2.23,-0.56,0,0,2,38.0,3,0,5,5,1,1,5,0,2.0,2,0,1,1,0
26,0,0,-0.37,0.72,1,1,1,28.0,6,0,4,3,1,1,2,1,1.0,3,0,0,0,0
52,0,0,0.4,-0.9,0,1,3,28.0,0,0,3,12,1,1,3,1,1.0,1,1,1,0,0
56,1,0,-1.15,-0.07,0,1,1,33.0,3,1,1,4,0,0,2,0,1.0,1,1,1,0,0
45,1,0,-0.21,0.57,0,1,2,35.0,7,0,3,5,1,1,3,1,1.0,2,0,1,0,0
38,0,0,-1.13,-1.67,0,1,2,25.0,0,0,5,3,1,1,3,1,2.0,2,0,1,1,0
54,0,0,-0.96,-0.75,0,1,1,35.0,6,1,5,2,1,0,6,0,2.0,1,1,0,1,0
25,0,0,-1.14,1.81,1,0,2,26.0,2,1,3,10,0,0,3,1,2.0,1,1,0,0,0
24,1,0,-2.56,0.04,0,1,1,29.0,6,1,2,6,1,1,4,1,0.0,1,0,1,0,0
27,1,0,0.15,-1.08,0,1,3,33.0,6,0,5,2,1,1,3,0,2.0,1,0,1,0,1
49,1,0,-1.82,,0,1,2,34.0,6,0,2,3,1,0,2,0,1.0,2,0,0,0,0
24,0,0,-1.81,-1.97,0,0,2,31.0,1,1,3,5,0,1,5,0,0.0,1,1,0,0,1
27,0,0,1.9,0.07,1,1,2,23.0,5,1,3,8,0,1,5,1,2.0,3,0,1,0,0
45,1,0,0.31,,0,1,2,18.0,6,1,1,6,1,0,2,0,0.0,1,1,1,0,0
45,1,0,1.2,-0.35,1,0,1,28.0,2,1,1,8,0,0,3,0,0.0,1,1,1,0,0
33,1,0,-0.64,-0.85,1,1,2,35.0,2,0,3,2,1,0,3,1,1.0,2,0,1,0,0
54,1,0,-0.31,1.85,0,1,3,32.0,0,0,5,2,1,1,4,1,1.0,2,1,0,1,0
40,1,0,0.2,-0.27,1,1,1,30.0,7,1,5,6,0,1,4,1,1.0,1,0,0,0,0
46,1,0,0.12,-1.91,0,1,2,29.0,6,0,4,5,0,1,2,0,2.0,2,0,0,0,0
50,0,1,-1.8,-0.34,1,0,1,31.0,5,1,2,3,0,0,5,0,0.0,1,0,0,0,0
48,0,0,-2.0,0.91,0,0,1,23.0,6,1,1,4,0,0,1,0,0.0,2,1,1,0,0
39,0,0,-0.22,,1,1,1,34.0,5,1,2,6,0,0,2,1,0.0,1,0,1,1,1
44,0,0,-2.72,-3.48,0,0,1,34.0,4,0,2,4,0,1,3,1,0.0,3,0,1,0,1
31,0,0,-0.08,-1.02,0,1,2,27.0,3,1,2,3,0,0,4,1,0.0,2,0,0,0,0
47,0,0,-0.87,-0.47,0,1,2,32.0,6,1,3,3,0,0,3,0,0.0,1,0,0,0,0
54,1,0,0.14,-0.01,1,1,2,19.0,1,1,2,6,0,0,5,0,0.0,1,1,1,1,0
48,1,0,,-1.38,0,1,1,30.0,6,0,4,6,1,1,1,0,2.0,2,0,1,0,0
31,1,0,0.2,0.54,1,0,1,28.0,6,0,4,7,1,0,2,1,0.0,3,0,1,0,1
59,1,1,-2.22,0.83,1,1,3,37.0,3,0,3,2,0,1,4,1,1.0,2,0,0,1,0
50,1,0,,-1.06,0,1,2,28.0,5,1,2,6,1,0,3,1,0.0,1,1,1,0,0
58,0,0,-1.76,0.01,0,1,3,34.0,1,0,5,2,0,1,6,0,2.0,3,0,1,1,0
48,1,0,-1.7,0.55,0,1,1,27.0,7,1,1,4,0,0,5,0,0.0,1,1,0,0,0
47,0,0,-1.81,,0,1,2,15.0,7,1,5,4,1,0,3,1,2.0,2,0,1,1,0
52,1,0,-0.92,,1,0,0,28.0,7,1,3,3,1,0,3,0,1.0,2,0,1,1,0
54,1,0,-1.75,-0.62,1,1,1,30.0,3,1,3,8,1,0,5,0,0.0,1,0,1,0,1
40,1,0,-0.79,0.51,0,1,2,30.0,1,0,5,2,1,1,3,0,2.0,0,0,1,0,0
47,1,0,-0.74,-0.33,0,1,1,30.0,1,0,3,6,1,1,2,0,1.0,2,0,1,0,0
57,1,0,-0.28,-0.85,0,1,1,26.0,0,0,3,4,1,1,5,0,2.0,3,0,0,0,0
52,0,0,-1.79,0.24,0,1,3,27.0,1,1,1,4,1,0,3,1,0.0,1,0,0,1,0
28,1,0,-0.86,0.47,0,1,2,22.0,0,0,4,6,0,1,5,1,1.0,2,0,0,0,0
56,0,0,0.04,-0.03,0,1,2,17.0,7,1,4,6,1,1,5,0,0.0,2,1,0,1,0
43,0,0,-0.51,0.98,0,1,2,28.0,0,0,4,2,1,0,4,1,1.0,3,0,1,0,0
30,0,0,-0.17,,0,1,3,25.0,1,0,5,5,1,0,4,1,2.0,3,0,1,0,0
49,1,0,-0.55,-0.35,0,0,0,35.0,6,0,1,4,0,1,2,0,0.0,3,0,0,0,0
58,0,1,-2.12,0.1,0,1,2,16.0,5,0,3,2,1,1,5,0,1.0,0,0,0,0,0
55,1,0,0.58,0.3,1,1,2,31.0,6,1,4,4,1,1,5,0,1.0,1,0,0,1,0
29,1,0,1.51,-1.1,1,1,0,42.0,5,1,2,8,1,0,2,1,0.0,2,0,1,0,1
47,1,0,-0.42,1.79,1,1,1,28.0,6,0,3,4,1,0,3,1,0.0,1,1,0,0,1
29,1,0,-1.26,0.57,0,1,1,29.0,5,0,3,5,0,1,2,0,1.0,1,0,1,0,0
47,1,0,-2.85,-0.26,0,0,1,32.0,5,0,1,6,0,0,3,0,0.0,1,0,0,0,1
41,0,0,-1.76,-0.24,0,0,1,32.0,6,1,1,5,0,1,2,0,0.0,2,0,1,0,0
58,1,0,0.04,-0.1,0,1,2,27.0,3,1,4,3,0,1,3,1,0.0,0,1,1,1,0
24,1,0,-0.95,1.28,0,1,2,23.0,3,1,2,3,0,0,2,0,0.0,2,1,1,0,1
38,0,0,-1.03,,0,1,1,33.0,4,0,2,3,1,0,3,1,0.0,3,0,1,0,0
52,1,0,,0.37,0,1,1,18.0,1,1,1,6,1,0,3,0,0.0,2,0,1,0,0
43,1,0,-1.91,2.22,0,1,0,34.0,6,1,1,7,0,0,1,0,0.0,2,1,1,0,1
41,0,0,-0.07,0.65,0,1,3,27.0,2,0,5,3,1,1,6,0,2.0,1,0,0,0,0
48,1,1,-1.44,-0.84,1,1,3,29.0,1,0,5,4,1,1,4,0,2.0,3,0,0,1,0
34,0,1,-1.73,0.48,0,1,0,26.0,2,1,1,13,0,0,3,1,0.0,1,1,1,0,1
33,1,0,-0.42,0.43,0,1,2,38.0,6,0,3,2,0,1,6,0,1.0,3,1,1,0,0
36,1,0,0.79,1.21,1,1,2,30.0,3,1,2,5,0,0,3,0,0.0,1,0,0,0,0
37,1,0,-1.92,0.49,0,0,2,27.0,6,1,1,10,1,0,3,0,0.0,1,0,0,0,1
32,1,0,-0.35,-0.12,1,1,1,27.0,6,1,1,7,0,0,3,0,0.0,3,0,0,0,1
48,1,0,0.59,0.94,1,1,2,28.0,0,0,4,3,0,0,5,0,1.0,2,1,0,0,0
36,1,0,-0.89,-1.78,0,1,2,43.0,6,1,3,7,1,0,2,0,1.0,1,0,0,0,0
38,0,0,-0.93,0.54,0,1,2,21.0,2,0,5,2,1,1,4,1,2.0,1,0,0,0,0
30,1,0,1.53,0.63,0,1,3,35.0,1,0,5,4,1,1,6,1,1.0,3,0,1,0,0
56,0,0,-2.84,-1.59,0,1,0,32.0,6,1,1,5,0,0,1,0,0.0,2,0,0,1,0
29,1,0,-1.16,0.1,0,1,3,38.0,7,0,4,3,1,1,2,1,1.0,1,0,0,0,0
44,0,1,-2.85,-0.84,0,1,0,33.0,2,1,2,4,0,1,3,1,0.0,3,0,1,1,0
57,0,0,-1.6,-0.62,0,1,2,29.0,5,1,2,4,1,0,6,0,0.0,1,1,0,0,1
48,0,0,,0.9,0,1,2,35.0,2,0,4,3,1,0,4,0,1.0,1,1,1,0,0
59,0,0,0.52,-1.29,0,0,1,30.0,5,1,1,6,0,0,4,1,0.0,1,1,0,1,0
29,1,0,-1.82,-0.49,1,1,0,34.0,5,1,1,5,0,1,2,1,0.0,1,1,1,0,0
41,0,0,2.04,-0.95,1,1,2,38.0,5,1,4,5,0,1,4,0,1.0,3,1,1,0,0
58,1,0,0.44,0.13,0,1,2,30.0,5,1,3,9,0,0,6,0,2.0,2,1,1,0,0
26,0,0,-1.55,0.15,0,1,1,26.0,1,0,2,2,1,0,4,0,0.0,3,0,1,0,0
59,0,0,-1.32,-1.39,0,1,1,25.0,6,1,3,2,0,0,3,0,0.0,2,1,0,0,0
27,0,0,-0.59,-0.52,1,1,2,32.0,6,1,2,5,0,0,2,0,0.0,1,1,0,0,0
48,1,0,,,0,1,0,24.0,6,1,2,5,0,0,0,0,0.0,2,1,0,0,0
53,0,0,,0.02,0,1,1,27.0,0,0,3,4,1,0,6,0,0.0,1,0,0,0,1
31,1,0,-1.15,1.01,0,1,1,23.0,3,0,5,2,1,1,4,1,0.0,1,0,1,0,1
54,0,1,-3.47,-1.22,1,1,1,32.0,3,1,1,8,1,1,1,0,0.0,2,0,1,1,0
43,0,0,1.42,,0,0,2,24.0,0,0,3,3,0,1,3,0,0.0,2,0,0,1,0
46,1,0,0.15,1.37,0,1,3,21.0,2,0,5,4,1,1,6,1,2.0,3,1,1,1,0
27,0,0,-1.18,0.6,0,1,2,22.0,3,1,2,4,0,0,6,0,1.0,2,0,0,0,0
26,1,0,-1.74,-1.14,1,0,1,26.0,6,1,2,3,0,1,3,0,0.0,1,1,1,0,0
25,0,0,-1.02,-0.13,0,1,2,26.0,2,1,4,6,1,0,6,1,,1,0,1,0,0
36,1,0,-2.88,0.16,1,0,1,31.0,6,1,1,2,0,0,2,0,0.0,1,0,1,0,1
34,0,0,,0.71,1,1,1,28.0,5,1,2,7,0,0,3,1,0.0,1,1,0,0,1
46,1,0,0.66,0.3,0,1,3,31.0,6,0,4,5,1,1,5,0,2.0,2,0,0,1,0
32,0,0,0.76,-0.45,0,1,2,32.0,4,0,1,4,1,1,2,0,0.0,0,0,1,0,0
40,1,0,-0.21,-0.35,0,0,0,33.0,4,1,2,8,0,1,3,0,0.0,3,0,1,0,0
58,0,0,-0.33,-0.22,1,1,1,18.0,5,1,1,6,0,0,2,0,0.0,2,0,0,1,0
58,1,0,0.96,-1.6,0,1,2,22.0,7,1,4,4,1,0,4,0,1.0,2,0,1,0,0
50,1,0,,-1.28,0,1,1,32.0,4,1,2,2,0,0,2,0,0.0,0,1,0,1,0
44,0,0,-1.92,1.22,0,0,2,30.0,5,0,4,4,1,1,4,0,0.0,3,0,0,1,0
49,1,0,-0.3,0.6,1,0,1,35.0,5,0,1,3,1,0,5,0,0.0,3,1,0,0,0
50,0,0,-1.5,,0,1,0,20.0,6,0,4,2,1,1,6,0,0.0,2,1,0,1,0
51,0,0,-0.55,-0.34,1,0,3,26.0,0,0,3,6,1,0,5,0,0.0,2,0,0,1,0
37,1,0,-2.13,-0.92,1,1,1,27.0,5,1,2,3,0,1,2,0,1.0,1,1,1,0,1
36,1,1,-0.51,-1.72,0,1,0,30.0,4,1,1,5,1,1,3,0,0.0,2,0,1,0,0
44,0,0,-0.21,0.69,1,0,1,29.0,7,1,1,5,0,0,3,1,0.0,0,0,0,1,0
59,1,0,-2.14,-0.94,0,0,1,32.0,4,0,4,8,0,1,5,0,1.0,1,0,1,0,0
48,0,0,-0.85,-0.48,0,1,1,28.0,4,1,2,5,1,1,4,0,0.0,1,0,0,0,0
44,1,0,0.6,2.31,1,1,2,37.0,7,0,3,6,0,0,2,1,1.0,2,1,0,1,0
58,1,0,-1.49,-0.76,0,0,0,39.0,4,1,1,5,0,0,2,1,0.0,2,1,1,1,1
31,0,0,-1.21,-1.01,0,1,1,22.0,1,1,1,4,1,1,3,1,0.0,1,1,0,0,0
51,1,0,0.95,0.94,0,1,2,29.0,1,0,5,8,1,0,5,0,2.0,3,0,0,1,0
48,0,0,-0.53,1.06,0,1,3,34.0,0,0,4,6,1,1,4,1,2.0,1,0,0,1,0
33,1,0,-0.41,-1.88,1,1,1,33.0,0,0,5,7,1,1,4,1,2.0,0,0,0,0,0
43,0,0,-0.07,1.07,1,1,1,27.0,3,1,2,5,1,0,4,1,0.0,0,0,1,0,0
43,0,0,-1.76,-1.0,0,1,2,31.0,6,1,3,8,1,1,2,0,0.0,2,1,1,0,0
45,0,0,-2.13,1.35,1,1,0,19.0,6,1,1,2,1,0,3,0,0.0,2,0,0,0,1
58,0,0,-2.5,1.26,0,1,1,29.0,0,0,4,6,0,0,4,1,2.0,2,0,1,1,0
33,0,0,1.93,0.11,0,1,2,20.0,5,0,4,5,1,1,6,0,2.0,3,1,0,0,0
38,1,0,-0.83,,0,1,1,32.0,1,1,2,8,0,0,5,1,0.0,1,1,1,0,1
45,1,0,0.61,1.0,1,1,2,,7,0,3,6,0,0,4,0,2.0,2,0,1,0,0
27,0,0,-2.12,0.32,0,0,1,30.0,1,1,3,9,1,1,4,1,1.0,2,0,0,0,1
26,0,0,,-0.71,0,1,2,31.0,5,1,5,3,0,1,3,1,0.0,1,0,0,0,0
38,0,0,-0.94,0.42,0,1,2,29.0,3,1,3,4,1,1,3,1,0.0,1,1,0,0,1
53,1,0,1.35,-1.15,0,1,3,25.0,6,1,4,9,1,0,5,1,1.0,2,1,0,0,0
37,1,0,,0.33,0,1,1,28.0,3,0,5,3,1,1,2,1,1.0,1,0,1,0,0
45,1,0,,0.35,0,0,1,36.0,6,0,5,5,0,1,3,1,2.0,3,0,0,1,0
51,0,0,0.65,,0,1,2,26.0,2,0,3,3,0,0,4,0,1.0,2,0,1,1,0
47,1,0,-0.16,1.19,1,1,3,29.0,7,0,4,8,1,1,6,0,2.0,3,0,0,0,0
45,0,0,-2.47,-0.67,0,1,0,,5,1,2,7,0,0,2,1,0.0,2,0,1,0,1
44,1,0,-2.49,-0.74,0,1,2,,6,1,3,5,1,0,2,1,0.0,0,0,0,0,1
43,1,0,0.47,0.09,0,0,3,29.0,6,0,5,3,0,1,4,1,2.0,1,0,0,1,0
59,0,0,-0.78,0.72,1,1,1,24.0,7,1,3,4,0,0,3,0,0.0,3,0,1,0,1
38,1,0,0.23,-0.15,0,1,3,29.0,2,0,5,4,1,1,5,0,1.0,3,0,0,1,0
26,1,0,-0.7,-1.79,0,1,1,28.0,2,1,2,5,0,0,2,1,0.0,1,0,0,0,0
55,0,0,-0.17,-0.2,1,1,3,37.0,2,0,5,3,1,1,5,0,2.0,2,0,0,1,0
40,0,0,-0.09,0.14,0,0,1,29.0,2,1,4,6,0,1,2,0,1.0,2,0,0,0,0
59,0,0,0.6,-0.8,0,1,3,,5,1,4,5,0,1,6,1,1.0,2,0,1,0,0
48,0,0,-0.77,-2.45,1,1,2,32.0,7,1,3,6,1,0,2,0,0.0,1,0,0,1,1
44,0,0,0.37,0.29,0,1,3,40.0,7,1,4,8,1,1,4,1,2.0,2,0,1,0,0
45,0,1,-0.88,-1.57,0,1,2,36.0,5,1,1,7,0,0,2,1,0.0,1,0,1,1,0
36,0,1,0.13,0.87,0,1,2,22.0,5,1,3,5,1,1,3,1,0.0,1,0,0,1,1
49,1,1,-3.52,2.2,0,1,3,27.0,6,1,3,7,1,0,1,1,2.0,1,1,0,0,0
35,1,0,-1.53,,0,1,2,29.0,7,1,1,6,1,0,5,1,0.0,1,1,0,0,0
59,0,0,0.25,0.33,0,1,2,29.0,1,1,4,7,1,0,3,1,0.0,3,0,1,1,0
45,1,0,1.44,0.12,0,1,1,31.0,5,0,2,3,0,1,5,1,0.0,3,0,1,1,0
41,0,0,0.24,-1.71,0,1,0,27.0,6,1,2,5,1,0,2,0,0.0,2,0,0,0,0
33,0,0,,-2.6,1,1,0,24.0,2,1,2,5,0,0,3,0,0.0,1,1,1,0,0
52,1,0,1.72,-1.62,0,0,0,35.0,3,1,1,8,0,0,2,0,0.0,2,1,0,1,0
40,0,0,-0.55,-0.4,0,1,3,22.0,7,1,3,5,0,0,3,1,0.0,1,0,0,0,0
41,0,0,1.78,,0,1,2,24.0,7,1,3,3,0,1,4,1,1.0,2,0,0,1,0
29,0,0,-0.55,0.31,0,0,0,22.0,7,1,1,3,1,0,1,0,0.0,1,1,0,0,1
50,1,0,-1.88,-0.98,1,1,1,33.0,6,1,3,6,1,0,3,0,0.0,2,1,1,0,0
26,0,0,,-1.15,0,1,1,30.0,2,1,1,8,0,0,2,1,0.0,2,1,1,0,1
41,0,0,-0.27,-0.62,0,1,3,34.0,3,1,5,5,0,1,4,1,2.0,3,0,0,0,0
52,0,0,-0.21,-2.06,1,1,1,24.0,5,1,2,8,0,1,3,0,1.0,1,1,1,0,0
40,1,0,-1.5,-1.15,0,1,1,21.0,5,1,1,4,0,0,1,0,0.0,1,0,1,0,0
29,1,0,-1.05,0.2,0,1,1,26.0,5,1,1,3,1,0,3,0,0.0,0,1,1,0,1
58,0,0,1.67,,1,1,1,28.0,5,1,4,3,1,1,5,1,0.0,3,0,1,1,0
25,1,0,-0.4,-0.51,0,0,3,30.0,3,0,3,4,1,0,4,0,2.0,2,0,1,0,0
48,1,0,1.07,0.57,1,0,1,19.0,6,1,1,5,0,0,2,0,0.0,1,0,1,1,0
24,0,0,,-1.15,1,1,1,32.0,3,1,4,4,1,1,4,1,0.0,2,0,1,0,1
48,1,0,0.41,0.25,1,1,2,24.0,3,1,2,4,1,1,1,1,0.0,2,0,1,0,0
58,0,0,-0.64,-1.16,1,1,2,25.0,1,1,4,2,1,0,4,0,1.0,3,0,0,1,0
42,0,0,-0.46,0.81,0,1,2,36.0,1,1,4,8,1,1,5,1,0.0,2,0,1,0,0
24,0,0,-0.51,0.04,0,1,1,16.0,6,0,4,4,1,1,3,1,0.0,1,0,0,0,1
26,1,0,-0.11,0.22,0,1,3,31.0,3,0,5,4,0,1,4,0,2.0,2,0,1,0,0
32,0,0,-0.29,-0.39,1,1,2,31.0,2,1,1,10,0,0,6,1,0.0,2,1,0,0,1
36,1,0,0.14,0.28,0,0,0,24.0,6,1,1,4,1,0,1,0,0.0,1,0,0,0,1
55,0,0,2.23,-0.95,0,1,2,26.0,5,0,3,8,0,1,4,1,1.0,2,0,0,1,0
25,0,0,-0.96,,0,1,2,36.0,0,0,5,3,1,1,4,1,2.0,2,0,1,0,0
42,1,0,-0.01,-0.2,0,1,3,41.0,3,1,5,3,1,1,4,1,2.0,3,1,0,1,0
50,1,0,1.13,,0,1,3,35.0,1,1,5,7,1,1,4,1,2.0,0,0,1,1,0
47,0,0,-0.53,0.56,1,0,2,40.0,6,0,3,3,1,1,3,0,1.0,2,0,1,0,0
52,1,1,-3.33,-1.03,1,1,0,25.0,2,1,1,3,1,0,2,0,0.0,2,1,0,0,1
48,1,0,0.16,0.39,0,1,1,20.0,0,0,3,2,0,1,1,1,1.0,2,1,0,1,0
25,1,0,-1.52,-0.84,0,1,2,29.0,0,0,3,5,1,0,3,0,2.0,2,0,1,0,0
55,1,0,,-1.53,0,1,1,34.0,5,1,5,5,0,1,3,0,2.0,3,0,0,1,0
41,1,0,1.45,0.17,0,1,1,,0,0,4,6,1,0,6,1,1.0,3,0,0,1,1
41,0,0,-0.16,1.98,1,0,1,23.0,6,1,2,8,1,0,4,0,0.0,2,1,1,0,0
56,0,0,0.35,-0.68,0,1,2,24.0,1,1,4,8,1,0,6,1,1.0,3,0,0,1,0
51,0,0,0.53,0.25,0,1,1,31.0,5,1,1,6,1,0,4,1,0.0,2,1,0,1,0
27,0,0,-0.89,0.72,1,1,1,30.0,3,1,3,4,1,0,2,1,0.0,1,0,0,0,0
34,1,0,-0.8,-1.42,1,1,1,24.0,3,1,1,8,0,0,1,0,0.0,1,0,0,0,0
36,0,0,-0.73,-0.64,0,1,1,30.0,0,0,4,7,1,1,5,0,1.0,2,0,0,0,0
58,0,0,0.08,1.07,0,1,2,22.0,6,1,2,9,1,0,1,0,0.0,2,1,0,1,0
28,1,0,-2.72,0.4,0,0,1,26.0,7,1,1,6,0,0,2,0,0.0,3,1,1,0,1
41,0,0,-1.03,0.13,0,0,3,21.0,0,0,5,2,1,1,5,1,2.0,1,0,0,0,0
41,0,0,0.03,-1.52,1,1,3,28.0,1,0,5,2,0,1,5,1,2.0,3,1,0,1,0
30,0,1,,-0.76,0,0,1,24.0,7,1,2,6,0,0,2,0,0.0,2,1,1,0,1
43,1,0,1.81,0.5,0,1,2,33.0,5,0,4,6,1,1,6,0,2.0,2,1,1,0,0
32,0,0,-2.15,-3.32,0,1,0,29.0,1,1,2,3,1,0,2,0,0.0,1,0,0,0,1
38,0,0,-0.6,0.79,0,1,1,28.0,1,1,4,7,1,1,3,1,0.0,2,0,0,0,0
52,0,0,-0.68,0.95,0,1,1,40.0,6,1,2,7,0,0,3,0,0.0,2,1,1,0,1
54,1,0,-2.29,1.62,1,1,1,31.0,6,1,2,2,0,0,3,0,0.0,3,0,1,1,1
25,1,1,-2.7,1.01,1,0,0,27.0,5,1,1,3,0,0,3,1,0.0,2,0,0,0,1
38,0,0,-2.59,0.38,0,1,1,25.0,7,0,4,3,1,1,4,0,1.0,2,0,0,1,0
24,1,0,,0.24,0,1,3,22.0,4,0,5,7,1,1,3,1,2.0,3,0,1,0,1
27,0,0,-1.16,-0.38,1,1,3,29.0,2,0,4,5,1,1,6,0,2.0,2,1,1,0,0
24,0,0,0.07,-1.41,0,0,0,31.0,4,1,1,3,0,0,2,1,0.0,1,0,1,0,1
52,0,0,0.1,0.42,0,1,2,18.0,3,1,4,7,1,0,3,0,2.0,3,0,0,1,0
43,0,0,-0.82,-0.92,1,1,2,21.0,2,0,3,6,1,0,4,0,0.0,0,0,0,0,0
31,0,0,-1.02,-0.37,1,1,2,26.0,0,0,5,3,1,1,4,0,2.0,3,0,1,0,0
41,1,0,,1.93,0,1,0,22.0,3,1,1,8,0,0,3,0,0.0,2,1,1,0,1
50,0,0,-0.45,-0.68,0,1,2,29.0,6,0,5,2,1,1,3,1,2.0,1,0,0,1,0
34,1,0,0.39,0.22,0,1,3,30.0,0,0,4,4,1,1,5,1,2.0,2,1,1,0,0
39,1,0,1.32,-1.56,1,1,3,28.0,3,0,5,3,1,0,5,0,2.0,0,0,0,0,0
29,1,1,-2.71,-1.08,0,1,0,32.0,6,1,1,4,1,0,0,0,0.0,0,0,0,0,1
31,1,0,-1.1,-0.91,0,1,2,25.0,5,0,3,5,0,1,3,1,1.0,2,1,1,0,0
31,0,1,0.81,-0.06,0,1,2,29.0,6,0,5,2,1,1,5,1,2.0,3,1,1,0,0
27,1,0,0.85,-0.98,0,1,1,23.0,6,1,3,3,1,0,4,1,0.0,2,0,0,0,0
53,1,0,-1.27,-0.23,0,1,2,31.0,6,0,5,5,1,0,6,1,2.0,1,0,1,0,0
53,0,0,-2.08,-0.69,0,1,0,29.0,1,1,2,5,0,1,2,0,0.0,1,0,1,0,1
42,0,0,-1.95,-0.98,1,0,1,22.0,4,1,2,8,0,0,4,1,0.0,2,0,1,0,0
31,1,0,0.26,,0,1,3,28.0,5,1,5,5,1,1,6,0,0.0,2,0,1,0,0
25,0,0,-2.94,-1.83,1,1,0,29.0,2,1,1,4,0,0,3,0,0.0,2,1,0,0,1
59,1,0,-0.93,0.59,0,1,1,31.0,0,0,2,2,1,1,2,0,0.0,3,0,1,1,0
39,1,1,-1.74,-0.84,0,1,1,31.0,2,1,1,4,0,0,1,0,0.0,1,0,1,0,1
42,0,0,-1.09,-0.43,1,1,2,25.0,4,0,4,8,1,0,2,1,2.0,0,0,1,0,0
42,0,0,-1.24,0.12,1,0,0,34.0,3,1,1,3,0,0,3,1,0.0,1,1,0,0,0
50,1,0,-0.28,0.04,0,1,2,32.0,1,1,4,2,1,0,4,0,1.0,1,0,1,1,0
39,1,0,-1.01,-1.46,0,1,2,25.0,6,1,3,4,1,1,3,0,0.0,2,0,1,0,0
44,0,0,1.77,-2.0,0,1,2,22.0,7,1,5,4,1,1,5,0,1.0,3,0,1,0,0
51,0,0,-0.48,-0.37,1,1,3,25.0,1,0,5,2,1,1,5,1,2.0,2,0,1,1,0
59,0,0,-0.7,-0.08,1,1,1,20.0,7,1,3,3,0,0,2,0,0.0,0,0,1,0,0
49,1,0,-0.85,1.44,1,1,2,30.0,0,0,5,4,0,1,6,0,2.0,2,0,0,0,0
32,0,0,0.96,2.01,0,0,2,36.0,7,0,5,2,1,1,6,1,2.0,2,0,0,0,0
30,0,0,-2.42,0.15,0,1,0,38.0,7,1,2,4,1,0,2,0,0.0,3,0,0,0,1
38,0,0,-0.73,-0.2,0,1,0,22.0,0,0,3,2,1,1,4,1,0.0,2,0,0,1,0
53,0,0,,-0.28,0,1,2,34.0,6,1,2,5,1,0,4,0,0.0,2,0,0,0,0
55,0,0,-2.94,-0.25,1,1,1,30.0,7,1,2,4,0,0,1,0,0.0,3,0,1,0,0
40,0,0,-1.22,-0.81,0,0,3,15.0,7,1,3,5,1,1,5,0,0.0,1,0,0,0,0
30,0,0,-1.77,1.07,0,1,2,27.0,7,0,1,4,1,0,3,0,0.0,2,0,0,0,1
47,0,0,,-0.62,0,1,1,26.0,5,1,2,2,0,1,0,1,0.0,1,0,1,0,1
46,0,0,-0.98,0.38,0,1,3,36.0,0,0,5,3,1,1,3,1,2.0,2,1,1,0,0
28,1,0,-2.99,0.2,0,1,2,24.0,6,1,3,8,0,1,4,1,1.0,0,1,0,0,1
56,0,0,-2.45,-2.3,0,1,2,32.0,5,1,5,3,1,0,3,0,1.0,1,0,0,1,0
58,1,0,-0.49,-1.07,0,1,0,28.0,5,0,4,6,1,0,2,0,,3,0,1,1,0
59,1,0,-0.65,0.07,0,1,1,20.0,3,1,1,2,1,0,1,0,0.0,1,0,0,0,1
43,1,0,-0.99,0.96,1,1,1,,5,1,1,8,0,0,1,0,0.0,2,0,1,0,0
52,0,0,-0.5,0.24,0,1,3,38.0,1,0,5,5,1,1,3,1,2.0,3,0,0,1,0
25,1,0,-0.83,,0,1,1,28.0,6,1,1,6,1,1,3,1,0.0,0,1,1,0,1
26,0,0,-2.28,-1.05,0,1,2,34.0,0,0,5,3,1,1,4,1,2.0,2,0,1,0,0
24,0,0,-2.48,,1,1,2,34.0,6,1,5,4,1,1,5,1,2.0,2,0,0,0,0
44,0,0,-2.87,-1.44,0,1,1,26.0,6,1,1,5,0,0,3,0,0.0,1,1,1,0,1
39,0,0,-1.33,-0.01,0,0,0,21.0,4,1,2,6,0,0,1,0,0.0,0,0,1,0,0
48,0,0,0.74,0.1,0,1,2,22.0,5,0,5,4,1,1,5,1,1.0,1,1,1,0,0
31,1,0,-1.69,1.72,0,1,1,38.0,3,1,4,6,0,1,6,0,1.0,3,0,1,0,0
35,1,0,-2.22,-0.28,0,0,1,30.0,7,0,1,4,1,0,3,0,0.0,2,1,1,0,1
36,1,0,-0.61,-1.84,0,0,0,19.0,6,1,1,4,0,0,3,0,0.0,3,1,0,0,0
48,1,0,-1.67,0.07,0,1,1,34.0,3,1,1,5,1,0,3,1,0.0,2,0,0,0,0
35,0,0,0.05,-0.4,0,1,2,18.0,1,0,5,4,1,0,6,0,2.0,2,0,0,0,0
56,1,1,-0.77,0.93,0,1,2,24.0,1,1,4,4,0,1,5,0,1.0,2,0,1,0,0
32,0,0,-2.47,-1.59,0,0,2,29.0,4,1,1,2,0,1,2,0,0.0,2,0,1,0,1
47,1,0,1.09,1.07,0,1,1,44.0,7,1,2,10,1,0,3,0,0.0,2,0,1,0,0
32,1,0,-1.4,-1.41,0,1,2,34.0,6,1,4,7,0,1,5,1,0.0,1,0,0,0,0
41,0,1,1.67,1.47,0,1,3,26.0,1,0,5,7,0,1,6,1,2.0,2,0,0,0,0
45,1,0,-0.27,-1.47,0,1,0,29.0,6,1,3,2,1,0,3,1,0.0,2,0,0,0,0
51,1,0,-0.29,-0.89,1,1,2,35.0,3,0,3,3,1,1,3,0,1.0,1,1,0,1,0
57,1,0,-2.9,0.42,0,1,1,38.0,6,1,1,8,1,0,2,1,1.0,2,0,1,0,1
34,1,0,-0.43,,0,1,2,28.0,2,1,2,7,0,0,3,0,0.0,1,0,1,0,0
52,1,0,-0.99,-0.02,0,1,0,28.0,5,1,3,6,0,1,1,0,0.0,1,1,1,1,0
48,0,0,-0.42,-1.34,0,1,2,,7,0,5,5,1,0,5,1,2.0,0,1,0,1,0
51,0,1,-2.53,,0,1,1,33.0,2,1,4,6,1,0,4,1,0.0,2,0,1,1,0
42,0,0,0.41,0.85,0,1,2,35.0,6,1,3,10,1,1,5,1,1.0,2,1,0,0,0
32,1,0,0.83,1.63,0,1,3,17.0,7,1,4,8,0,1,4,1,1.0,1,1,1,0,0
45,1,0,-2.94,0.91,0,1,1,27.0,1,1,2,9,0,0,3,0,0.0,0,0,0,0,0
38,1,0,-1.81,-0.01,0,1,0,22.0,0,0,2,6,1,0,2,0,0.0,2,0,1,0,0
41,1,0,-0.34,-0.7,0,1,3,30.0,6,0,5,9,1,1,6,0,2.0,2,0,1,0,1
30,1,0,-0.36,0.41,0,1,1,22.0,3,1,3,4,0,0,3,0,0.0,2,1,1,0,1
38,1,0,0.15,0.41,0,1,3,21.0,0,0,5,4,1,1,5,0,2.0,2,0,1,0,0
46,0,0,,1.12,0,1,0,36.0,4,0,1,3,0,1,2,0,0.0,1,1,1,0,0
25,1,0,0.55,0.58,0,1,3,28.0,6,1,5,2,1,1,5,1,2.0,3,0,1,0,0
36,0,0,1.77,0.87,0,1,2,29.0,2,1,4,3,0,1,4,1,1.0,1,1,1,0,0
46,1,0,-1.16,-0.3,0,1,2,32.0,3,1,2,5,0,0,5,0,0.0,1,0,1,0,0
40,1,0,,,0,1,2,35.0,6,0,2,4,1,0,2,0,1.0,1,0,1,0,0
59,1,0,1.79,-0.06,0,1,3,26.0,5,1,4,9,1,0,4,0,2.0,2,1,0,0,0
57,1,0,0.57,-2.68,0,1,1,27.0,6,1,1,6,0,0,2,0,0.0,2,0,1,0,0
36,0,0,0.6,0.04,0,1,2,27.0,3,1,5,4,1,1,5,0,1.0,2,0,1,0,0
59,0,1,-0.94,0.05,1,1,1,35.0,7,1,1,4,0,0,2,0,0.0,1,1,0,1,0
46,1,0,0.48,-0.5,0,1,3,29.0,6,1,5,5,1,1,3,1,,3,0,0,1,0
35,0,0,1.72,0.33,1,1,3,27.0,1,0,4,4,1,1,5,0,1.0,2,1,0,0,0
50,0,0,-0.46,1.13,0,1,3,31.0,6,1,5,4,1,1,5,0,2.0,2,0,0,1,0
28,0,0,-1.77,-0.73,1,0,0,40.0,4,1,1,7,0,0,1,0,0.0,1,1,1,0,0
45,1,0,-1.36,-0.2,1,0,2,29.0,1,1,3,8,1,1,2,0,0.0,1,1,0,0,0
57,0,0,2.28,-0.42,0,1,1,27.0,1,1,4,6,0,1,4,0,1.0,2,0,1,1,0
56,1,0,1.38,-0.28,0,1,2,41.0,6,1,4,5,1,0,5,0,0.0,2,0,0,1,0
27,0,0,-0.85,2.03,0,1,2,37.0,0,0,5,5,1,1,6,0,2.0,1,0,1,0,0
57,1,0,-2.14,-0.9,0,1,1,36.0,2,0,3,2,1,1,4,0,1.0,1,1,1,1,0
37,1,0,-0.83,-0.74,1,1,2,26.0,1,1,3,9,1,0,5,0,1.0,3,1,1,0,0
55,0,0,0.07,1.0,0,1,3,25.0,3,0,5,4,0,0,5,1,2.0,1,0,0,0,0
43,0,0,-0.9,-1.03,0,1,1,18.0,3,1,1,4,0,1,3,0,0.0,2,1,0,0,0
39,1,0,-1.78,0.94,0,1,3,35.0,5,0,5,5,1,0,4,1,2.0,2,0,1,0,0
40,0,0,-1.52,-1.12,1,1,3,29.0,2,1,2,2,1,0,4,0,0.0,2,1,1,0,1
29,0,0,1.39,0.05,0,1,3,18.0,0,0,5,4,0,1,5,0,2.0,2,1,1,0,0
49,1,0,0.32,0.91,0,1,2,36.0,5,0,4,5,1,1,5,0,1.0,2,0,1,1,0
38,1,0,,-1.49,1,1,1,27.0,3,1,1,2,0,0,5,0,0.0,3,0,0,0,0
34,1,1,-0.36,,0,1,1,28.0,6,1,2,6,0,0,4,1,0.0,3,1,1,0,1
42,0,0,0.67,0.8,1,0,3,20.0,1,1,3,4,1,1,5,0,2.0,1,1,0,0,0
35,0,1,1.83,-0.29,1,1,3,32.0,0,0,4,2,1,1,4,1,2.0,1,0,0,0,0
25,1,0,-0.56,1.34,0,0,1,32.0,2,0,5,3,1,1,5,1,1.0,3,0,1,0,0
51,1,0,-1.67,-0.87,1,1,0,29.0,4,1,3,6,0,0,3,0,0.0,3,0,0,1,0
54,0,0,-0.77,-0.2,0,1,2,,3,1,3,8,1,0,2,0,1.0,2,0,0,1,0
55,0,0,0.32,,0,1,1,45.0,6,0,3,2,0,1,4,1,1.0,3,0,0,0,0
55,0,0,,0.97,1,1,0,22.0,3,1,1,7,0,0,4,1,0.0,1,1,1,0,1
26,0,0,,-2.77,0,1,2,25.0,5,1,5,9,0,1,3,0,1.0,1,0,0,0,0
46,0,0,-0.93,-2.26,0,1,1,33.0,5,0,2,2,0,1,3,0,1.0,1,0,1,0,0
31,0,1,0.87,-1.23,0,0,2,23.0,0,0,5,5,1,1,6,1,2.0,3,0,1,0,0
44,0,0,,0.52,0,0,1,22.0,5,1,3,3,0,0,3,0,0.0,1,0,0,1,0
58,1,0,-1.14,0.04,1,1,1,36.0,3,1,2,10,0,0,3,1,0.0,0,0,1,1,0
37,0,0,-0.59,-2.14,0,0,1,33.0,3,1,1,7,0,0,4,0,0.0,1,0,1,0,1
42,1,0,-1.68,1.76,0,0,1,32.0,1,1,2,2,0,1,3,0,0.0,1,0,1,0,0
59,1,0,-1.74,0.39,0,1,2,30.0,6,1,2,5,1,0,6,0,0.0,3,0,1,1,0
46,0,0,,-0.52,0,0,1,25.0,7,1,1,4,0,0,2,0,0.0,1,0,0,0,0
39,0,0,0.48,0.56,0,1,2,27.0,0,0,5,6,1,1,5,0,2.0,2,0,0,0,0
58,0,0,0.28,-0.49,1,1,0,29.0,5,1,2,4,1,1,3,0,0.0,2,1,0,1,0
31,0,0,-0.13,0.91,0,1,1,34.0,6,1,2,8,0,0,2,1,0.0,1,0,0,0,0
40,0,0,-0.36,1.33,0,1,3,32.0,2,0,4,6,1,1,5,1,2.0,2,0,1,0,0
58,1,0,-1.23,1.55,0,1,1,23.0,6,1,4,8,0,1,4,1,0.0,3,1,0,0,0
49,0,0,-1.25,,0,1,2,34.0,5,0,3,3,0,0,3,0,2.0,2,1,1,0,0
54,0,0,-1.22,0.09,0,1,2,19.0,7,1,4,4,1,1,5,0,2.0,3,0,0,1,0
33,0,0,-1.88,0.77,0,0,2,27.0,7,1,1,5,0,0,3,0,0.0,2,0,1,0,1
35,0,0,,1.76,0,1,3,22.0,0,0,5,5,0,1,4,1,2.0,2,0,1,0,0
40,0,0,-0.07,-0.44,0,0,1,24.0,3,1,2,7,1,1,3,1,0.0,1,1,0,1,0
44,1,1,-1.83,1.44,1,1,3,41.0,5,0,4,4,1,1,6,0,1.0,2,0,0,1,0
45,0,0,0.78,-0.73,0,1,2,20.0,1,1,2,4,1,1,5,1,0.0,2,0,1,0,1
45,1,0,-0.32,-1.04,0,1,1,24.0,3,1,1,3,0,0,2,1,0.0,2,0,1,0,1
31,0,0,-0.57,0.11,0,1,0,32.0,7,0,1,3,0,1,0,0,0.0,1,0,0,0,0
55,1,0,-0.33,,0,1,2,26.0,0,0,3,3,0,1,3,1,1.0,2,0,1,1,0
53,1,0,-0.49,-2.68,0,0,1,30.0,4,1,2,6,0,0,3,0,0.0,1,0,1,0,0
43,0,1,-2.33,-0.45,1,1,0,38.0,6,1,1,7,0,0,0,0,0.0,3,0,0,0,0
28,0,0,-2.16,2.16,0,1,1,33.0,3,1,1,2,0,0,3,0,0.0,2,0,0,0,1
39,1,0,-1.85,-2.72,0,0,0,26.0,4,1,1,5,1,0,2,0,0.0,1,0,1,0,0
36,0,1,-3.13,0.69,1,0,0,28.0,7,1,2,4,0,1,0,0,0.0,2,1,1,0,1
45,0,0,-0.81,-1.11,1,0,0,32.0,4,1,1,11,0,1,3,0,0.0,1,0,1,0,0
37,0,0,-1.75,,0,1,2,33.0,1,1,3,7,1,1,5,1,2.0,2,0,0,0,0
59,0,0,0.74,-0.78,0,1,3,29.0,0,0,5,4,1,1,3,0,2.0,1,0,1,1,0
46,0,0,0.55,0.08,1,1,3,31.0,7,1,4,4,0,1,4,0,0.0,2,0,0,0,0
25,1,0,0.29,-0.22,0,1,3,,2,1,5,5,0,1,4,1,1.0,2,0,1,0,0
33,0,0,-1.77,0.35,0,0,1,28.0,5,1,1,6,0,0,3,0,0.0,1,0,1,0,1
47,1,0,-1.57,2.11,0,1,2,25.0,0,0,3,5,1,1,3,0,0.0,3,0,0,1,1
29,0,1,-1.86,0.21,1,1,1,33.0,3,1,4,4,1,1,4,0,1.0,3,1,1,0,0
26,0,0,-2.03,,1,1,1,31.0,7,1,2,4,0,0,1,1,0.0,1,0,1,0,0
42,0,0,,0.37,0,1,2,17.0,5,1,4,9,0,1,3,0,1.0,2,0,0,0,0
33,1,0,-0.58,-0.74,0,1,3,24.0,7,1,3,2,1,1,6,1,1.0,2,0,1,0,0
24,0,0,2.18,-0.4,0,1,3,26.0,2,1,5,10,1,1,6,1,1.0,3,0,0,0,0
49,1,0,1.61,-0.7,0,1,1,28.0,5,1,4,6,0,1,4,0,0.0,2,0,0,0,0
50,1,0,1.38,0.93,0,1,2,36.0,6,1,4,6,1,1,2,0,0.0,2,0,0,1,0
49,0,1,-1.7,0.7,1,0,1,48.0,3,1,2,7,0,1,0,1,0.0,1,1,1,0,0
27,0,0,-2.01,-0.19,0,0,2,15.0,2,0,4,3,1,1,5,0,1.0,2,0,1,0,0
54,1,0,-0.54,-1.56,0,0,1,31.0,6,0,3,3,0,0,3,0,0.0,2,0,1,1,0
27,0,0,,-1.15,0,1,2,29.0,3,0,1,4,1,0,2,1,0.0,2,0,1,0,0
43,1,0,-0.12,0.02,0,1,2,28.0,5,1,5,5,0,1,5,0,1.0,2,0,1,0,0
58,1,0,0.12,1.15,0,1,2,32.0,7,1,4,8,1,0,4,0,0.0,1,0,0,1,0
52,1,1,-0.66,-3.2,0,0,1,30.0,1,1,2,5,0,0,2,0,0.0,2,1,1,1,0
57,1,0,-2.2,0.31,1,1,2,27.0,2,0,5,5,1,1,4,1,2.0,2,1,1,1,0
42,0,0,1.11,0.66,1,0,2,29.0,0,0,4,5,1,1,4,1,2.0,0,0,0,1,0
39,1,0,-0.09,0.44,0,1,1,32.0,3,1,1,8,0,1,2,0,1.0,2,1,0,0,1
31,1,0,-0.89,0.7,0,1,3,32.0,1,1,4,5,1,1,4,0,0.0,2,0,1,0,1
59,1,0,,0.8,0,1,0,30.0,6,1,1,7,0,0,3,1,0.0,1,1,1,0,0
40,0,0,-1.04,-0.32,0,0,1,,1,1,3,7,1,0,4,0,0.0,2,0,1,0,0
45,1,0,-0.34,,0,1,2,46.0,6,0,4,4,0,0,4,1,2.0,2,1,1,0,0
30,1,0,-0.4,-1.87,0,1,3,,2,0,4,2,1,1,5,0,0.0,1,0,0,0,0
35,0,1,-1.71,-0.46,0,1,2,34.0,3,1,4,3,0,1,5,0,1.0,1,0,1,0,0
43,0,0,-1.45,0.41,1,1,3,26.0,3,0,5,6,1,1,4,1,2.0,2,1,0,0,0
53,1,1,1.89,-0.59,1,1,1,30.0,6,1,3,7,1,1,3,0,0.0,2,1,1,0,0
42,1,0,-0.62,-1.87,1,0,0,30.0,4,1,1,11,0,0,4,0,0.0,1,1,1,0,0
31,1,0,-0.74,-0.74,0,1,0,18.0,3,1,3,5,1,0,0,1,0.0,1,1,1,0,1
33,1,1,0.39,0.4,0,1,1,25.0,6,1,1,5,0,0,3,1,0.0,2,1,0,0,0
45,1,0,-2.24,-0.05,0,1,1,25.0,5,1,5,5,0,0,2,0,2.0,2,0,1,0,0
41,1,0,-1.32,-0.3,0,0,2,25.0,1,1,1,6,0,0,3,0,0.0,0,1,0,0,0
31,1,0,-1.16,0.29,1,1,3,,7,0,3,6,0,1,5,1,2.0,0,1,0,0,0
45,0,0,-1.76,,1,1,1,29.0,3,1,1,3,0,0,3,0,0.0,1,0,0,0,0
48,0,0,-0.49,,0,1,1,37.0,0,0,4,4,1,0,5,1,1.0,1,0,0,1,0
39,0,0,-1.84,0.32,0,1,0,30.0,4,1,1,10,0,0,1,0,0.0,2,0,1,0,0
56,1,0,-2.87,0.25,0,0,2,22.0,1,1,2,6,0,0,1,0,0.0,1,0,1,0,1
32,1,1,-1.68,-0.21,0,1,3,23.0,2,0,5,2,1,1,4,1,2.0,2,1,0,0,1
37,1,0,-1.66,1.26,0,1,2,27.0,6,1,3,9,1,0,4,1,1.0,2,1,1,0,0
58,1,0,-0.89,1.67,0,0,2,21.0,1,0,4,4,1,0,2,1,2.0,3,0,1,1,0
26,1,0,-2.07,-1.71,0,1,1,31.0,6,1,2,3,1,0,2,0,0.0,1,0,0,0,0
52,1,0,-0.58,,1,1,2,37.0,7,1,4,4,1,1,1,0,0.0,1,1,0,1,0
30,1,0,-0.48,-0.11,1,1,1,26.0,5,0,5,5,0,0,5,1,2.0,3,0,1,0,0
31,0,0,-3.52,-1.21,0,0,2,29.0,6,1,1,4,0,0,3,0,0.0,2,0,1,0,1
29,0,0,-2.42,-0.74,0,0,1,26.0,6,1,1,6,0,0,0,0,0.0,1,0,1,0,1
41,1,1,,-0.3,1,1,3,25.0,7,0,5,3,0,1,4,1,0.0,3,0,0,1,0
31,1,0,,0.98,0,1,1,30.0,3,1,3,5,0,0,2,0,0.0,1,0,1,0,0
37,0,0,-3.36,-1.63,0,1,0,25.0,1,1,1,6,0,0,4,1,0.0,0,0,0,0,0
30,0,0,0.92,0.32,0,1,3,24.0,5,0,5,3,1,0,3,0,2.0,1,0,1,0,0
59,1,0,-0.42,-0.94,0,1,0,19.0,5,0,2,3,1,0,4,0,0.0,3,0,0,1,0
46,1,0,2.67,1.31,0,1,3,29.0,1,0,5,3,1,1,4,1,2.0,3,0,0,1,0
49,1,0,2.02,0.18,0,1,3,35.0,5,0,5,5,1,1,5,1,2.0,3,0,1,1,0
26,0,0,-1.58,0.86,0,1,2,33.0,0,0,3,2,1,0,3,0,0.0,0,0,0,0,0
47,1,0,-1.12,-0.07,0,1,1,38.0,7,1,2,2,1,0,5,1,0.0,2,1,1,0,0
51,1,0,-0.71,-1.71,1,1,1,25.0,2,0,3,8,1,0,4,0,1.0,2,0,0,0,0
29,1,0,1.31,-0.45,0,1,2,34.0,0,0,5,5,1,1,5,1,1.0,3,0,0,0,0
57,1,0,-0.93,1.64,0,0,2,22.0,1,1,3,7,1,1,3,1,0.0,2,0,1,0,0
30,0,0,,0.41,1,1,2,33.0,2,0,2,5,0,0,0,1,0.0,2,1,1,0,1
57,0,0,-0.86,,1,1,1,39.0,2,1,1,5,0,0,0,0,0.0,0,1,1,0,1
57,0,1,-1.58,1.61,0,1,2,32.0,0,0,5,7,1,1,4,0,2.0,1,0,0,0,0
33,0,0,-1.59,-0.62,0,1,3,39.0,2,0,4,3,0,1,6,0,2.0,1,0,0,0,0
40,0,0,0.42,-1.4,1,1,1,25.0,1,1,3,6,1,0,3,0,0.0,1,0,0,0,0
29,1,0,0.58,1.11,0,1,1,28.0,3,0,4,3,1,0,5,0,1.0,2,1,0,0,0
24,0,0,0.07,0.79,1,1,1,24.0,3,1,1,2,1,0,3,1,0.0,1,1,0,0,1
40,1,0,-3.72,-0.06,0,1,1,29.0,3,1,3,7,0,0,4,0,0.0,2,1,0,0,1
41,1,0,-0.16,-1.39,0,1,3,31.0,3,1,5,3,0,0,4,0,0.0,1,0,0,1,0
30,0,0,1.43,-0.47,0,1,3,29.0,0,0,5,3,1,1,4,1,2.0,2,0,0,0,0
46,1,0,-2.03,0.16,0,1,2,26.0,0,0,4,4,0,0,2,1,2.0,2,0,1,0,0
56,0,0,-0.17,0.6,1,1,2,26.0,1,1,2,10,0,0,3,1,1.0,2,0,0,1,0
34,1,0,-1.83,-1.25,1,1,1,31.0,6,1,1,5,1,0,2,0,0.0,2,1,1,0,0
51,1,0,-1.31,1.02,1,1,3,28.0,7,1,4,8,1,1,5,1,2.0,1,0,1,0,0
39,0,0,-1.22,0.78,0,1,2,22.0,7,1,4,6,1,0,3,1,1.0,3,0,1,0,0
39,1,1,0.35,0.64,0,1,1,18.0,5,1,2,4,1,0,3,0,0.0,0,1,1,0,1
33,1,0,,0.28,0,1,1,25.0,5,1,1,5,0,1,3,0,0.0,2,1,0,0,1
59,1,0,-1.47,-2.43,1,1,0,21.0,3,1,1,5,0,0,4,0,0.0,3,1,0,1,0
39,1,0,1.93,,0,1,2,24.0,6,1,3,2,0,0,3,0,0.0,2,0,0,0,0
57,1,0,-2.88,-0.56,0,1,2,26.0,6,1,2,3,1,0,5,0,0.0,3,0,0,0,0
59,1,0,-1.12,0.56,0,1,2,28.0,6,1,4,4,1,0,4,1,1.0,3,0,0,0,0
30,1,0,1.24,-1.69,0,0,2,25.0,7,1,3,3,0,1,3,0,1.0,1,1,0,0,0
40,1,0,-0.59,-2.04,0,1,2,42.0,3,1,4,3,0,0,5,0,0.0,2,1,0,0,0
26,1,0,-0.84,0.5,0,0,2,21.0,6,1,3,2,0,0,4,1,0.0,0,0,0,0,0
53,0,0,-0.37,-0.91,0,1,3,36.0,6,1,4,4,1,1,5,1,0.0,3,0,1,1,0
36,1,0,-1.72,-2.39,0,1,1,28.0,2,0,1,3,1,1,3,0,1.0,1,0,0,0,0
28,1,0,-0.12,-1.32,1,0,1,25.0,7,1,1,9,0,0,1,1,0.0,1,1,0,0,1
31,1,0,-1.63,-0.18,0,0,0,33.0,0,0,4,4,1,1,1,1,0.0,2,0,1,0,0
52,1,0,2.86,1.11,0,1,3,26.0,7,1,4,2,1,0,4,0,1.0,2,0,1,1,0
27,1,0,-1.64,0.1,0,1,3,24.0,6,1,5,3,0,1,4,1,2.0,1,1,0,0,0
42,1,0,1.57,-0.6,1,0,2,40.0,0,0,4,5,1,1,3,1,2.0,1,0,1,0,0
58,1,0,0.2,-0.36,0,0,1,16.0,6,0,3,2,0,1,2,0,0.0,1,0,1,1,0
37,0,0,-1.6,0.58,1,0,2,28.0,0,0,2,6,1,0,4,0,0.0,0,1,0,0,0
30,1,0,-0.08,0.53,0,1,2,30.0,6,1,4,10,1,1,4,0,1.0,1,0,0,0,1
44,1,0,0.0,0.54,0,1,1,37.0,6,1,2,8,0,0,4,0,0.0,1,0,0,0,0
46,1,0,0.56,1.81,0,1,2,27.0,5,0,5,4,1,1,5,0,2.0,1,1,0,0,0
36,1,0,-3.38,-0.21,1,1,1,45.0,6,1,1,2,1,0,2,0,0.0,1,1,1,0,0
50,0,0,0.28,0.77,0,1,2,34.0,0,0,5,2,1,1,4,0,2.0,2,0,0,0,0
53,1,0,-1.61,-2.08,0,1,3,15.0,2,0,5,5,1,1,3,1,2.0,3,0,1,0,0
47,0,0,0.24,0.0,1,1,1,20.0,3,0,2,8,1,1,4,0,0.0,3,1,0,0,0
52,1,0,1.07,-1.29,1,1,2,30.0,0,0,5,2,1,1,6,0,1.0,1,0,0,1,0
36,1,0,-1.8,-0.65,0,1,3,22.0,3,1,4,3,1,1,5,0,1.0,3,0,0,0,0
32,1,0,-2.8,-0.48,0,1,1,32.0,2,0,4,2,1,1,3,1,1.0,2,0,1,0,0
56,0,0,-0.58,-0.02,0,1,3,26.0,3,1,4,4,1,1,3,1,2.0,2,0,1,1,0
39,1,0,-0.66,-0.6,0,1,2,22.0,3,1,4,7,0,1,2,1,2.0,2,0,1,1,0
27,1,0,-0.89,-0.48,0,1,0,23.0,6,1,3,4,0,1,1,0,0.0,1,1,0,0,1
28,1,0,-0.34,0.47,0,1,2,34.0,2,1,2,5,1,0,1,0,0.0,1,1,1,0,0
59,1,0,-1.15,-0.09,0,1,1,17.0,7,0,2,3,1,0,3,1,0.0,3,0,1,1,0
24,0,0,-0.85,-0.25,1,1,1,35.0,3,1,2,5,1,0,2,0,0.0,0,0,1,0,1
54,1,0,-1.56,-0.1,0,1,2,35.0,3,1,3,5,0,1,3,0,1.0,1,0,1,1,0
34,0,1,-2.72,-0.49,0,1,2,27.0,5,1,1,2,0,0,1,1,0.0,0,0,0,0,0
59,1,0,0.09,0.89,0,1,2,21.0,3,1,3,2,1,1,3,1,0.0,2,1,1,0,1
44,0,0,-0.22,-0.27,0,1,2,32.0,2,1,2,2,0,1,1,0,0.0,1,0,1,0,1
51,1,0,-1.38,2.08,0,0,1,26.0,5,0,2,4,0,0,5,0,1.0,3,0,1,1,0
51,0,0,-2.18,0.28,0,1,1,20.0,1,1,2,7,0,1,0,0,0.0,1,0,0,0,0
40,0,1,0.54,0.65,0,1,1,40.0,3,0,3,2,1,1,3,1,0.0,3,0,1,0,0
58,1,0,1.96,-0.26,0,1,3,24.0,5,1,5,2,0,1,5,0,2.0,2,0,1,0,0
49,0,0,0.86,0.45,0,1,3,20.0,3,1,3,11,1,0,3,1,1.0,2,1,0,0,0
39,1,0,,1.0,0,1,2,31.0,6,1,4,3,1,1,2,1,2.0,2,0,0,0,0
36,1,0,-2.37,,0,1,0,29.0,2,1,2,8,1,0,2,1,0.0,2,0,0,0,0
24,0,0,0.28,,0,1,1,38.0,7,1,1,10,0,0,1,1,0.0,1,0,0,0,1
32,1,0,0.29,,0,1,2,27.0,6,1,4,10,1,1,3,1,0.0,2,0,1,0,0
47,0,0,-2.52,1.7,0,1,0,27.0,7,1,1,9,0,1,1,1,0.0,1,1,0,0,1
48,1,0,0.21,-1.59,0,0,2,,6,0,3,3,1,0,3,0,2.0,0,1,1,1,0
31,1,0,-1.34,-0.57,0,1,1,30.0,1,0,3,5,1,1,5,0,0.0,2,1,1,0,0
40,1,0,0.72,-0.07,0,1,3,30.0,5,0,4,2,1,1,5,0,2.0,0,0,1,0,0
44,0,0,1.31,-0.3,0,1,3,31.0,1,0,5,2,1,1,3,1,2.0,3,0,1,1,0
31,1,0,0.22,-0.08,0,1,2,30.0,6,1,4,3,0,1,5,0,1.0,2,0,0,0,0
40,0,0,-0.97,-0.94,0,1,3,27.0,5,1,5,5,1,1,3,0,2.0,1,0,0,0,0
52,0,0,0.7,0.99,0,1,3,34.0,2,0,5,5,1,1,3,1,2.0,2,1,0,0,0
34,0,1,-1.04,-0.23,1,1,1,27.0,7,0,1,2,0,0,2,0,0.0,2,0,1,0,1
51,0,0,-1.78,0.07,0,1,1,34.0,1,0,2,2,1,1,2,0,0.0,3,1,1,1,0
34,1,0,-1.28,-0.54,0,1,3,37.0,5,0,1,4,0,0,4,1,0.0,1,1,0,0,0
27,1,0,1.59,-0.79,0,0,2,25.0,6,1,3,7,0,1,2,0,1.0,1,0,1,0,0
36,0,0,1.52,-0.68,0,0,2,43.0,0,0,4,6,1,1,2,0,2.0,3,0,1,1,0
39,1,0,-1.38,1.51,0,0,1,25.0,5,0,3,6,0,0,6,1,1.0,2,0,1,0,0
30,1,0,-2.85,-1.0,0,1,1,25.0,6,0,4,2,1,1,2,0,1.0,3,0,1,0,0
50,1,0,1.54,-0.34,0,1,2,32.0,0,0,5,6,1,1,3,1,1.0,3,0,1,0,0
49,1,0,1.25,-2.07,0,1,1,32.0,5,1,1,6,0,0,2,0,0.0,1,0,1,0,0
43,1,0,0.84,0.3,0,1,1,29.0,2,0,2,8,0,1,4,0,1.0,2,0,1,1,0
38,1,0,-1.53,0.7,1,1,0,34.0,6,1,2,7,0,0,2,0,0.0,3,0,0,0,1
26,1,0,,-1.69,1,1,3,31.0,1,0,5,2,1,1,5,1,2.0,2,0,1,0,0
49,0,0,-2.03,-0.9,0,1,1,41.0,7,1,2,4,0,0,2,0,0.0,3,0,1,0,0
36,1,1,0.14,-0.89,0,1,2,29.0,7,0,3,2,0,0,5,0,2.0,2,0,0,0,1
44,0,1,-2.36,-0.62,0,0,1,24.0,1,1,1,8,1,0,6,1,,2,0,1,0,0
35,0,0,,,0,1,2,26.0,3,1,4,8,1,0,5,0,0.0,2,0,1,0,0
32,0,0,-1.44,-0.29,1,1,0,32.0,5,1,1,9,0,0,2,0,0.0,2,1,1,0,1
45,0,1,-2.18,-0.26,0,0,2,32.0,6,1,1,3,1,1,2,1,0.0,3,0,1,1,0
35,0,0,-0.34,-1.69,0,1,1,30.0,3,1,1,5,0,0,0,0,0.0,1,0,1,0,0
39,1,0,-1.95,-0.22,0,1,1,24.0,1,0,2,4,1,0,2,0,0.0,2,0,1,1,1
57,0,0,1.94,0.69,0,1,2,36.0,1,1,1,7,0,0,4,1,0.0,1,0,0,0,0
33,1,0,0.25,0.09,0,1,2,41.0,7,0,4,3,1,1,4,0,0.0,2,1,0,0,1
39,1,0,-1.74,-2.87,0,0,0,29.0,4,1,1,5,0,0,4,0,0.0,3,0,0,0,1
35,0,0,-1.87,1.17,0,1,1,40.0,6,1,3,10,0,0,3,1,0.0,1,0,0,0,0
28,0,1,-2.2,,0,0,0,34.0,4,1,1,12,0,1,3,1,0.0,2,1,1,0,1
39,1,0,-0.25,0.63,0,1,3,42.0,7,1,5,4,1,0,4,1,2.0,1,0,0,0,0
47,0,0,-1.13,0.75,1,1,2,32.0,0,0,2,2,0,0,5,1,0.0,1,0,1,1,0
35,1,0,-1.17,0.38,0,0,2,30.0,1,1,3,7,1,0,4,0,0.0,2,1,1,0,0
36,0,0,-1.18,0.64,0,1,3,,7,0,4,3,1,0,4,0,0.0,3,0,0,0,0
48,0,1,-0.43,-0.75,0,1,1,26.0,7,0,2,5,0,0,3,0,0.0,0,1,1,0,1
40,1,0,0.87,0.69,0,1,1,31.0,3,1,3,4,0,0,2,1,0.0,1,0,1,1,0
44,0,0,-1.3,-2.18,0,1,1,,3,0,5,2,1,1,4,1,2.0,3,0,0,1,0
31,0,0,-1.4,-1.02,0,0,0,34.0,4,1,1,6,0,1,2,0,0.0,2,0,0,0,1
40,0,0,-2.23,0.97,1,1,2,29.0,3,1,5,8,0,1,3,1,,3,0,0,0,0
24,0,0,-1.67,1.2,0,1,2,30.0,1,1,1,3,0,0,1,0,1.0,0,0,1,0,0
44,1,0,1.07,0.16,0,1,1,34.0,7,1,1,4,0,0,2,0,0.0,1,0,1,1,0
45,1,0,1.22,1.26,0,1,2,33.0,2,1,5,7,1,0,4,0,2.0,3,0,0,0,0
30,1,0,0.7,0.01,1,1,3,34.0,6,0,5,7,0,1,5,1,2.0,1,1,1,0,0
39,1,0,-1.64,0.7,0,1,1,31.0,0,0,5,4,1,1,3,0,2.0,1,0,0,1,0
48,1,1,-1.46,0.77,0,1,2,24.0,0,0,5,2,1,1,4,0,2.0,2,1,0,1,0
38,0,0,-1.63,,0,0,2,25.0,6,0,1,4,0,1,6,0,0.0,1,0,1,0,0
58,1,0,0.79,0.76,0,1,2,32.0,3,1,4,2,0,0,4,0,2.0,0,0,1,0,0
57,1,0,1.27,0.1,0,1,3,34.0,6,1,4,2,0,1,6,1,,1,0,0,0,0
29,1,0,-0.22,0.2,0,1,3,33.0,0,0,4,5,1,0,4,0,1.0,1,1,1,0,0
33,1,0,1.04,0.96,0,1,3,25.0,7,1,5,7,1,1,4,0,2.0,2,1,1,0,0
35,0,0,-1.29,-0.63,0,1,3,28.0,6,1,3,7,0,1,6,1,2.0,2,0,1,0,0
45,0,0,-0.81,-0.23,1,0,1,22.0,6,0,1,6,0,0,2,0,0.0,3,1,0,0,1
45,0,1,0.34,0.05,0,0,2,21.0,1,1,4,6,1,0,4,0,0.0,2,0,1,0,1
53,0,0,0.66,0.13,0,1,1,29.0,3,1,1,4,0,0,4,0,0.0,3,0,1,1,0
36,0,0,-1.85,-2.17,0,1,1,37.0,3,1,4,4,1,1,5,0,0.0,2,0,1,0,0
40,0,0,1.08,0.57,1,1,2,30.0,5,1,3,4,1,0,5,1,0.0,2,1,1,0,0
41,0,0,2.19,,1,0,2,,2,0,3,4,1,1,4,1,1.0,2,1,0,0,1
51,0,0,-1.63,,0,1,3,28.0,0,0,5,5,1,1,3,0,0.0,2,1,0,1,0
40,1,1,-2.31,-0.68,0,1,3,29.0,3,0,5,4,1,0,5,1,2.0,1,0,1,0,0
44,1,0,0.85,0.87,0,1,2,23.0,2,1,1,5,0,0,4,0,0.0,2,0,0,0,0
27,0,0,-1.53,-1.16,1,1,0,27.0,3,1,2,3,1,0,1,1,1.0,3,0,1,0,0
36,1,0,-0.71,1.47,0,1,1,22.0,1,1,4,3,1,0,5,1,1.0,3,0,1,0,0
40,1,0,0.48,,0,1,1,20.0,2,1,2,3,0,0,4,0,0.0,1,0,1,0,1
56,0,0,-1.76,0.79,0,0,2,22.0,5,1,2,7,1,1,4,1,0.0,1,1,1,0,0
28,1,0,-0.57,-1.14,0,0,1,30.0,3,1,2,8,1,0,4,0,0.0,0,0,0,0,1
37,0,0,-2.6,0.65,1,1,0,25.0,3,0,2,3,1,0,4,1,0.0,2,1,0,0,1
47,0,0,-0.1,-0.03,0,1,1,,5,1,1,4,0,0,2,0,,2,1,1,0,0
40,0,0,0.34,0.14,1,1,1,31.0,6,1,3,3,1,1,5,0,0.0,3,0,0,0,0
34,1,1,-1.54,-1.29,0,1,0,20.0,3,1,1,8,0,0,3,0,0.0,1,1,1,0,1
47,0,1,-1.05,-0.19,0,1,3,29.0,5,0,2,5,1,0,4,1,1.0,3,1,1,0,0
25,0,0,-1.1,,1,1,1,34.0,7,1,1,6,0,0,3,0,0.0,1,0,1,0,0
45,1,0,-1.28,-1.15,0,1,1,35.0,5,1,1,5,1,0,3,0,0.0,0,0,0,0,0
55,1,0,-0.36,1.3,0,0,2,32.0,7,0,4,7,1,1,3,1,2.0,2,0,0,1,0
42,1,0,0.14,2.68,0,0,1,29.0,6,1,2,5,0,1,3,0,0.0,3,1,1,0,0
52,0,0,,-0.79,1,0,1,25.0,0,0,4,5,1,1,4,0,1.0,3,0,1,0,0
48,1,1,0.74,0.24,0,1,1,29.0,3,0,2,2,1,0,3,0,0.0,3,0,0,1,0
46,0,0,-0.87,0.68,0,1,1,39.0,6,1,1,6,0,0,3,0,0.0,0,0,1,0,1
48,1,0,2.24,-0.73,0,1,3,31.0,7,1,3,8,1,1,5,1,2.0,1,0,1,1,0
59,0,0,,-1.58,1,1,2,,4,0,3,5,1,1,2,0,2.0,1,0,0,1,0
43,1,0,-0.04,0.06,1,0,2,32.0,0,0,5,2,1,1,5,0,2.0,3,0,0,0,0
34,0,0,0.59,-0.0,1,1,3,29.0,5,1,4,7,0,1,3,1,2.0,2,0,0,0,0
42,0,0,-1.93,,1,1,2,30.0,1,1,3,3,0,0,5,1,1.0,1,0,0,0,0
41,1,0,-2.47,-0.0,0,0,0,28.0,6,1,1,4,1,0,0,1,0.0,1,0,1,0,1
29,1,1,-1.23,0.7,0,1,2,27.0,5,0,3,2,1,1,5,0,2.0,2,1,1,0,0
58,1,0,-0.19,0.47,0,1,2,35.0,6,0,4,2,1,1,4,0,2.0,2,0,0,0,0
49,1,0,0.69,-0.36,1,0,2,17.0,6,0,3,4,0,1,1,1,0.0,2,0,0,1,0
36,1,0,-0.78,-1.63,0,1,1,32.0,5,0,2,5,1,0,5,0,1.0,1,0,1,1,0
59,0,0,1.02,0.36,0,1,1,26.0,5,1,3,6,1,1,2,0,2.0,0,0,0,0,0
35,0,0,-2.99,-0.71,1,1,3,18.0,6,1,5,4,1,1,6,0,1.0,1,0,1,0,0
34,1,0,1.06,-0.5,0,1,0,23.0,6,1,2,4,0,0,5,0,0.0,0,0,1,0,0
31,0,0,-0.75,-0.01,0,1,2,29.0,6,0,4,2,1,0,4,0,2.0,1,1,0,0,0
31,0,0,0.29,0.7,0,1,2,30.0,0,0,3,3,0,1,4,1,1.0,1,0,0,0,0
45,0,0,1.47,1.1,0,1,3,33.0,5,0,5,2,1,0,4,1,2.0,3,0,1,1,0
57,1,0,-1.94,0.19,0,1,1,34.0,1,1,4,5,1,1,4,1,0.0,1,0,1,1,0
43,0,0,1.53,0.01,0,1,3,20.0,6,1,4,5,0,1,4,0,0.0,2,1,1,1,0
38,0,1,0.31,0.83,0,1,2,31.0,6,1,5,6,1,1,6,1,2.0,3,0,1,0,0
53,0,0,1.39,-0.98,0,1,1,33.0,3,0,3,9,0,0,3,1,0.0,2,0,1,1,0
48,1,0,-0.34,-0.71,1,1,1,30.0,1,0,4,2,1,0,2,0,1.0,2,0,1,0,0
29,0,0,,1.52,0,1,3,32.0,3,1,5,3,1,1,5,1,2.0,2,0,1,0,1
40,0,0,-1.5,1.37,0,1,1,17.0,6,1,3,5,0,0,4,1,0.0,2,1,1,0,1
46,1,0,-1.75,-2.02,1,1,2,23.0,1,1,1,4,1,0,2,0,0.0,0,0,1,0,0
44,0,0,0.02,-0.44,0,1,3,37.0,0,0,5,4,1,1,5,0,2.0,0,0,0,0,0
24,1,0,-0.05,0.75,0,1,2,27.0,6,1,2,3,1,0,3,0,0.0,3,0,0,0,0
36,1,0,,0.44,0,0,3,42.0,6,0,5,2,1,1,5,0,2.0,2,0,0,0,0
59,0,0,-1.44,-0.17,0,1,2,21.0,1,1,4,2,1,0,4,0,2.0,2,1,0,0,0
51,0,0,-1.36,-1.47,0,0,0,38.0,2,1,1,4,0,0,2,0,0.0,1,0,0,0,0
50,0,0,-0.54,-0.61,0,0,0,25.0,7,1,3,3,0,1,2,0,0.0,3,0,1,0,0
42,1,0,-3.13,-0.94,0,1,1,34.0,6,1,3,4,1,1,3,0,0.0,2,1,1,0,1
44,0,0,0.86,1.34,0,1,3,27.0,5,0,4,4,1,1,6,1,2.0,1,0,0,1,0
41,0,0,-0.95,-0.86,0,1,1,30.0,2,1,3,7,0,1,3,0,0.0,2,0,0,0,1
32,1,0,-0.05,0.19,0,1,2,33.0,2,1,5,5,1,0,5,1,2.0,2,0,1,0,0
44,1,0,1.61,0.48,0,1,2,25.0,0,0,5,2,1,0,3,1,1.0,2,1,1,0,0
54,0,0,-2.02,-0.29,0,1,1,34.0,6,1,2,11,0,1,1,0,0.0,2,0,1,0,0
57,0,0,-0.92,0.02,1,0,3,27.0,0,0,5,3,1,1,5,0,2.0,1,0,0,1,0
36,1,0,-2.85,-1.22,1,1,1,30.0,0,0,5,2,1,1,5,1,1.0,2,1,1,0,0
53,1,0,-0.31,-0.33,0,1,1,15.0,6,0,5,4,1,1,4,0,2.0,0,0,1,0,0
35,0,1,0.61,-0.34,0,1,3,27.0,7,0,4,8,1,1,5,0,2.0,3,1,0,0,0
26,1,0,-2.94,-0.7,0,0,2,37.0,6,1,3,4,1,1,4,0,0.0,2,0,1,0,0
34,0,0,-2.23,0.61,1,0,0,33.0,4,1,2,10,0,0,1,0,0.0,2,1,1,0,1
36,1,0,-0.92,1.06,0,0,1,34.0,4,1,1,5,0,0,1,0,0.0,2,0,0,0,0
59,1,0,-0.76,1.05,0,1,1,29.0,3,1,5,5,1,1,4,1,2.0,2,0,0,0,0
29,1,0,-1.63,1.25,1,1,1,39.0,3,1,1,6,0,0,3,0,0.0,2,0,1,0,0
39,1,0,,-0.57,0,1,2,31.0,5,0,5,8,1,1,5,1,1.0,3,0,1,0,0
56,0,0,1.81,-0.23,0,1,2,25.0,3,0,4,2,1,0,4,0,1.0,3,1,1,1,0
32,1,0,-1.22,-1.12,1,0,0,34.0,5,1,1,6,0,0,0,0,0.0,1,1,1,0,1
32,0,0,-0.62,-0.07,0,1,1,35.0,7,1,2,3,1,0,3,0,0.0,1,0,1,0,0
46,0,0,-0.19,-1.07,0,1,2,33.0,7,1,2,5,0,0,3,0,1.0,3,0,0,0,1
51,1,0,-2.32,-1.0,0,1,2,27.0,0,0,5,2,0,1,3,1,2.0,1,0,0,0,0
33,0,0,-0.15,-2.83,0,0,2,31.0,3,1,3,7,1,0,6,0,0.0,2,1,0,0,1
46,1,0,-2.74,0.2,1,0,2,37.0,1,1,1,2,0,0,4,1,0.0,0,0,1,0,0
46,1,0,-0.05,1.24,0,1,2,32.0,3,1,5,4,1,1,4,1,1.0,1,0,1,1,0
51,1,0,1.33,1.13,0,1,3,20.0,2,0,5,7,1,1,5,0,2.0,2,1,1,1,0
44,0,0,-0.56,0.83,0,1,2,25.0,1,1,5,3,0,1,3,0,2.0,2,0,1,0,0
48,0,0,0.93,0.8,0,1,2,25.0,6,0,4,5,1,0,2,0,1.0,2,0,1,0,0
36,1,0,-3.1,-1.17,1,0,1,24.0,4,1,1,6,0,0,2,0,0.0,0,0,0,0,1
34,0,0,-0.13,-1.6,0,1,1,16.0,7,1,4,6,0,1,4,0,1.0,2,1,0,0,0
38,1,0,0.18,-1.1,0,1,3,40.0,0,0,4,5,1,1,6,0,2.0,1,0,0,1,0
41,0,0,-3.18,-0.25,0,0,2,24.0,0,0,5,3,1,1,3,1,0.0,2,0,1,0,1
43,0,0,-0.3,-2.35,0,1,1,24.0,3,1,2,4,0,0,3,0,0.0,2,0,1,0,0
30,0,0,-4.18,0.38,0,1,2,17.0,0,0,2,6,1,1,5,1,1.0,3,0,0,0,0
53,0,0,-0.26,0.4,0,0,1,34.0,2,0,4,3,0,1,2,0,2.0,2,0,1,1,0
32,1,0,-0.38,0.35,0,0,1,28.0,7,1,2,4,0,0,4,0,0.0,2,0,1,0,0
33,0,0,-1.02,0.81,1,1,2,27.0,1,1,3,2,0,0,3,0,0.0,2,0,1,0,1
28,1,0,0.25,-1.74,0,1,3,27.0,1,0,5,2,1,1,3,1,2.0,1,1,1,0,0
33,1,0,,-0.73,0,1,1,33.0,5,0,5,8,1,1,4,1,1.0,3,0,0,0,0
55,1,0,-1.75,-2.02,0,0,1,26.0,4,1,1,10,0,0,2,1,0.0,2,1,0,1,1
55,0,1,-2.75,-0.75,0,1,1,17.0,5,1,2,3,1,1,3,0,0.0,3,1,1,1,0
34,1,0,1.08,-0.97,0,1,0,21.0,3,1,1,3,0,0,2,0,0.0,3,1,1,0,1
32,0,0,-0.61,-2.27,0,1,0,21.0,6,0,3,3,1,1,2,0,1.0,1,1,1,0,1
28,1,0,0.58,0.51,1,1,2,31.0,1,1,2,5,1,1,2,0,0.0,0,0,1,0,0
35,1,0,-2.79,1.16,1,1,1,35.0,3,1,2,5,1,0,2,0,0.0,2,0,0,0,1
32,1,0,-3.54,-0.84,1,1,1,38.0,6,1,3,3,0,0,5,0,1.0,1,0,1,0,0
26,0,0,-1.56,-0.73,1,1,2,19.0,6,1,3,6,1,1,3,1,0.0,1,1,1,0,1
33,0,0,-0.99,0.66,1,1,2,33.0,3,0,2,4,0,0,2,0,0.0,2,1,0,0,0
32,1,0,-0.73,-0.01,0,1,2,25.0,5,0,5,3,0,1,3,1,2.0,1,0,0,0,0
28,1,0,-0.58,0.62,0,1,3,47.0,0,0,5,3,1,1,6,1,2.0,1,0,1,0,0
36,0,0,-3.16,-1.28,0,1,2,37.0,1,1,1,8,0,0,4,1,0.0,2,1,1,0,1
49,0,0,0.28,0.67,0,1,3,39.0,0,0,5,4,1,1,5,0,2.0,3,0,1,0,0
59,0,0,-0.5,0.37,0,1,3,34.0,6,0,4,4,1,1,5,0,1.0,3,0,0,1,0
47,1,0,-3.47,-0.63,0,1,1,31.0,2,1,2,5,1,0,4,1,1.0,2,1,0,0,0
50,1,0,-1.08,-0.15,1,1,1,27.0,6,1,3,7,1,0,4,1,1.0,1,0,1,1,0
45,1,0,-0.28,-2.07,0,1,2,25.0,0,0,5,4,1,1,4,1,2.0,3,0,1,0,0
46,1,0,0.65,,0,1,2,24.0,6,1,3,7,1,0,5,1,0.0,2,0,1,1,0
55,1,0,-1.12,0.01,1,1,1,33.0,6,0,4,3,1,1,3,0,1.0,2,0,1,0,0
56,0,0,0.62,,0,1,1,38.0,0,0,4,3,1,1,5,1,0.0,2,0,1,0,0
25,1,1,-0.82,-1.11,0,1,0,27.0,0,0,1,2,1,0,0,0,0.0,0,0,0,0,1
42,1,0,-0.93,,1,1,3,25.0,0,0,5,2,1,1,4,1,2.0,2,0,1,1,0
45,1,0,-0.17,1.06,0,1,1,20.0,6,1,2,2,0,1,4,0,0.0,1,1,0,0,0
59,1,0,0.96,0.02,0,0,2,30.0,2,1,4,11,1,0,4,0,1.0,3,0,1,1,0
45,0,0,0.68,0.26,1,1,2,36.0,5,1,3,3,1,0,4,0,2.0,1,1,1,0,0
33,0,0,-0.69,-1.99,1,1,0,37.0,3,1,2,7,1,0,4,0,0.0,2,1,1,0,1
49,1,1,-0.76,-1.06,0,0,2,37.0,6,0,5,5,1,0,4,1,1.0,1,0,1,1,0
59,0,0,-2.52,-1.25,0,1,1,31.0,4,1,2,9,0,0,2,0,0.0,1,1,0,0,1
35,1,0,0.78,-1.16,1,0,2,30.0,5,1,3,7,1,0,3,1,0.0,1,0,0,0,0
35,1,0,-2.64,0.83,0,1,1,37.0,7,1,2,5,0,1,3,1,0.0,1,0,1,0,0
39,1,0,-0.19,,0,1,3,22.0,1,1,5,4,1,0,3,1,1.0,2,1,0,0,0
46,1,0,-0.08,-1.47,0,0,0,26.0,6,1,1,4,0,0,3,0,0.0,1,0,1,0,0
36,1,0,,1.98,1,1,2,39.0,0,0,4,6,1,1,3,0,1.0,3,1,1,0,0
48,1,1,,0.98,0,0,0,23.0,4,1,1,7,0,0,2,0,0.0,2,0,1,0,0
38,1,0,-1.82,0.79,0,1,3,29.0,6,0,5,3,1,1,3,0,2.0,2,0,1,0,0
41,0,0,-1.01,-2.04,1,1,2,33.0,6,0,3,10,1,1,2,1,2.0,3,1,0,1,1
47,0,0,-1.74,1.38,0,1,2,29.0,6,0,3,2,0,1,4,0,0.0,2,0,0,0,0
32,1,0,-2.02,1.26,0,0,0,36.0,2,1,2,4,0,0,2,0,0.0,2,0,1,0,1
33,0,0,0.06,-1.83,0,1,2,38.0,3,1,3,8,0,0,3,0,0.0,2,0,0,0,0
33,0,1,-0.92,-2.53,1,0,1,32.0,3,1,1,2,0,0,2,0,0.0,1,0,0,0,1
55,1,0,-1.84,,0,1,1,37.0,5,1,1,5,1,0,4,0,0.0,2,0,1,1,0
45,0,0,,-0.42,1,1,0,23.0,4,1,2,6,1,0,3,0,1.0,0,0,1,0,0
59,1,0,-1.71,1.17,0,1,1,28.0,3,1,1,7,0,0,1,1,0.0,2,1,0,1,0
34,0,1,-1.43,-1.9,1,1,1,43.0,2,1,4,2,1,1,2,0,1.0,3,1,1,0,1
39,0,0,-1.48,1.87,0,0,2,41.0,2,1,5,3,0,1,5,1,1.0,2,0,1,0,0
39,1,0,-1.56,-1.85,0,1,1,21.0,3,1,2,4,0,0,4,0,0.0,1,0,1,0,0
59,1,0,-2.42,0.93,0,1,2,29.0,1,1,5,2,1,1,5,0,0.0,1,1,0,1,0
47,1,0,1.46,-0.21,1,0,1,30.0,6,1,2,7,0,0,4,1,0.0,1,1,0,0,0
41,1,0,1.38,1.32,0,1,3,31.0,5,1,5,7,1,0,6,0,2.0,3,0,0,1,0
44,1,0,1.71,0.2,0,1,0,37.0,1,1,2,3,0,1,1,0,0.0,2,1,0,0,0
24,1,0,0.12,-0.33,0,1,1,40.0,6,1,1,5,0,0,2,0,0.0,0,1,0,0,1
36,1,1,-0.67,0.66,1,1,1,,6,0,4,2,0,1,2,0,0.0,2,0,0,1,0
56,0,0,-2.51,-0.73,0,1,3,36.0,2,1,5,5,1,1,4,1,1.0,1,0,1,1,0
33,0,0,0.83,-0.14,0,0,2,33.0,1,1,4,4,0,1,5,1,2.0,2,0,0,0,0
36,0,0,1.18,-1.37,1,1,2,29.0,0,0,4,6,1,1,1,1,1.0,2,1,1,1,0
38,1,0,-1.3,0.79,0,1,3,19.0,0,0,5,4,1,1,5,1,2.0,3,0,1,0,0
26,1,0,0.28,1.16,0,1,2,35.0,6,1,4,6,0,0,4,0,1.0,2,1,1,0,1
41,1,0,-0.63,0.27,1,1,2,33.0,7,1,2,6,0,0,5,1,0.0,1,1,0,0,0
30,1,0,-0.37,0.28,1,0,1,31.0,0,0,5,2,1,1,2,0,2.0,3,0,0,0,0
49,0,0,,-0.4,1,0,3,23.0,6,0,3,3,1,0,3,0,2.0,2,1,1,0,0
50,1,0,0.54,2.46,0,1,3,41.0,0,0,5,2,1,1,5,0,2.0,2,1,1,0,0
39,1,0,,-0.06,0,1,2,30.0,5,1,4,6,0,1,4,0,0.0,2,0,0,0,0
32,1,0,0.38,-1.66,0,1,1,22.0,6,0,3,6,1,0,2,1,0.0,2,0,0,0,0
51,0,0,-2.56,0.46,0,0,0,21.0,3,0,3,7,1,0,1,0,0.0,0,0,1,1,0
50,0,0,0.42,0.12,0,1,2,33.0,0,0,5,7,1,0,3,0,1.0,2,0,1,0,0
35,1,0,-0.25,1.98,0,1,2,33.0,5,1,3,8,0,0,2,0,0.0,2,1,1,0,0
53,0,0,-1.45,-0.11,1,1,2,26.0,7,1,3,2,1,0,3,1,0.0,2,0,0,0,0
43,1,0,0.26,-1.62,0,1,1,32.0,2,1,1,2,0,0,2,0,0.0,2,0,0,0,1
56,0,0,-2.54,1.68,0,1,2,33.0,1,1,4,2,1,1,5,1,1.0,1,0,1,0,0
48,0,0,,0.2,0,1,3,30.0,1,1,3,7,1,1,4,0,1.0,3,1,0,0,0
56,0,1,-1.08,-0.75,1,1,2,25.0,5,1,2,7,0,0,2,0,0.0,2,0,1,0,0
34,0,0,,2.16,0,1,1,35.0,5,1,3,5,0,0,4,1,2.0,1,0,0,0,0
30,0,0,,-0.21,0,0,3,34.0,6,1,2,4,0,0,6,0,0.0,2,1,0,0,0
51,0,0,-3.67,-0.74,1,1,0,32.0,6,1,2,4,1,0,5,0,0.0,2,0,0,0,0
44,1,0,,0.77,1,1,0,24.0,7,1,2,4,1,1,2,0,0.0,1,0,1,0,0
51,1,0,1.12,0.86,1,1,1,21.0,6,0,3,3,1,1,2,0,0.0,1,0,0,1,0
55,1,0,-0.34,0.98,0,1,2,29.0,2,1,5,5,1,0,4,1,2.0,2,0,1,1,0
36,1,0,-1.66,1.33,0,0,2,35.0,5,1,4,6,0,1,3,0,1.0,1,0,1,1,0
32,0,0,-0.88,-2.08,0,1,2,35.0,2,0,2,3,0,0,5,1,0.0,1,0,1,0,0
30,0,0,,0.9,1,1,2,33.0,3,1,5,2,1,0,3,0,2.0,3,0,0,0,0
59,0,0,-1.95,,1,1,1,26.0,7,1,2,7,0,0,4,0,0.0,0,1,1,1,0
44,0,0,-2.18,-0.04,1,1,1,24.0,6,1,2,5,0,1,1,0,0.0,1,1,1,1,0
50,0,0,-0.94,,0,1,0,29.0,7,1,4,8,0,0,3,0,0.0,1,0,1,0,0
58,1,0,-2.09,-0.68,0,1,0,29.0,3,0,1,4,1,0,3,0,0.0,2,0,1,1,0
57,0,0,-0.12,-0.42,1,1,1,36.0,5,1,2,5,0,0,3,0,0.0,1,0,1,0,1
59,0,0,-1.75,-0.72,0,0,0,26.0,4,1,1,7,0,0,1,0,0.0,2,0,0,0,0
35,1,0,-0.35,-2.3,0,1,1,27.0,1,1,3,4,1,1,4,0,0.0,0,0,1,0,0
48,1,0,1.42,0.62,0,1,3,41.0,2,1,3,5,0,0,5,1,0.0,2,0,1,1,0
31,1,0,-2.06,,0,0,1,38.0,5,1,2,7,0,1,3,1,0.0,1,1,1,0,0
40,0,0,,0.45,0,1,1,24.0,0,0,4,4,1,1,3,0,1.0,1,0,1,1,0
58,1,0,0.51,0.57,0,0,1,38.0,7,1,4,3,0,1,3,0,1.0,2,1,1,1,0
34,1,0,-1.88,0.87,0,1,3,22.0,1,1,3,2,0,1,4,0,2.0,1,0,0,0,0
34,1,0,1.13,0.14,1,1,3,26.0,1,1,3,5,1,0,5,0,0.0,2,0,0,0,0
44,0,0,-2.01,2.09,0,1,2,27.0,6,1,3,3,0,1,5,1,0.0,1,0,0,0,0
56,1,0,-1.98,0.06,0,0,1,29.0,0,0,5,6,1,1,2,1,2.0,1,1,1,1,0
46,0,0,-1.35,0.96,1,1,2,33.0,7,0,4,8,0,1,5,0,,2,0,1,0,0
30,1,0,-1.89,-1.07,0,1,1,30.0,6,1,2,3,0,0,3,0,0.0,1,0,0,0,1
58,0,0,-1.37,-0.31,0,1,1,33.0,0,0,2,3,1,1,4,0,1.0,2,0,0,1,0
36,0,0,-2.61,0.85,0,1,0,27.0,6,1,1,9,0,0,1,1,0.0,3,1,0,0,0
40,0,0,-0.32,-0.35,0,1,1,31.0,5,1,2,3,0,0,2,1,0.0,1,0,0,1,0
46,0,1,-1.03,-0.58,0,1,2,29.0,6,0,4,6,1,1,5,0,1.0,2,1,0,0,0
48,1,0,-0.91,0.16,0,0,0,21.0,6,1,2,6,1,0,3,0,0.0,2,1,1,1,0
56,0,0,0.55,0.02,0,1,3,32.0,6,0,4,3,1,0,4,1,2.0,2,0,0,1,0
32,1,0,0.93,-1.11,1,0,2,30.0,5,1,2,6,0,1,4,1,0.0,2,1,1,0,0
40,0,0,-1.47,-0.56,0,1,1,25.0,3,0,2,2,1,0,4,0,1.0,3,0,0,0,0
35,1,0,-0.72,0.28,0,1,3,26.0,6,0,5,2,1,1,2,0,2.0,2,1,0,0,0
45,0,1,0.41,-2.37,1,1,3,27.0,7,1,5,8,1,1,4,1,2.0,3,0,0,1,0
34,0,1,,-0.22,0,1,2,28.0,5,1,1,5,1,1,5,0,0.0,0,0,0,0,0
35,1,1,-1.01,-1.01,0,1,2,40.0,6,1,3,2,0,1,4,1,0.0,1,1,0,0,0
48,0,0,-1.11,-0.52,0,0,1,42.0,3,1,1,7,1,0,2,1,0.0,0,1,0,1,0
31,0,0,-1.43,-1.53,0,1,1,15.0,6,1,1,7,0,0,1,0,1.0,1,0,1,0,0
39,1,0,-1.68,-0.54,1,0,1,32.0,7,1,2,2,0,1,4,1,0.0,2,1,0,0,0
50,0,0,-0.46,1.86,0,1,3,35.0,1,0,5,3,1,1,3,1,2.0,1,0,1,0,0
40,1,0,-0.91,-1.2,0,0,2,28.0,1,1,2,7,1,1,4,1,0.0,3,0,0,0,0
50,0,0,-0.58,-0.93,0,1,0,35.0,5,1,1,3,0,0,1,0,0.0,3,1,1,0,1
40,0,0,-0.23,-1.24,1,0,1,39.0,4,1,1,6,0,0,1,1,0.0,3,0,0,0,1
55,1,0,-1.87,-2.31,1,1,2,21.0,5,1,2,5,1,1,2,0,0.0,2,0,0,0,0
54,0,0,-0.83,-1.85,1,1,0,30.0,0,0,3,6,1,1,2,1,1.0,2,1,1,0,0
29,1,0,-0.99,0.6,0,1,2,41.0,3,1,5,4,1,0,6,0,0.0,2,1,1,0,0
55,1,0,-1.27,,0,1,1,22.0,5,1,2,2,0,0,3,0,0.0,0,0,0,1,0
26,0,0,-0.75,1.69,0,0,0,28.0,5,1,3,5,0,1,2,1,0.0,3,0,1,0,1
56,1,1,-0.3,-1.05,0,1,0,26.0,6,0,3,2,1,1,4,0,0.0,2,0,1,0,0
46,0,0,-0.91,1.75,0,1,1,35.0,6,1,3,4,1,0,2,1,0.0,3,1,1,0,0
29,1,0,0.5,-1.7,0,1,3,36.0,6,0,5,3,1,1,4,0,2.0,3,0,0,0,0
41,1,1,-1.74,-0.12,0,1,3,30.0,6,1,5,5,1,0,4,1,1.0,2,0,1,0,0
58,1,0,-2.35,-1.17,1,0,2,29.0,5,1,1,5,0,0,1,1,0.0,1,1,1,0,1
46,0,0,-0.68,0.73,0,1,2,19.0,5,1,4,2,1,0,3,0,2.0,1,0,0,1,0
42,1,0,3.09,-0.77,1,0,1,38.0,5,1,3,3,1,1,3,1,0.0,0,0,0,0,0
32,1,0,-1.21,-0.5,0,1,1,27.0,1,0,5,5,1,1,3,1,1.0,2,0,0,0,0
37,0,0,-0.79,-0.3,0,0,1,28.0,2,1,2,6,1,1,3,0,0.0,1,0,1,0,0
53,0,1,-0.85,2.36,0,1,2,35.0,5,1,2,8,0,0,3,0,0.0,1,0,1,1,0
54,0,0,0.03,1.43,0,1,3,30.0,6,0,5,3,1,0,4,1,2.0,2,0,1,1,0
40,0,1,-1.57,,1,1,2,35.0,6,1,4,3,1,1,5,0,1.0,2,0,1,1,0
43,0,0,0.63,-0.92,0,1,3,33.0,0,0,5,5,1,1,5,1,1.0,2,0,0,0,0
48,0,0,-1.28,-0.92,0,1,3,30.0,5,0,4,6,1,0,6,0,1.0,2,1,0,0,0
59,0,0,-0.53,-1.3,0,1,1,31.0,2,1,2,6,1,0,4,1,0.0,3,1,1,0,0
31,0,0,-1.71,0.75,1,0,2,22.0,6,0,1,5,0,1,2,0,1.0,1,0,0,0,0
26,1,0,-0.19,,1,1,0,28.0,6,1,1,6,1,0,5,1,0.0,1,1,0,0,1
25,0,0,-3.03,1.01,0,0,1,36.0,5,1,2,2,1,0,4,0,0.0,1,0,0,0,1
43,0,0,-1.47,0.92,1,0,0,24.0,5,1,1,8,1,0,3,0,0.0,2,0,0,1,0
36,1,0,-1.52,,1,1,3,25.0,3,1,4,5,1,1,6,0,1.0,2,0,0,0,0
27,1,0,-0.17,-1.68,1,1,0,24.0,3,0,2,5,1,1,3,1,0.0,1,0,0,0,1
39,0,0,-0.0,0.58,0,1,1,30.0,6,1,2,6,1,0,1,0,0.0,0,1,1,0,0
46,1,0,-4.14,-1.45,1,1,0,37.0,6,1,2,4,1,0,1,0,0.0,2,0,0,0,0
39,0,0,-1.81,-0.02,1,1,2,32.0,5,1,4,6,1,0,1,0,2.0,2,0,1,1,0
48,1,0,0.47,1.4,0,1,2,16.0,3,0,3,4,1,1,4,0,0.0,2,0,0,1,0
32,1,0,-0.16,-2.38,0,1,3,33.0,0,0,5,9,1,1,4,1,2.0,1,0,0,0,0
59,0,0,0.1,-0.39,0,1,2,26.0,1,1,3,6,0,0,3,0,0.0,3,0,1,1,0
40,1,0,-0.03,-0.6,1,1,3,32.0,1,0,5,2,1,1,5,1,,2,0,0,0,0
41,1,0,-0.2,-0.49,0,1,2,28.0,3,1,4,5,0,1,2,0,1.0,2,0,0,0,0
42,0,0,0.76,-1.45,1,1,2,24.0,7,0,4,3,1,1,3,1,2.0,1,0,1,1,0
57,0,0,-2.56,1.81,1,1,1,29.0,5,1,1,7,0,0,4,0,0.0,1,1,1,0,0
34,1,0,-0.89,0.14,0,0,2,26.0,2,0,4,7,1,1,2,1,1.0,2,0,1,0,0
41,1,0,-1.94,-2.15,0,1,1,31.0,1,1,3,2,1,1,3,1,0.0,3,1,1,1,1
35,1,0,-0.29,,0,0,2,24.0,3,1,3,7,1,1,4,1,2.0,2,0,0,0,0
45,0,1,-2.75,1.03,0,1,1,22.0,6,0,3,3,1,1,2,0,,0,0,0,1,0
44,1,0,0.75,-0.02,0,1,1,33.0,3,0,5,3,1,1,4,0,2.0,3,0,1,1,0
57,0,1,-2.24,,0,1,0,36.0,6,1,2,2,1,0,4,1,0.0,1,0,0,0,1
25,0,0,-0.38,-2.27,0,1,1,32.0,6,0,2,4,0,0,0,0,0.0,3,0,1,0,0
50,1,0,-1.67,0.96,1,0,2,25.0,1,1,2,10,0,1,3,1,0.0,2,0,1,0,0
25,0,1,0.27,-0.2,0,1,2,25.0,5,1,5,9,1,0,6,1,2.0,3,0,1,0,0
44,1,0,1.14,-0.92,0,0,3,25.0,7,1,4,3,0,1,2,1,2.0,1,1,0,0,0
39,0,0,0.35,0.77,1,1,1,34.0,3,1,4,7,1,0,4,0,1.0,3,0,0,0,0
27,1,0,-1.61,0.67,0,0,2,24.0,0,0,3,5,0,0,2,0,2.0,2,0,0,0,0
26,0,0,0.64,1.25,0,0,2,34.0,7,1,1,2,0,0,3,1,0.0,3,1,1,0,1
52,0,1,-0.9,1.21,0,1,1,33.0,6,1,1,3,0,0,3,0,0.0,1,0,1,0,1
50,1,0,-1.33,-0.03,0,0,2,36.0,5,1,3,7,1,0,4,0,0.0,1,0,0,0,0
45,1,0,0.09,-1.63,0,1,3,35.0,5,0,4,4,1,1,5,1,2.0,2,0,1,0,0
45,1,0,1.39,-1.84,0,1,2,32.0,1,0,4,7,1,1,3,0,0.0,1,1,1,1,1
27,0,0,-1.85,-1.91,0,1,2,20.0,6,1,2,4,0,0,5,0,0.0,1,0,0,0,0
24,1,0,-2.25,-1.3,0,1,1,33.0,4,1,1,5,1,0,1,0,0.0,1,0,1,0,1
53,0,0,-0.68,0.22,1,1,1,30.0,0,0,4,5,1,1,5,1,1.0,2,1,0,1,0
35,0,0,-1.62,0.61,0,1,3,27.0,6,0,5,5,1,1,4,0,2.0,2,0,1,0,0
52,1,0,-1.21,0.31,1,1,0,37.0,7,1,1,5,0,0,2,0,0.0,0,1,1,0,0
27,0,0,0.61,-0.85,0,1,3,28.0,6,0,4,3,1,1,3,1,1.0,2,0,1,0,0
47,0,0,0.19,1.43,1,1,3,26.0,2,1,5,4,1,1,5,1,2.0,3,1,1,0,0
56,0,0,-1.06,1.59,0,1,3,36.0,0,0,4,3,1,1,3,1,2.0,2,0,0,0,0
37,1,0,0.07,-1.19,0,0,1,27.0,7,1,2,4,0,0,2,0,,1,0,0,0,0
35,1,0,-0.73,-0.13,0,1,1,26.0,7,1,4,5,1,0,3,0,2.0,2,0,1,0,0
50,1,0,-1.58,0.5,0,1,3,22.0,5,0,2,2,1,0,4,1,0.0,0,1,1,0,0
37,1,0,-0.08,1.43,0,1,2,24.0,6,0,4,4,1,0,3,0,2.0,2,0,0,0,0
35,1,0,0.05,-0.26,0,0,0,25.0,4,1,1,4,0,0,3,1,0.0,3,1,1,0,0
52,0,0,-1.71,-0.86,1,1,2,33.0,3,0,1,2,0,0,3,0,2.0,1,0,1,0,0
48,1,0,1.61,-1.05,0,1,3,23.0,1,0,4,5,1,0,4,0,2.0,2,0,0,1,0
31,0,0,-0.66,-1.18,1,1,1,18.0,0,0,3,3,0,1,3,0,0.0,2,0,0,0,0
40,1,0,-0.82,-0.44,0,1,1,31.0,2,1,2,2,1,1,4,0,0.0,2,0,0,0,0
31,1,0,0.12,-0.46,0,1,3,25.0,6,0,5,4,1,1,3,0,2.0,2,1,0,0,0
41,1,0,-0.8,-1.23,0,1,2,29.0,1,1,5,6,1,0,5,0,0.0,2,1,0,0,0
53,1,0,,0.61,1,0,1,37.0,2,1,3,9,0,1,3,0,1.0,1,1,0,1,0
47,1,0,2.02,-0.37,1,1,3,29.0,5,1,4,4,1,1,3,0,1.0,2,1,0,1,0
43,1,0,-1.52,0.5,0,1,2,38.0,1,0,5,4,1,1,4,0,2.0,1,0,0,1,0
35,0,0,0.9,-1.32,0,0,1,29.0,1,0,4,2,0,1,5,0,1.0,2,0,1,0,0
33,0,0,0.65,0.75,0,1,0,35.0,5,1,1,4,0,0,2,0,0.0,0,0,0,0,0
46,1,0,-0.83,0.89,0,1,3,26.0,3,1,5,7,1,1,5,0,1.0,3,0,1,1,0
29,1,0,-0.63,0.9,0,0,0,30.0,5,1,1,5,0,0,4,1,0.0,1,1,0,0,0
55,1,0,0.78,-0.06,0,1,3,23.0,7,1,5,5,0,1,5,1,2.0,3,0,1,1,0
52,0,0,0.79,-0.18,1,1,3,24.0,1,0,5,4,1,0,6,0,2.0,1,0,1,0,0
51,1,0,-1.77,0.37,1,1,2,28.0,7,1,1,3,1,0,3,0,0.0,2,0,1,0,0
31,1,0,-1.05,1.19,0,1,2,21.0,7,1,3,7,0,0,3,0,1.0,2,0,1,0,0
36,0,0,0.91,0.04,0,1,3,30.0,6,1,5,5,1,1,5,0,2.0,2,0,0,0,0
41,1,0,-1.9,-1.5,0,0,3,27.0,5,1,5,7,1,1,6,1,2.0,1,0,1,0,0
53,1,0,-3.27,-0.64,1,1,1,30.0,5,1,2,4,0,0,2,0,0.0,2,0,0,0,0
30,0,0,-1.07,1.09,0,1,1,21.0,5,1,1,6,0,0,1,0,0.0,2,1,1,0,1
53,0,1,-1.1,0.67,0,1,3,33.0,6,1,3,5,1,0,3,1,1.0,2,0,0,0,0
37,1,0,-0.35,0.29,0,1,1,39.0,0,0,4,4,1,0,3,0,0.0,2,1,1,0,0
55,1,0,-1.21,-0.45,0,1,2,38.0,7,1,4,9,1,1,5,1,1.0,2,1,0,1,0
27,1,0,0.89,1.77,1,1,3,40.0,5,0,5,5,1,1,4,1,2.0,2,1,0,0,0
50,1,1,-0.71,-1.29,0,0,1,29.0,6,1,1,6,0,0,2,0,0.0,0,1,0,0,0
24,0,0,-0.41,-0.08,0,1,2,27.0,3,1,3,7,1,1,4,1,2.0,1,0,0,0,0
35,1,0,-1.9,0.46,0,1,2,32.0,0,0,4,4,0,1,5,0,2.0,1,0,0,0,0
44,1,0,0.82,,0,0,2,28.0,5,0,4,2,1,1,6,1,1.0,2,0,1,1,0
51,1,0,-2.25,-0.81,1,1,3,19.0,5,0,4,8,0,1,5,0,2.0,3,1,0,1,0
44,1,0,-1.83,0.81,0,1,2,34.0,3,1,4,4,1,1,2,0,1.0,3,0,0,0,1
36,1,0,0.49,0.58,0,1,2,28.0,3,1,4,7,1,1,4,0,2.0,2,0,0,1,0
30,1,0,-2.04,0.09,0,0,1,20.0,2,0,3,4,0,1,2,0,1.0,2,1,0,0,1
36,0,0,-1.82,0.25,1,0,1,26.0,5,1,2,8,0,1,1,1,1.0,3,0,0,1,1
31,0,1,-1.32,-0.71,0,1,1,28.0,3,1,2,7,0,0,3,0,0.0,2,0,1,0,0
25,1,0,-0.28,1.6,1,1,0,29.0,7,1,1,3,0,0,3,0,0.0,1,0,1,0,0
51,0,0,0.07,1.26,0,1,2,29.0,1,1,3,7,0,0,2,0,0.0,1,1,1,1,0
59,1,0,1.51,-0.59,1,1,3,37.0,3,1,5,7,1,0,5,0,2.0,3,0,0,1,0
40,1,1,-2.06,-0.42,0,1,2,21.0,2,0,1,5,0,0,2,1,0.0,2,0,1,1,0
36,1,0,-1.97,0.98,1,0,1,28.0,5,1,2,6,0,0,2,1,0.0,2,1,1,0,1
45,0,1,-3.31,-0.19,1,1,0,24.0,4,1,1,5,1,1,1,0,0.0,3,1,1,0,1
24,0,0,-0.47,0.04,0,1,2,37.0,6,1,3,3,1,1,4,0,1.0,2,0,1,0,0
34,1,0,,-1.23,1,0,1,26.0,7,1,1,2,0,0,1,1,0.0,2,1,1,0,0
40,0,0,1.63,-1.13,1,0,1,27.0,2,1,1,8,1,0,3,1,0.0,0,0,1,0,0
45,1,0,-0.49,-0.15,1,0,1,35.0,6,1,1,4,0,0,2,1,0.0,2,1,1,1,0
34,0,0,-1.98,1.76,0,0,3,37.0,0,0,5,11,1,1,3,0,2.0,3,0,0,0,0
39,1,0,0.2,1.02,1,1,0,38.0,2,0,2,3,0,0,3,1,0.0,1,1,1,0,0
32,1,0,,-0.2,1,0,1,19.0,4,1,1,4,0,0,1,0,0.0,1,1,1,0,1
33,1,0,-1.67,0.84,0,0,2,32.0,0,0,5,8,1,1,2,0,2.0,2,0,1,0,0
36,1,0,,,1,1,3,31.0,5,0,3,8,1,0,3,0,2.0,3,0,1,0,0
43,0,1,-0.06,0.33,0,1,1,29.0,6,0,4,4,1,1,2,0,0.0,2,0,0,0,0
56,1,0,0.87,0.32,0,1,2,29.0,6,1,4,4,1,0,5,0,0.0,2,0,0,1,0
26,0,0,-1.1,-1.46,0,0,2,37.0,5,1,4,2,1,1,3,1,2.0,2,1,0,0,0
31,1,0,1.22,2.01,1,1,0,35.0,5,1,1,3,0,0,2,0,0.0,1,1,0,0,1
28,0,0,-0.14,,1,0,1,34.0,3,1,1,5,0,0,1,0,0.0,0,0,1,0,1
30,0,0,-1.4,0.66,1,1,1,30.0,0,0,5,3,1,1,3,1,1.0,2,0,1,0,0
39,1,0,2.39,-0.66,0,0,2,43.0,0,0,5,4,1,1,2,1,1.0,3,1,1,0,0
58,0,0,-0.38,0.04,1,1,2,27.0,6,1,1,8,0,0,2,0,0.0,0,1,1,0,1
35,0,0,-0.77,,0,1,1,19.0,7,0,3,6,0,0,3,0,2.0,1,0,1,0,0
49,1,0,,2.02,0,1,2,27.0,0,0,5,2,1,1,3,1,1.0,2,0,0,1,0
53,0,0,-3.71,1.06,0,1,3,29.0,5,0,5,3,1,1,3,1,0.0,2,1,1,1,0
30,1,0,0.5,0.22,0,1,2,37.0,6,1,4,6,1,1,6,1,1.0,2,1,0,0,0
31,0,0,-2.05,-1.74,0,1,0,26.0,6,1,1,10,0,0,2,1,0.0,2,1,1,0,1
49,0,0,-1.09,-1.4,0,0,2,32.0,5,1,2,8,0,0,3,0,0.0,2,1,1,0,0
28,0,0,-0.86,-2.64,0,1,1,20.0,5,1,3,3,1,0,3,1,0.0,1,1,0,0,0
53,1,0,-1.37,-0.32,0,1,2,35.0,6,1,4,7,1,0,4,0,2.0,2,0,0,1,0
26,1,0,0.37,0.53,1,1,3,29.0,6,0,4,2,0,1,4,0,1.0,2,0,1,0,0
45,0,0,-1.5,0.09,0,0,1,27.0,1,0,4,5,1,1,4,0,1.0,2,0,0,1,0
53,0,0,-2.88,0.42,1,0,2,42.0,7,1,1,6,1,0,5,0,1.0,0,1,1,1,1
57,1,0,-0.09,2.24,0,1,2,35.0,0,0,5,7,1,0,3,0,2.0,1,0,0,1,0
54,1,0,-1.27,-1.02,0,1,2,23.0,6,1,3,6,0,0,3,1,0.0,2,0,0,0,0
47,0,0,-2.26,-0.86,0,1,3,28.0,0,0,5,3,1,1,5,0,2.0,2,0,0,1,0
56,1,0,-2.16,0.06,1,1,1,45.0,1,1,3,8,1,0,4,0,0.0,1,0,0,1,0
42,1,0,0.03,-1.47,0,1,2,41.0,0,0,5,2,1,1,5,1,2.0,3,0,1,1,0
55,1,0,-1.03,-0.29,0,1,1,35.0,3,0,1,6,0,0,2,0,0.0,2,1,0,0,0
59,0,0,0.41,-0.69,0,1,1,,3,1,1,6,0,0,2,0,0.0,0,1,0,0,0
55,0,0,1.19,-1.19,1,1,2,37.0,1,1,5,12,0,0,5,1,1.0,3,0,1,1,0
48,0,0,-0.83,-2.13,1,0,0,25.0,4,1,1,5,0,0,1,1,0.0,2,0,0,0,0
59,1,0,-1.26,-0.6,1,1,3,37.0,3,1,3,3,0,0,4,0,1.0,1,1,0,1,0
59,0,1,-2.47,-0.93,1,1,0,25.0,6,1,1,6,0,1,3,1,0.0,1,0,1,0,1
38,0,0,-0.69,-0.59,0,1,1,32.0,7,1,1,7,1,0,2,0,0.0,1,0,1,0,0
34,0,0,0.76,1.35,1,1,2,25.0,6,1,4,3,1,1,3,1,0.0,1,1,1,0,1
47,1,0,0.47,1.13,1,1,2,27.0,1,0,5,6,1,1,4,1,1.0,2,1,0,1,0
41,0,0,-1.58,0.16,1,1,2,33.0,2,1,1,4,0,0,3,0,0.0,1,0,1,1,0
25,0,0,-0.14,0.68,0,1,2,,7,1,4,4,0,1,3,1,0.0,2,1,1,0,1
35,0,0,-0.46,-0.93,0,0,2,43.0,0,0,5,4,1,1,5,1,2.0,1,1,0,0,0
55,0,0,-3.4,0.46,0,1,1,23.0,3,1,2,5,0,0,3,0,0.0,0,1,1,0,1
56,1,1,-0.9,-0.92,1,1,2,23.0,7,1,5,4,0,1,4,0,0.0,3,0,0,1,0
29,1,0,-1.44,0.44,0,1,1,33.0,7,1,2,2,0,1,5,0,0.0,2,0,1,0,0
48,1,1,0.03,1.84,0,1,2,37.0,3,1,4,5,0,0,4,1,2.0,2,1,1,1,0
48,1,0,-1.72,0.93,1,0,3,27.0,6,1,3,7,1,1,4,1,1.0,1,0,1,0,0
52,0,0,-1.74,0.22,0,0,2,23.0,4,0,3,6,1,1,3,0,2.0,2,1,1,0,0
35,0,0,1.06,-0.98,0,1,2,23.0,6,1,5,5,1,1,5,1,1.0,2,0,0,0,0
51,1,0,-1.07,0.08,1,1,3,23.0,0,0,5,3,1,1,3,0,2.0,3,0,0,1,0
45,0,1,-2.04,0.22,0,1,1,31.0,1,1,3,4,1,0,2,0,0.0,2,0,0,1,0
30,0,0,0.56,1.15,1,1,3,29.0,5,1,5,8,1,1,5,0,2.0,1,0,1,0,0
52,0,0,0.59,-0.69,0,1,3,32.0,2,1,4,6,1,1,6,0,2.0,1,1,0,1,0
58,0,0,1.38,-0.06,0,1,3,31.0,6,1,4,7,1,1,4,1,1.0,3,0,0,1,0
42,0,0,-1.6,1.42,0,1,1,34.0,3,0,1,3,0,1,3,1,0.0,1,0,1,1,0
28,1,0,-0.72,0.1,1,0,2,27.0,6,0,4,5,0,1,4,1,1.0,2,0,1,0,1
58,0,0,-0.42,-2.21,0,1,3,25.0,6,0,4,2,1,1,4,1,2.0,3,0,1,0,0
29,1,0,-2.03,-1.93,0,0,0,30.0,4,1,1,9,0,0,1,0,0.0,2,0,1,0,1
35,0,0,-0.25,-0.7,1,1,1,29.0,6,1,3,4,0,1,5,1,1.0,2,0,1,0,0
34,0,0,-0.76,-0.97,1,1,2,31.0,2,0,4,3,1,0,2,1,2.0,2,0,0,0,0
44,1,0,-2.23,-0.45,1,1,2,25.0,4,1,2,4,1,1,4,0,,1,0,0,0,0
32,0,0,-3.0,1.04,0,1,1,33.0,1,1,2,5,1,1,3,1,0.0,2,1,1,0,1
54,1,0,-0.3,1.46,1,1,2,22.0,6,0,5,4,0,1,4,1,2.0,3,1,0,0,0
35,1,0,0.33,1.45,1,1,2,26.0,6,1,4,9,0,1,3,0,1.0,3,0,0,0,0
43,1,0,-1.39,-0.62,1,1,2,36.0,7,1,3,2,0,0,4,1,0.0,2,1,1,0,0
29,0,0,-1.66,-0.09,1,1,2,22.0,6,0,5,5,1,0,5,1,1.0,3,1,1,0,0
43,0,0,1.38,-0.04,1,1,2,35.0,7,1,4,5,1,1,5,0,2.0,3,0,1,0,0
32,1,0,-0.64,2.99,1,1,3,21.0,2,1,4,3,1,0,3,1,0.0,1,0,1,0,0
37,0,0,0.21,0.3,0,1,2,19.0,7,1,2,6,1,0,2,0,0.0,1,0,1,0,0
42,0,0,1.2,,1,1,3,20.0,5,0,5,2,1,1,5,0,2.0,2,0,0,1,0
51,1,0,1.14,-0.92,1,1,2,30.0,3,1,3,10,0,1,4,1,0.0,2,1,1,1,0
53,0,0,,,0,1,3,33.0,5,0,5,4,1,1,5,1,2.0,2,0,0,1,0
36,1,0,-2.02,-1.19,0,1,2,37.0,3,1,4,5,1,0,2,1,2.0,2,1,0,0,0
36,1,0,-3.39,0.08,0,1,1,36.0,2,1,1,6,1,1,2,1,0.0,1,0,1,0,1
32,1,0,-0.31,0.06,0,1,3,34.0,2,1,5,5,1,1,4,0,2.0,2,1,0,0,0
56,0,0,0.76,-0.52,0,0,1,24.0,0,0,1,5,0,1,3,1,0.0,1,0,0,0,0
28,1,0,-1.04,1.21,0,0,0,24.0,4,1,2,6,0,1,2,0,0.0,3,1,1,0,1
27,1,0,0.22,0.37,1,1,0,34.0,6,1,1,2,0,0,1,0,0.0,1,1,0,0,0
39,1,1,-1.78,,1,1,2,38.0,5,1,5,5,1,1,3,0,2.0,2,0,0,1,0
38,1,0,1.07,-1.2,0,1,2,23.0,5,1,3,7,1,1,4,0,1.0,2,1,1,1,0
34,1,0,-0.41,0.85,0,1,1,37.0,3,1,1,5,0,0,1,0,0.0,0,1,1,0,1
39,0,1,-1.39,0.61,1,0,2,17.0,4,1,1,4,0,0,3,0,0.0,1,1,0,0,1
59,0,0,0.48,0.24,0,1,2,31.0,1,0,3,2,1,0,2,0,1.0,2,0,0,0,0
33,0,1,-2.12,-0.56,0,1,1,28.0,6,1,2,7,0,0,3,0,0.0,1,1,1,0,0
45,0,0,-0.59,-0.93,0,1,0,28.0,1,1,2,6,0,1,3,0,0.0,1,0,0,1,0
50,0,0,,-0.18,1,1,2,29.0,6,1,1,4,0,0,3,1,0.0,1,1,0,0,0
59,0,0,-1.3,-0.24,0,1,2,24.0,6,1,3,4,0,0,6,1,0.0,3,1,0,0,0
54,0,0,-1.81,-0.64,0,1,1,32.0,5,1,3,7,0,1,3,0,0.0,1,0,1,1,0
49,0,0,-2.22,0.27,1,1,1,29.0,6,1,1,6,0,0,0,0,0.0,2,1,1,0,1
53,1,0,-3.34,-0.0,0,1,0,35.0,2,1,1,5,0,0,1,0,0.0,2,1,1,0,0
54,0,0,1.87,-0.43,0,1,1,39.0,6,1,3,6,1,0,4,0,0.0,1,0,1,0,0
52,1,0,-1.54,-0.25,1,1,2,30.0,6,0,5,2,1,1,5,1,1.0,1,0,0,1,0
28,1,1,0.16,-1.68,0,1,1,24.0,6,1,4,4,0,1,4,0,0.0,1,0,1,0,1
36,1,0,-2.69,-0.22,1,1,1,22.0,6,1,3,4,1,1,2,0,0.0,2,0,1,0,0
48,0,0,-0.82,-1.14,0,1,2,39.0,6,1,5,5,0,1,5,1,1.0,2,0,1,1,0
55,0,0,-0.94,-0.36,0,1,1,38.0,7,1,4,5,1,1,2,1,0.0,2,0,0,0,0
28,1,0,1.48,0.4,0,1,2,34.0,3,1,5,5,1,1,6,0,0.0,1,1,0,0,0
59,1,0,0.22,-1.75,0,1,2,,6,1,5,5,1,0,6,0,1.0,2,0,0,1,0
29,0,1,-3.07,-0.51,0,1,0,34.0,6,0,1,4,0,1,1,0,0.0,1,0,1,0,1
31,1,1,-1.97,-0.48,1,0,1,37.0,4,1,1,6,0,1,2,0,0.0,2,1,0,0,1
26,1,0,,-1.68,1,0,1,25.0,7,1,2,3,1,0,1,0,0.0,2,1,1,0,0
47,1,0,0.61,-0.69,0,0,2,,3,1,3,8,1,1,6,0,0.0,2,0,1,0,0
46,1,0,-1.0,-1.33,0,1,3,22.0,5,0,4,8,1,1,4,0,2.0,3,0,0,1,0
55,1,0,-1.7,0.95,0,1,3,28.0,1,0,5,3,0,1,2,1,2.0,1,0,1,1,0
47,0,0,-1.34,-0.71,1,1,2,38.0,2,0,3,5,1,1,3,0,1.0,1,0,1,0,0
27,0,0,-0.41,-0.92,1,1,1,35.0,6,1,1,5,0,0,3,1,0.0,0,0,1,0,0
34,0,0,-2.99,0.69,0,1,1,30.0,3,1,2,3,0,0,1,1,0.0,1,0,1,0,0
36,0,0,-1.17,-0.42,0,1,1,15.0,3,1,2,8,0,0,3,1,0.0,1,1,1,0,1
56,1,1,-2.06,1.88,1,1,2,25.0,2,0,5,2,1,1,4,0,1.0,3,0,1,0,0
49,0,0,-1.68,-0.24,0,0,0,30.0,4,0,2,5,1,0,2,1,0.0,2,0,1,1,0
57,1,0,-0.01,0.37,0,1,2,28.0,6,0,3,7,0,0,3,0,0.0,1,0,0,1,0
53,1,0,-0.67,0.4,0,1,2,29.0,7,1,3,2,0,0,4,0,1.0,2,0,1,0,0
52,0,1,,1.29,0,1,3,30.0,0,0,4,4,1,1,6,0,2.0,1,0,1,1,0
39,0,0,1.18,-3.12,0,1,3,26.0,5,1,4,7,1,0,6,1,2.0,2,1,1,1,0
46,1,0,2.95,-0.16,0,1,0,29.0,4,0,1,2,1,0,0,0,0.0,2,0,1,1,0
51,1,0,0.0,-1.07,0,1,2,28.0,5,1,1,5,0,0,2,1,0.0,2,0,0,0,0
45,1,0,-0.21,-1.28,0,0,0,25.0,3,1,3,4,1,0,4,1,0.0,1,0,0,1,0
38,1,0,-1.2,-0.24,1,1,3,40.0,3,1,3,6,1,1,2,0,2.0,1,0,0,1,0
38,0,0,,-0.94,1,1,0,26.0,4,1,1,7,0,0,0,1,0.0,1,0,1,0,1
56,1,0,1.79,-1.69,0,1,3,15.0,5,1,5,6,1,0,4,0,2.0,3,0,1,1,0
40,0,1,,-1.13,0,1,3,40.0,5,1,5,6,1,1,4,1,1.0,3,0,1,1,0
38,1,0,-1.61,-2.19,0,0,1,24.0,4,0,2,3,0,0,1,0,0.0,1,0,0,0,1
29,0,0,-0.91,,0,1,2,34.0,6,0,5,6,1,1,5,1,2.0,1,0,1,0,0
45,1,0,-2.86,0.24,0,1,0,25.0,6,0,1,2,0,1,2,0,0.0,2,0,0,0,0
58,1,0,-0.4,-0.4,0,1,2,32.0,3,1,4,4,0,0,5,1,0.0,2,1,0,1,0
52,0,0,-2.74,0.03,0,1,1,29.0,6,1,1,5,1,0,1,1,0.0,0,0,0,0,0
45,0,1,-1.14,-0.81,0,1,1,35.0,6,1,4,4,0,0,4,0,0.0,2,1,1,1,1
36,1,0,-0.23,1.26,0,1,2,28.0,1,0,3,2,0,0,6,0,2.0,2,0,0,1,0
37,0,0,-0.79,-0.64,1,1,0,25.0,5,1,2,5,0,0,3,0,0.0,2,0,0,0,0
40,0,0,-1.17,0.8,0,1,2,31.0,2,0,3,5,1,0,4,0,0.0,1,0,1,0,0
31,0,0,-2.75,-0.12,1,0,1,27.0,6,1,2,8,0,1,1,1,0.0,3,1,0,0,1
50,0,0,1.39,-0.72,0,1,3,17.0,2,1,5,5,0,1,6,0,2.0,2,1,1,1,0
38,0,0,-2.41,2.15,0,0,2,25.0,6,0,4,2,1,1,5,0,2.0,2,0,1,0,0
53,0,0,0.13,1.3,0,1,3,46.0,2,1,5,11,1,0,5,1,1.0,2,0,0,1,0
30,1,0,0.96,-0.31,0,1,1,18.0,5,0,3,7,0,0,3,0,0.0,1,0,1,0,1
25,0,1,-0.7,0.98,0,1,1,30.0,7,1,5,4,1,1,2,1,1.0,3,1,0,0,1
52,0,1,-0.22,-0.28,0,1,1,,3,1,1,4,0,0,4,1,0.0,1,0,1,1,0
26,0,0,-0.23,-0.45,0,0,2,40.0,6,1,2,4,0,0,3,0,0.0,1,1,1,0,1
49,0,0,-2.2,-0.8,0,1,2,22.0,7,0,3,3,1,0,3,0,2.0,1,0,0,0,0
35,1,0,1.35,0.05,0,1,2,30.0,6,1,5,2,1,1,6,0,2.0,1,0,0,0,0
50,1,0,-0.99,0.37,0,1,1,33.0,1,0,5,5,1,0,6,1,2.0,2,0,0,1,0
51,0,0,-1.68,-0.05,0,0,1,,6,0,1,3,0,1,1,1,0.0,2,0,0,0,0
48,1,0,0.19,,0,0,2,24.0,0,0,3,4,1,0,5,0,2.0,3,1,1,1,0
38,0,1,-2.78,-0.28,1,0,1,29.0,3,1,1,11,0,0,2,0,0.0,1,1,0,0,1
56,1,0,0.92,-1.24,0,1,2,27.0,6,0,5,2,1,1,4,1,2.0,0,0,1,1,0
41,0,0,0.17,0.46,0,1,1,,6,0,5,2,1,1,1,1,2.0,2,0,1,0,0
30,1,1,0.58,-0.91,1,1,2,35.0,5,1,2,7,1,1,2,0,0.0,3,0,1,0,0
46,0,0,,-1.78,0,0,2,31.0,3,0,3,5,1,0,5,1,0.0,3,1,1,0,0
42,0,0,-0.47,-0.28,1,1,3,32.0,6,1,4,3,0,1,3,0,0.0,1,1,1,0,0
24,0,1,-2.17,-0.82,0,1,1,31.0,6,1,1,4,1,0,4,0,0.0,1,1,1,0,1
46,0,0,-1.81,-1.66,0,1,1,35.0,4,1,2,6,0,0,3,0,0.0,2,0,1,0,0
27,1,0,,-1.36,0,1,2,37.0,7,0,4,4,1,1,4,1,2.0,1,0,0,0,0
59,1,0,-2.01,0.06,0,1,1,27.0,2,1,2,4,0,0,5,0,0.0,1,0,1,1,1
27,1,0,-0.74,-0.72,0,1,2,34.0,1,1,4,5,1,0,5,0,2.0,2,0,1,0,0
37,0,0,-2.06,-1.08,1,1,2,21.0,6,1,3,4,0,0,5,0,2.0,3,1,1,0,0
37,0,0,-1.87,,0,1,1,15.0,7,1,3,7,0,0,2,0,0.0,0,0,1,0,1
33,0,0,0.6,-0.43,0,1,1,40.0,2,0,2,7,1,0,3,0,1.0,0,0,0,0,0
39,1,0,-1.55,,1,1,3,27.0,2,0,5,3,1,1,5,1,2.0,1,0,0,0,0
26,0,0,-1.87,-0.23,0,1,3,31.0,1,1,4,5,1,1,5,0,1.0,1,0,1,0,0
58,1,0,-1.43,0.2,0,0,2,22.0,6,1,3,10,0,0,0,0,0.0,2,0,1,1,0
58,1,0,1.56,-1.46,0,1,3,21.0,2,0,5,3,1,1,5,0,2.0,1,1,0,0,0
27,0,0,-2.05,1.21,0,0,1,25.0,5,1,2,3,0,0,2,1,1.0,2,0,1,0,0
33,1,0,-0.58,-1.8,0,1,3,33.0,7,1,4,6,1,1,5,0,2.0,2,1,0,0,0
40,1,0,0.16,0.85,0,1,2,26.0,0,0,5,2,1,1,4,1,1.0,3,1,1,0,0
28,0,0,-0.07,-0.36,1,1,3,27.0,5,0,2,6,1,1,6,1,1.0,0,0,0,0,0
34,1,0,-0.14,2.18,0,1,3,25.0,5,0,5,3,1,1,5,1,2.0,3,1,0,0,0
56,0,0,-0.89,-0.26,0,1,0,36.0,6,1,1,5,0,0,1,0,0.0,2,1,1,1,0
45,0,0,0.66,0.53,0,1,3,34.0,3,1,3,6,1,1,4,0,0.0,2,0,1,1,0
57,0,0,-2.23,-2.22,1,1,1,26.0,3,0,3,5,0,0,3,0,1.0,1,1,1,1,0
33,1,1,-2.26,1.02,0,1,1,33.0,1,1,2,2,1,1,2,1,0.0,2,1,1,0,0
43,0,0,,0.32,1,0,2,28.0,6,1,3,5,1,0,3,0,0.0,2,0,1,0,0
59,1,0,-1.18,-1.93,0,1,1,27.0,6,0,3,4,0,0,2,1,0.0,1,0,1,0,0
33,1,1,,-0.73,0,1,2,29.0,1,1,4,13,1,0,2,0,0.0,2,0,1,0,0
51,1,0,0.37,-0.45,0,1,1,33.0,3,1,3,4,0,1,2,1,0.0,2,0,1,1,0
41,1,1,-1.79,0.79,1,1,1,24.0,7,1,1,4,1,0,4,1,0.0,1,1,1,0,1
35,1,0,0.91,-0.25,0,1,3,,0,0,5,2,1,1,5,1,2.0,3,0,1,0,0
28,0,0,,-1.43,0,1,2,44.0,2,1,3,5,1,0,2,0,0.0,2,0,1,0,0
58,1,0,-2.18,-0.6,0,1,1,,5,1,3,3,0,0,2,0,0.0,1,1,0,1,0
28,0,1,,0.57,0,1,3,29.0,3,1,5,8,1,0,5,1,1.0,1,0,1,0,0
28,1,0,-0.62,-0.09,0,1,1,28.0,2,1,5,3,0,1,3,0,0.0,3,0,0,0,1
41,0,1,-0.6,0.0,0,1,1,32.0,4,0,4,5,1,1,2,0,1.0,2,0,1,1,1
27,1,0,-0.38,-2.66,1,1,1,19.0,1,1,2,2,0,0,4,0,0.0,1,0,1,0,1
54,1,0,-2.41,1.53,0,1,1,39.0,5,1,1,3,0,0,3,1,0.0,2,0,0,0,0
50,1,0,-0.39,-0.17,0,1,2,35.0,6,1,3,4,1,1,2,0,0.0,1,0,0,0,0
29,0,0,0.59,0.26,0,1,2,25.0,5,1,4,2,1,1,5,0,0.0,2,0,1,0,0
56,0,0,-1.56,0.89,0,1,2,29.0,0,0,5,3,1,0,1,0,1.0,1,0,1,1,0
47,1,0,-1.17,0.97,0,1,0,26.0,6,0,1,4,0,0,0,1,0.0,2,0,1,0,0
49,0,0,,1.1,0,1,3,31.0,1,1,4,6,1,0,3,0,2.0,3,0,1,1,0
35,1,0,-2.04,-0.84,0,1,2,29.0,6,1,4,5,0,1,4,0,0.0,1,0,1,0,1
54,1,0,0.53,-1.8,0,0,2,,3,0,3,7,0,1,1,0,1.0,1,0,0,1,0
26,0,0,0.16,0.45,0,1,2,23.0,6,1,4,6,1,1,5,0,1.0,1,0,0,0,0
59,0,0,-1.41,1.15,1,1,2,26.0,1,1,4,2,0,0,2,1,0.0,2,1,1,0,0
33,0,0,0.3,0.38,0,0,1,36.0,1,0,3,7,1,0,3,0,2.0,2,0,1,0,1
29,1,0,1.84,-2.81,0,1,2,26.0,4,1,3,4,1,1,2,0,0.0,2,0,0,0,1
26,1,0,-0.33,1.93,0,1,3,,0,0,3,5,1,0,6,1,2.0,3,0,1,0,0
26,1,0,-1.82,-0.56,1,1,3,28.0,2,0,4,3,1,1,4,1,1.0,2,0,1,0,0
30,1,0,-0.73,0.82,0,1,2,43.0,6,0,4,5,0,1,3,1,0.0,2,1,1,0,0
43,0,0,-2.98,-2.02,0,1,1,34.0,6,0,3,5,0,0,2,1,0.0,1,0,0,0,0
34,0,0,-0.15,1.45,1,1,3,25.0,0,0,5,3,0,1,3,1,2.0,2,0,1,0,0
43,0,0,-0.97,0.97,0,1,1,29.0,6,1,4,11,1,1,4,1,2.0,3,1,1,1,0
30,0,1,0.39,-0.38,0,1,3,33.0,6,0,5,4,1,1,5,1,2.0,3,1,0,0,0
53,0,0,-0.7,1.34,0,1,3,18.0,6,0,5,4,1,1,4,1,2.0,1,0,1,0,0
38,0,0,-0.16,-0.09,0,1,1,24.0,6,1,1,6,1,1,2,0,0.0,1,0,0,0,0
44,1,0,-1.89,,0,1,1,31.0,6,0,2,5,0,0,2,0,0.0,2,1,1,0,0
24,0,0,-0.89,-0.22,0,1,1,39.0,5,1,3,4,1,0,3,0,0.0,2,0,1,0,0
36,1,0,,-0.74,0,0,2,26.0,6,0,4,6,1,1,4,1,2.0,1,1,1,0,0
25,0,0,-2.2,1.63,0,1,1,38.0,7,1,2,6,0,1,4,0,0.0,2,0,1,0,0
36,1,0,0.89,0.53,0,1,3,24.0,1,1,5,8,1,1,5,1,2.0,2,0,1,0,1
51,1,0,0.63,,0,1,2,,3,1,3,9,1,1,4,1,0.0,2,0,0,0,0
40,0,0,-0.76,0.21,1,1,3,33.0,0,0,5,3,0,1,5,0,2.0,2,0,1,0,0
51,1,0,0.59,0.76,0,1,3,32.0,7,0,5,5,1,1,4,1,2.0,3,0,0,1,0
26,1,0,0.45,1.01,0,1,3,33.0,3,1,3,8,1,1,4,1,1.0,1,0,1,0,0
37,0,0,-1.39,2.2,0,1,2,33.0,6,1,5,3,1,1,4,0,2.0,3,1,1,0,0
24,0,0,-0.67,0.36,0,0,1,30.0,6,1,1,3,1,1,1,0,0.0,1,0,1,0,1
59,0,1,-1.83,-0.99,0,0,0,27.0,7,1,1,5,0,0,2,0,0.0,1,1,1,0,0
58,1,1,-1.29,-0.48,0,1,1,28.0,1,1,1,5,0,0,3,1,0.0,1,0,1,0,0
33,0,0,-0.15,1.36,0,1,3,26.0,6,1,5,8,1,1,5,0,1.0,2,0,0,0,0
50,1,0,-2.98,,0,1,1,27.0,6,1,4,4,1,0,4,1,2.0,2,1,0,0,0
50,1,0,-0.04,0.19,1,1,3,18.0,0,0,4,8,1,0,4,0,2.0,3,0,1,1,0
37,0,0,-1.53,-0.74,0,1,0,22.0,6,1,1,8,1,0,3,0,0.0,1,0,1,0,0
39,0,0,-0.54,-0.26,0,1,2,28.0,3,1,5,2,0,1,3,0,2.0,2,0,1,0,0
59,0,0,-2.49,-0.33,0,1,2,16.0,6,1,3,8,0,1,4,1,0.0,2,0,1,1,0
36,0,0,1.14,0.29,0,1,3,17.0,5,0,5,2,1,1,5,1,2.0,3,0,1,0,0
39,0,0,-0.48,-0.16,0,1,1,27.0,2,0,4,4,1,0,3,0,0.0,2,0,1,0,0
34,1,0,-2.71,-1.63,0,1,2,,1,1,4,4,1,0,4,0,1.0,2,0,0,0,0
38,1,0,0.96,1.13,1,1,2,27.0,1,1,3,8,0,0,6,0,1.0,2,1,0,0,1
32,0,1,-0.83,0.93,0,1,2,15.0,1,1,2,12,1,0,4,0,1.0,2,1,1,0,0
25,0,0,,0.19,1,1,2,38.0,5,0,4,4,1,0,3,0,2.0,3,0,0,0,0
47,1,0,-1.53,0.99,0,1,1,,3,1,1,5,0,0,2,0,0.0,2,0,0,1,0
34,0,0,-0.4,0.72,1,1,2,24.0,1,1,4,2,1,1,3,1,0.0,1,0,0,0,0
25,1,0,1.21,0.86,1,1,3,,6,0,5,3,1,1,3,1,2.0,2,1,0,0,0
27,0,0,0.12,0.31,0,1,2,37.0,6,1,4,5,0,1,3,1,1.0,2,0,1,0,0
56,1,0,-0.54,0.74,0,1,2,32.0,5,1,4,6,1,1,4,1,1.0,2,0,1,0,0
40,1,0,-1.55,-1.21,1,1,2,26.0,7,1,2,5,1,0,3,0,0.0,3,0,0,0,1
33,1,0,-3.11,-0.26,0,1,2,26.0,3,1,5,6,0,1,5,1,2.0,3,0,0,0,0
35,0,0,0.67,-1.48,0,1,2,30.0,6,1,4,5,0,1,4,0,1.0,2,0,1,0,0
41,0,0,0.93,-1.12,0,1,2,22.0,0,0,5,2,1,1,5,0,1.0,2,0,1,0,0
34,1,0,0.85,1.31,1,1,3,31.0,6,0,5,6,1,1,4,1,2.0,2,0,1,0,0
38,0,0,0.64,0.24,0,1,3,26.0,7,1,2,2,1,1,4,0,1.0,2,1,0,0,0
39,0,0,-1.82,,0,0,1,,6,1,3,6,1,1,2,0,2.0,1,1,0,1,0
58,1,0,,-0.9,0,1,3,32.0,5,0,5,3,1,1,4,1,2.0,2,0,1,1,0
35,0,0,-1.52,-1.56,0,1,1,25.0,5,0,2,7,0,0,3,1,0.0,2,1,1,0,0
30,1,0,,-1.47,0,0,1,17.0,3,1,1,8,0,1,1,1,0.0,2,1,1,0,0
41,0,1,-2.16,-0.8,0,1,1,28.0,6,0,2,4,0,0,3,1,0.0,1,1,1,0,0
37,1,1,-1.27,-3.02,0,1,1,20.0,6,1,2,3,0,1,3,1,0.0,1,0,1,0,0
46,0,0,0.09,0.72,0,1,0,29.0,7,1,2,13,0,0,2,0,0.0,0,0,1,0,0
47,0,0,-0.74,-0.55,1,0,0,27.0,4,1,1,6,0,0,0,1,0.0,0,0,0,0,1
40,0,1,-1.38,0.48,0,1,2,25.0,0,0,5,6,1,1,5,0,2.0,3,0,0,1,0
34,0,0,0.13,0.46,0,0,1,21.0,5,1,2,3,0,0,3,0,0.0,2,0,0,0,0
49,1,0,0.19,0.03,0,1,2,36.0,1,0,5,3,1,1,6,0,2.0,3,0,1,1,0
43,0,0,-2.04,0.28,0,1,2,26.0,2,0,5,3,1,1,4,1,2.0,1,0,1,0,0
35,0,0,-0.36,-0.14,0,1,2,43.0,3,1,3,4,1,1,5,1,0.0,2,1,1,0,0
24,0,0,-0.25,1.19,0,1,1,29.0,6,1,1,4,0,0,3,0,0.0,2,1,1,0,1
25,0,0,0.64,,1,1,3,31.0,1,0,5,3,1,1,4,1,2.0,1,0,1,0,1
56,0,0,-1.92,0.73,1,1,2,29.0,1,1,3,7,0,0,2,1,0.0,1,0,1,1,0
46,1,0,-1.43,,0,1,2,31.0,0,0,4,3,1,1,6,1,1.0,0,0,1,0,0
54,1,0,1.23,-1.43,0,1,1,36.0,6,1,1,4,1,0,2,1,0.0,2,1,1,0,0
38,0,1,-2.62,-1.66,0,1,0,36.0,6,1,2,5,1,1,2,0,0.0,1,1,0,0,1
28,1,0,-0.12,-1.95,0,1,3,18.0,0,0,4,2,1,1,4,1,2.0,2,0,0,0,0
59,0,0,-2.87,0.31,1,1,3,34.0,0,0,5,5,1,1,3,1,1.0,1,0,0,1,0
50,0,0,1.1,-1.13,0,0,3,32.0,5,1,3,6,0,0,3,1,0.0,2,0,1,1,0
48,0,0,0.79,0.38,0,1,2,29.0,2,1,5,5,1,1,3,1,1.0,1,0,0,0,0
26,1,0,1.87,1.69,0,0,2,39.0,5,0,5,9,0,0,5,0,2.0,1,0,1,0,0
26,0,0,-1.77,-0.56,0,1,2,40.0,3,1,3,10,0,0,5,1,1.0,3,1,0,0,0
57,0,0,,0.18,0,1,1,34.0,7,1,2,4,1,1,2,0,0.0,0,1,0,1,0
54,1,0,-2.12,0.85,0,0,1,26.0,2,0,2,2,1,1,2,1,0.0,2,0,0,0,0
28,0,0,0.86,0.11,0,1,1,22.0,6,1,2,9,1,0,4,0,1.0,2,0,0,0,0
44,1,0,-3.11,0.1,0,1,2,34.0,0,0,4,5,1,0,4,0,2.0,2,0,1,0,0
36,0,0,-0.1,-1.94,1,1,0,37.0,7,1,1,5,0,0,3,1,0.0,1,0,0,0,1
46,0,0,-1.1,-0.14,0,1,1,17.0,7,1,1,6,0,0,1,1,,1,0,1,0,0
54,1,0,0.67,0.67,0,1,2,36.0,6,1,5,5,1,0,3,0,2.0,1,0,0,1,0
46,0,0,-0.43,1.03,1,1,0,27.0,4,1,2,9,1,1,2,0,0.0,2,0,0,0,0
31,1,0,0.19,-0.39,0,1,2,18.0,1,0,4,9,1,0,1,1,2.0,0,1,1,0,0
38,0,0,2.46,1.2,0,0,2,32.0,6,0,4,2,1,1,4,1,1.0,1,0,0,1,0
57,1,0,1.12,-0.88,0,0,2,,6,0,1,7,0,0,2,0,0.0,2,0,0,1,0
26,1,0,,0.83,0,1,2,27.0,2,1,3,6,0,1,5,0,0.0,2,0,0,0,0
48,0,0,-0.31,-1.53,0,0,2,23.0,4,1,3,3,0,0,3,1,0.0,2,0,1,0,0
41,1,0,,-0.74,0,0,1,39.0,4,1,1,7,1,1,3,0,0.0,1,0,1,0,0
41,0,0,0.66,-0.91,0,1,1,25.0,6,1,1,2,0,0,4,1,0.0,2,1,1,0,0
24,1,0,-0.26,,0,1,3,36.0,6,0,3,2,1,0,5,1,0.0,2,0,0,0,1
28,0,0,-0.39,-0.02,0,1,1,20.0,6,1,4,4,1,1,4,0,,1,0,1,0,0
40,0,0,-1.79,-0.01,1,1,1,31.0,6,1,3,5,1,0,3,0,0.0,2,1,0,0,1
47,1,1,-1.04,-0.97,1,1,1,31.0,2,0,2,2,1,0,2,0,0.0,2,1,1,0,0
29,1,0,0.31,0.01,1,1,3,34.0,3,1,5,6,1,0,4,1,2.0,3,0,0,0,0
45,1,0,0.45,0.24,0,1,1,38.0,0,0,3,3,0,1,4,0,0.0,2,0,0,0,0
56,0,0,1.33,-0.51,1,1,2,24.0,6,1,2,4,1,0,4,1,0.0,0,1,0,1,0
39,0,0,0.3,-1.13,0,1,1,32.0,3,1,1,2,0,0,0,0,0.0,2,0,1,1,1
49,1,0,0.46,-0.93,0,1,2,21.0,3,0,2,6,1,0,5,0,2.0,2,1,1,0,0
38,1,0,-1.01,0.81,0,1,2,21.0,2,1,2,4,0,1,3,0,0.0,1,0,0,0,0
26,1,0,-0.63,-0.01,0,1,3,26.0,1,1,4,4,0,1,3,0,0.0,0,1,1,0,0
45,1,0,0.77,1.46,0,1,2,31.0,5,0,5,6,1,1,4,1,0.0,2,0,0,1,0
26,1,1,-0.36,-0.34,0,1,2,39.0,2,0,3,6,1,0,2,0,1.0,1,1,1,0,0
38,1,0,0.12,-0.25,0,1,1,,0,0,3,3,0,1,5,0,1.0,3,0,1,0,0
34,0,0,-1.22,,0,1,2,,6,0,5,4,1,1,3,1,2.0,2,0,1,0,0
48,0,0,-1.08,0.61,1,1,3,31.0,3,0,5,5,1,1,4,0,2.0,1,1,1,1,0
25,1,0,-1.28,1.24,1,1,1,35.0,3,1,3,2,1,0,4,1,0.0,1,0,1,0,0
39,1,0,0.5,-2.18,0,0,2,34.0,3,0,4,3,1,1,5,1,2.0,1,1,1,1,0
27,0,0,-0.76,0.3,1,1,2,28.0,6,1,2,10,0,1,4,0,0.0,3,0,0,0,1
59,1,0,,-1.17,0,1,2,29.0,3,1,3,5,0,1,2,1,0.0,2,0,0,1,0
48,0,0,-2.24,-0.3,0,1,0,28.0,6,1,2,5,0,0,5,0,0.0,3,0,1,0,0
43,0,0,-1.33,-1.13,1,1,3,28.0,7,1,4,9,1,0,6,1,2.0,1,1,1,1,0
55,0,0,-0.37,0.27,1,1,2,27.0,6,1,5,8,0,1,5,0,2.0,2,0,0,1,0
29,0,0,-1.35,-1.17,1,1,1,28.0,3,1,3,4,0,1,3,0,0.0,3,0,1,0,1
47,0,0,-1.88,-2.08,1,1,1,27.0,6,1,2,4,1,0,5,0,0.0,3,1,1,0,0
58,0,0,-0.85,,0,1,1,22.0,4,1,2,8,0,0,1,0,0.0,0,1,0,0,1
41,1,1,-1.53,0.88,1,1,1,34.0,3,1,1,6,0,0,4,0,0.0,1,0,1,0,1
59,0,1,-2.09,0.73,0,1,2,32.0,5,0,5,2,1,1,5,0,1.0,3,0,1,1,0
54,1,0,-1.42,1.16,1,1,1,,3,1,3,4,1,1,3,0,0.0,2,0,0,0,1
59,0,0,-0.28,-2.14,0,1,0,31.0,1,1,2,5,0,1,2,0,0.0,2,0,1,0,0
29,0,0,-0.53,1.76,0,1,3,26.0,3,1,4,3,1,1,4,0,2.0,2,0,1,0,1
35,0,0,-1.68,2.28,1,1,1,25.0,1,1,3,4,0,1,5,0,0.0,3,0,1,0,0
52,1,0,-1.59,-1.31,0,1,1,29.0,3,1,1,6,0,0,4,1,0.0,1,0,0,1,0
36,0,0,-1.85,0.27,0,1,3,32.0,5,1,3,7,1,0,4,0,0.0,1,1,1,0,1
49,1,0,1.45,,1,1,2,28.0,7,1,3,8,1,0,5,1,0.0,1,1,0,1,0
24,0,0,1.01,0.83,0,1,3,20.0,0,0,5,4,1,1,5,0,2.0,2,0,1,0,0
46,0,0,2.67,1.7,0,1,2,25.0,5,0,5,2,0,1,5,1,1.0,3,0,1,1,0
55,0,0,-1.22,-1.84,0,0,0,29.0,4,1,1,10,1,0,2,0,0.0,1,0,1,0,1
33,0,0,-0.63,-1.34,0,1,3,33.0,0,0,4,3,0,0,3,0,1.0,2,0,1,0,0
49,0,0,-1.96,-0.44,1,0,1,20.0,2,1,2,3,1,0,2,0,0.0,2,1,1,1,1
27,1,0,0.52,3.69,1,1,3,31.0,1,0,5,2,1,1,3,0,2.0,3,0,0,0,0
34,0,0,-0.89,0.82,0,1,2,30.0,1,1,4,4,1,0,5,0,1.0,0,1,1,0,0
30,0,0,-1.33,,0,1,3,26.0,2,0,4,3,0,0,5,0,1.0,3,1,1,0,0
30,0,0,0.55,0.85,1,1,1,25.0,3,1,2,3,1,0,4,1,0.0,3,1,0,0,0
41,1,0,-0.34,1.15,0,1,2,25.0,5,1,4,6,1,1,4,1,0.0,2,0,0,0,0
56,1,0,-0.23,0.31,1,1,1,30.0,0,0,4,9,1,1,4,1,2.0,2,1,0,0,0
27,0,0,0.24,0.01,0,1,3,36.0,1,1,5,4,1,1,4,1,1.0,3,0,0,0,0
36,0,0,0.46,-0.52,1,1,3,36.0,0,0,5,5,1,1,5,1,1.0,1,1,1,0,0
25,1,0,-3.35,-0.04,0,1,0,22.0,5,1,1,8,0,1,0,1,0.0,3,1,1,0,1
44,1,0,-2.07,1.04,0,1,1,28.0,3,1,3,2,0,1,3,1,0.0,3,1,1,0,0
46,1,0,2.11,1.14,0,1,3,16.0,5,0,5,3,1,1,4,1,2.0,1,0,0,1,0
29,1,0,-0.5,-0.65,0,1,3,30.0,2,0,3,5,0,1,4,1,1.0,1,0,1,0,0
32,1,0,-0.65,-0.29,1,0,0,33.0,0,0,2,2,0,1,2,0,0.0,1,0,1,0,0
30,0,0,-0.27,-1.46,1,1,1,38.0,7,1,1,7,0,0,0,0,0.0,3,0,1,0,0
26,0,0,-0.66,1.05,0,0,3,18.0,1,1,4,5,1,1,5,0,0.0,2,0,0,0,0
37,1,0,-2.2,0.34,0,1,1,22.0,1,0,2,8,0,0,2,1,2.0,1,1,1,1,0
34,0,0,-2.76,-0.53,0,1,1,30.0,1,1,1,7,0,0,4,0,0.0,2,1,0,0,1
33,1,0,-1.76,-0.52,1,1,2,19.0,7,1,3,2,1,0,5,0,0.0,1,1,1,0,0
54,1,1,-2.41,-1.15,1,0,0,,5,1,2,9,0,0,3,0,0.0,1,0,1,0,1
32,1,0,-1.63,-0.02,0,1,1,33.0,5,0,3,3,1,0,3,1,0.0,1,0,1,0,0
33,1,0,-2.45,1.32,0,1,1,21.0,7,1,2,5,1,0,2,0,0.0,3,1,1,0,0
38,1,0,0.24,-0.96,1,1,2,30.0,0,0,2,5,1,0,3,0,0.0,2,0,0,0,0
54,0,0,1.09,-1.48,0,1,2,22.0,7,1,3,4,0,0,4,0,1.0,2,0,0,1,0
31,0,0,-1.89,-0.06,1,1,2,37.0,1,1,2,5,0,0,3,1,0.0,2,0,0,0,1
45,0,0,-2.94,,0,1,1,30.0,5,1,2,3,1,0,4,0,0.0,2,0,1,0,0
57,0,0,-0.53,0.86,1,1,2,25.0,3,1,3,4,1,0,4,0,1.0,3,0,1,1,0
54,0,1,0.27,1.04,0,1,1,22.0,3,1,2,7,1,1,4,1,0.0,1,0,0,0,0
45,0,1,-3.22,-0.78,0,1,1,31.0,7,1,1,6,0,1,2,1,0.0,1,0,1,0,1
50,1,1,-3.19,0.63,1,1,1,37.0,1,0,1,3,0,0,3,0,0.0,0,0,0,0,0
25,1,1,-3.45,0.35,0,1,3,24.0,7,0,4,2,1,1,2,1,1.0,1,1,1,0,0
49,0,0,-0.3,-0.36,1,1,2,26.0,3,1,3,5,0,1,5,1,0.0,3,0,0,1,0
31,0,0,-2.12,-0.15,0,1,1,24.0,6,1,2,7,1,0,3,1,1.0,1,0,0,0,1
34,1,0,-0.03,0.56,0,1,2,38.0,7,1,1,11,0,0,5,0,0.0,2,0,0,0,0
40,1,0,0.82,0.63,1,1,3,18.0,0,0,5,2,1,1,6,0,2.0,1,0,0,0,0
53,0,0,0.97,0.45,1,1,1,37.0,7,1,3,4,0,1,3,1,,3,1,0,1,0
39,0,0,0.51,0.57,1,1,1,27.0,5,1,3,6,1,0,4,0,1.0,3,1,0,0,0
31,0,1,-2.33,-0.35,1,1,3,29.0,6,1,5,14,1,0,4,0,2.0,3,0,0,0,0
48,1,0,-0.63,-1.26,0,1,1,27.0,1,0,5,5,1,1,6,0,1.0,2,0,0,1,0
45,0,0,0.19,-0.87,0,1,0,30.0,5,1,2,5,0,0,4,0,0.0,1,1,1,0,1
51,1,0,-1.73,0.94,0,1,2,25.0,6,0,5,2,1,1,5,0,2.0,2,1,1,1,0
42,1,0,,-2.28,1,1,0,35.0,4,1,1,9,0,1,3,0,0.0,0,0,1,0,1
44,1,0,-0.67,-0.09,0,1,1,36.0,1,1,3,7,0,1,1,0,0.0,3,0,1,0,0
26,1,0,-0.44,0.13,0,0,2,23.0,2,1,4,4,0,0,4,0,0.0,1,0,0,0,1
36,0,0,-0.85,0.47,0,1,1,33.0,6,1,1,5,0,0,3,1,1.0,1,0,1,0,0
25,1,0,-0.94,-1.21,0,1,2,27.0,0,0,5,3,1,1,3,0,2.0,2,1,1,0,0
30,1,0,-1.31,-2.27,0,0,3,29.0,6,1,4,4,1,1,5,0,1.0,3,0,0,0,0
53,0,0,-0.08,-0.67,0,0,2,38.0,7,1,3,7,1,0,3,1,1.0,1,0,1,0,0
25,1,0,,0.54,0,1,3,25.0,0,0,4,6,1,1,3,1,1.0,1,0,0,0,0
34,1,1,0.59,1.13,0,1,0,35.0,1,1,1,4,0,0,1,0,0.0,2,0,1,0,1
26,1,0,-2.62,-0.93,0,1,0,32.0,6,1,1,6,0,0,2,0,0.0,2,0,0,0,1
39,0,0,-0.08,-0.78,0,0,3,28.0,0,0,5,2,1,1,3,0,2.0,3,0,1,0,0
38,0,0,-1.97,0.15,0,1,3,31.0,5,1,3,4,0,1,1,0,1.0,1,1,0,1,0
50,0,0,-0.7,1.91,0,1,0,30.0,6,1,2,8,0,1,2,0,0.0,2,0,1,0,0
24,0,0,-0.84,0.36,0,1,2,22.0,5,1,3,7,0,1,4,0,0.0,1,1,0,0,1
28,1,0,-0.52,0.36,0,1,0,25.0,3,0,2,3,0,0,1,0,0.0,1,1,1,0,1
36,0,0,-1.79,1.78,0,0,1,23.0,6,1,2,6,0,0,2,1,1.0,1,0,1,0,0
26,1,0,-3.31,0.67,0,1,1,27.0,5,1,1,6,0,0,3,0,1.0,0,1,1,0,0
24,1,0,0.13,-0.09,0,1,0,37.0,1,1,1,3,0,0,2,0,0.0,0,1,0,0,1
44,1,0,-0.31,-1.38,0,0,0,32.0,5,1,1,4,0,0,3,0,0.0,1,1,0,0,1
54,1,1,-0.76,-0.19,0,1,0,20.0,6,1,1,4,0,0,2,0,0.0,2,0,0,0,0
26,0,0,0.49,0.7,0,1,1,27.0,6,1,4,2,1,1,3,0,0.0,3,0,1,0,0
31,1,0,-1.08,-1.9,0,0,1,30.0,4,1,1,10,0,0,1,0,0.0,0,1,0,0,1
55,0,0,0.1,0.83,0,1,2,33.0,3,1,3,2,0,1,5,1,0.0,3,0,1,0,0
47,0,0,-1.05,-0.05,0,1,3,25.0,0,0,5,11,1,0,6,0,2.0,2,0,0,1,0
34,1,1,-1.95,-0.39,0,1,1,22.0,2,1,2,4,0,0,4,0,0.0,1,1,1,0,1
56,0,1,0.58,-0.95,1,1,3,29.0,0,0,4,5,1,1,2,1,2.0,2,0,0,1,0
44,1,0,2.1,0.33,0,1,3,,7,0,4,2,1,0,2,1,1.0,1,1,0,1,0
56,0,0,-0.22,0.58,1,1,2,,2,0,3,5,0,1,2,0,1.0,2,0,0,0,1
40,0,0,-4.18,-1.09,0,1,2,24.0,6,1,4,3,1,0,2,0,0.0,3,0,0,1,0
53,0,0,0.25,0.58,0,1,2,40.0,1,1,5,7,1,1,4,1,2.0,2,0,0,1,0
37,0,0,,0.96,0,0,3,28.0,2,1,5,7,1,1,5,1,2.0,3,0,0,0,0
46,1,0,-1.39,0.58,1,1,2,30.0,3,1,1,4,0,0,4,1,0.0,2,0,1,0,0
32,0,0,-1.97,0.05,0,1,2,25.0,3,1,2,9,1,0,5,1,0.0,2,0,1,0,0
31,1,1,-0.36,-0.5,0,0,1,36.0,6,1,2,2,0,0,2,1,0.0,1,1,1,0,1
27,0,0,-1.01,,0,1,2,32.0,7,1,3,2,0,0,4,0,0.0,1,0,0,0,1
39,0,0,-1.76,-1.65,0,1,0,31.0,6,1,1,5,0,0,2,0,0.0,1,1,0,0,1
30,1,0,-3.11,-0.89,0,1,1,22.0,1,1,1,7,0,0,3,0,0.0,3,1,0,0,1
38,0,0,-2.06,-0.23,0,1,2,36.0,6,0,5,4,1,1,4,1,2.0,3,0,0,1,1
40,0,0,0.36,-0.91,1,1,2,34.0,1,0,3,2,0,0,3,1,1.0,2,0,1,1,0
45,0,0,-2.31,-0.11,1,1,3,35.0,7,1,1,5,0,1,4,1,0.0,2,0,1,0,0
27,0,0,0.69,1.23,0,1,0,29.0,5,1,1,7,0,0,2,1,0.0,1,0,0,0,0
37,1,0,1.84,1.57,1,1,3,29.0,3,1,3,2,1,1,5,0,2.0,2,0,1,1,0
56,1,0,-2.17,-0.77,1,1,1,28.0,1,1,2,2,0,0,4,1,0.0,3,0,1,1,0
27,0,0,-0.95,1.82,0,1,2,43.0,0,0,5,4,1,1,6,1,1.0,1,0,0,0,0
57,0,0,-0.53,0.87,1,1,0,26.0,2,1,1,5,0,0,5,0,0.0,1,1,1,0,0
25,1,1,0.22,-0.96,0,1,2,22.0,7,0,1,2,1,1,2,0,0.0,2,0,1,0,1
58,0,1,,0.56,0,1,3,27.0,6,1,5,2,1,0,5,1,2.0,3,0,1,0,0
38,1,0,-1.5,-0.12,0,1,1,26.0,7,1,3,6,0,0,3,0,0.0,3,0,0,0,1
48,1,0,-0.82,-2.08,1,1,2,37.0,1,0,4,5,1,0,5,0,2.0,2,0,0,1,1
55,1,0,-0.84,-1.46,0,1,1,21.0,5,1,2,7,0,0,3,0,0.0,1,0,0,1,0
51,0,0,-0.78,,0,1,2,26.0,2,1,5,3,0,0,2,0,1.0,2,0,1,1,0
49,0,0,1.39,-1.49,1,1,3,30.0,5,0,5,3,0,1,5,1,1.0,3,0,0,1,0
26,0,0,-0.81,1.86,0,1,3,37.0,3,0,5,5,1,1,2,0,2.0,3,0,0,0,0
35,0,1,-0.72,0.9,0,0,1,33.0,2,0,3,2,1,1,3,0,0.0,3,0,0,0,0
55,1,0,0.5,0.66,0,1,2,39.0,5,0,4,3,1,0,6,0,2.0,2,1,1,1,0
57,0,1,-0.87,-1.58,0,1,2,31.0,1,1,4,9,1,1,5,1,2.0,1,1,1,0,0
34,1,0,-1.6,0.19,0,0,0,28.0,4,1,1,8,0,0,2,0,0.0,0,1,0,0,1
47,1,0,,0.78,0,1,2,34.0,6,1,2,3,0,0,4,0,0.0,0,0,1,1,0
40,0,0,-1.75,0.8,1,1,1,21.0,1,0,3,3,1,1,3,0,0.0,0,0,1,0,0
54,0,1,-0.29,0.92,0,1,0,19.0,7,0,4,4,1,1,4,0,0.0,2,0,1,1,0
55,0,0,-1.34,1.48,0,1,1,35.0,5,1,1,3,0,0,1,0,0.0,0,0,1,0,1
53,1,0,-1.04,-0.83,0,1,1,30.0,6,1,3,5,1,0,1,1,0.0,0,1,1,0,1
51,0,1,-2.29,-0.22,0,1,1,35.0,6,0,4,5,0,0,4,0,1.0,3,1,1,0,1
46,0,0,1.12,-1.06,0,1,0,24.0,6,1,2,12,0,0,4,1,0.0,1,1,1,0,0
59,1,0,0.54,0.68,1,1,3,37.0,6,1,3,5,0,1,4,1,2.0,1,0,1,1,0
57,0,0,-2.28,-0.34,0,0,2,33.0,6,0,3,4,1,1,5,1,1.0,3,1,1,0,0
38,1,0,-0.54,-1.6,1,1,1,29.0,5,1,1,6,0,1,2,1,0.0,3,1,0,1,0
40,0,0,-1.15,-0.02,0,1,3,30.0,2,1,3,4,0,0,5,0,1.0,0,1,0,0,0
37,0,0,-1.06,-1.95,0,1,3,31.0,0,0,5,5,1,0,3,0,2.0,2,0,1,0,1
52,1,0,-1.66,-0.11,1,1,2,24.0,5,1,2,4,1,1,4,1,1.0,2,0,1,0,1
55,1,0,0.07,0.1,1,1,1,27.0,0,0,4,2,1,1,4,0,2.0,2,0,1,0,0
31,1,0,-1.29,-0.63,0,1,0,31.0,2,1,2,5,0,0,1,0,1.0,0,1,0,0,0
41,1,0,-0.44,0.98,0,1,2,26.0,0,0,4,2,1,0,5,0,1.0,2,0,0,0,0
57,1,0,0.32,,1,1,3,20.0,5,0,5,2,1,1,5,1,2.0,1,0,1,0,0
31,0,0,0.48,-0.01,0,1,2,31.0,1,1,3,3,1,0,3,0,1.0,1,1,1,0,1
50,0,0,1.54,0.02,0,1,0,34.0,5,1,2,7,1,1,3,0,0.0,2,0,1,0,0
53,1,0,-1.49,,0,1,1,35.0,6,1,1,8,0,0,1,0,0.0,2,1,1,1,0
33,1,0,-0.72,1.21,1,1,3,32.0,6,1,4,3,1,0,3,1,0.0,3,0,1,0,0
31,1,0,-1.07,-0.9,0,1,1,34.0,2,1,1,7,0,0,2,1,0.0,2,0,1,0,1
45,1,0,-0.53,-0.36,0,0,0,35.0,5,1,1,5,0,1,3,0,0.0,1,0,0,0,0
53,1,0,0.88,0.09,0,1,2,29.0,5,1,4,3,1,0,5,1,1.0,2,1,1,1,0
24,1,0,-2.26,-1.17,0,0,0,16.0,4,1,2,7,0,0,2,0,0.0,1,1,0,0,1
59,1,0,1.6,-1.83,0,1,1,36.0,6,1,1,5,1,1,4,0,0.0,1,1,0,1,0
42,1,1,-2.61,1.41,0,1,1,24.0,1,1,3,9,0,0,3,0,1.0,2,1,0,0,1
28,0,0,0.27,-0.88,0,1,1,22.0,7,1,3,6,1,1,3,0,1.0,3,1,1,0,1
51,0,1,,-0.79,0,1,2,22.0,0,0,4,5,0,1,4,0,1.0,3,0,1,1,0
42,0,0,-2.36,-2.34,1,1,1,44.0,6,1,3,2,0,0,4,1,0.0,1,0,1,1,0
37,0,0,-1.03,-0.2,1,1,0,32.0,5,1,1,6,1,0,1,0,0.0,2,0,0,0,1
35,0,0,-3.35,-0.09,1,1,0,23.0,2,1,1,7,0,0,2,0,0.0,3,0,0,0,1
50,0,0,-1.99,0.99,0,1,2,25.0,6,1,1,6,0,0,3,1,0.0,3,1,0,0,0
39,0,0,-0.24,-0.32,0,1,2,29.0,0,0,5,3,1,1,6,1,2.0,3,0,0,1,0
50,0,0,-1.03,-0.01,1,0,1,32.0,6,0,1,6,0,0,2,0,0.0,2,1,0,1,0
53,1,0,0.09,,1,1,0,31.0,5,1,1,4,0,0,1,0,0.0,1,1,1,1,0
57,0,0,-1.84,1.12,0,1,2,23.0,1,0,1,2,0,0,4,1,0.0,2,1,1,1,0
56,1,0,0.04,0.35,0,1,2,31.0,0,0,4,2,0,1,3,1,1.0,2,0,0,0,0
58,1,0,0.9,-0.29,0,1,2,25.0,6,0,5,4,1,1,3,0,2.0,2,0,0,1,0
47,0,0,-1.04,1.02,0,1,1,35.0,2,1,2,7,1,0,4,0,1.0,3,0,1,0,0
31,0,0,-0.83,,0,1,2,29.0,6,1,2,5,1,1,3,0,,2,0,1,0,0
25,1,0,-2.36,-1.75,0,0,0,24.0,6,1,4,4,0,0,3,1,0.0,3,0,0,0,1
35,1,0,-2.83,0.17,1,0,1,33.0,6,1,2,6,1,0,3,0,0.0,3,0,0,0,0
41,0,0,-1.94,0.8,0,0,1,31.0,2,1,2,11,0,0,4,0,1.0,2,0,1,0,0
32,0,0,1.22,0.7,0,0,2,26.0,6,1,4,3,1,0,4,0,2.0,3,0,0,0,0
51,1,0,1.6,-0.21,0,1,3,33.0,7,0,5,3,1,1,4,1,2.0,3,0,0,1,0
38,1,0,1.28,-0.42,0,1,2,33.0,0,0,5,2,1,1,3,1,2.0,3,0,0,1,0
57,1,0,-0.39,1.2,0,1,2,36.0,3,1,2,7,1,0,2,0,0.0,1,0,0,0,0
25,1,0,0.15,0.15,1,1,3,33.0,2,0,3,4,1,1,4,1,0.0,3,0,0,0,0
28,0,0,-0.48,-0.12,0,1,3,28.0,3,0,5,3,1,1,3,1,2.0,3,1,1,0,0
41,1,0,-1.4,-0.32,0,0,1,19.0,6,1,2,5,0,1,3,1,0.0,0,0,1,0,0
34,1,0,-2.87,-0.62,1,1,1,30.0,4,0,4,3,1,1,4,1,1.0,2,0,0,0,0
55,0,0,-0.58,-0.33,0,1,2,31.0,5,0,2,4,0,1,1,0,0.0,0,0,0,1,0
42,0,0,0.53,1.21,0,1,3,29.0,3,1,5,8,1,1,4,0,2.0,3,0,0,0,0
50,0,0,-1.09,0.42,0,1,2,15.0,1,1,4,2,0,1,4,1,1.0,2,0,1,1,0
49,1,0,,,0,1,2,33.0,2,1,1,3,0,1,2,0,0.0,2,1,1,0,0
44,1,0,0.96,-0.3,0,1,3,24.0,6,1,3,8,0,0,2,1,0.0,2,0,1,0,1
47,1,0,-2.48,0.32,0,1,1,33.0,5,1,1,5,1,0,2,1,0.0,0,0,0,0,0
32,1,0,1.54,-1.08,1,1,0,,3,1,2,5,1,1,2,0,0.0,3,0,0,0,0
38,0,1,-0.84,,0,1,1,27.0,6,1,2,3,0,0,2,0,0.0,2,1,1,0,0
32,1,0,1.55,-1.64,0,1,3,32.0,0,0,4,6,1,0,4,1,2.0,3,0,1,0,1
55,1,0,-0.95,-0.19,0,1,2,29.0,2,0,5,3,1,1,4,0,1.0,1,0,1,0,0
26,0,0,1.22,-0.62,0,1,3,32.0,2,1,3,5,1,0,4,0,0.0,2,0,0,0,1
54,0,0,-0.43,-0.29,0,0,1,30.0,7,1,1,4,0,0,3,0,0.0,1,0,1,0,1
26,1,0,-1.53,-0.67,0,1,1,26.0,6,1,1,4,0,0,1,0,0.0,1,0,0,0,1
39,1,0,-1.64,0.5,0,1,2,24.0,5,0,4,5,0,1,3,0,2.0,2,0,1,0,0
51,1,0,0.0,-0.62,0,1,3,39.0,0,0,5,7,1,1,6,0,1.0,2,0,1,0,0
40,0,0,-0.07,0.69,0,0,1,32.0,1,1,2,5,0,1,1,1,0.0,3,0,0,0,0
57,0,0,,1.62,0,1,1,34.0,5,1,5,5,1,0,4,0,1.0,3,0,0,1,0
55,1,0,-0.28,-1.1,1,1,2,31.0,3,1,4,5,1,1,4,0,1.0,1,0,1,0,0
54,0,0,-1.9,0.36,1,0,0,35.0,7,1,1,2,0,0,2,0,0.0,1,0,1,1,0
49,1,0,-2.27,-0.37,0,1,1,24.0,6,0,3,4,1,1,1,0,,2,0,0,0,0
57,1,1,-1.27,0.75,0,1,1,29.0,3,1,2,2,0,0,2,0,0.0,2,0,1,0,0
36,0,0,-1.89,-1.26,1,1,2,32.0,6,1,2,11,1,1,3,0,0.0,2,0,1,0,0
26,1,0,0.86,1.19,0,1,3,37.0,7,1,4,3,1,1,4,1,2.0,3,0,0,0,0
42,1,0,0.59,-0.99,0,0,2,45.0,4,0,4,4,1,1,5,1,0.0,3,0,0,0,0
36,1,0,1.39,-0.24,0,1,1,31.0,6,0,4,2,1,1,3,0,2.0,2,0,1,1,0
26,1,0,-0.81,-0.24,1,1,2,25.0,7,1,4,6,0,1,1,1,0.0,3,1,1,0,1
32,0,0,-0.36,-1.06,0,1,1,22.0,2,0,5,6,1,1,5,1,2.0,1,0,1,0,1
26,0,0,-2.44,0.69,0,1,1,24.0,6,1,3,7,1,1,4,1,0.0,3,1,0,0,1
27,1,0,-0.65,-0.54,0,1,3,24.0,0,0,5,5,1,0,5,1,2.0,3,1,1,0,0
52,0,0,-0.02,,1,1,3,15.0,6,0,5,2,0,1,5,1,1.0,2,0,1,1,0
32,1,0,0.08,-0.2,0,1,3,25.0,6,0,5,3,1,1,5,1,2.0,2,0,1,0,0
43,1,0,,-0.47,0,1,2,33.0,5,1,1,3,0,1,4,0,0.0,1,1,0,0,0
47,1,0,-2.06,0.14,0,0,0,29.0,4,1,1,8,0,1,4,1,0.0,0,1,1,0,1
34,1,0,,,0,1,1,27.0,5,1,2,7,0,1,3,0,1.0,0,1,0,0,0
41,1,0,-1.16,-2.47,0,1,2,19.0,1,1,2,4,0,0,3,0,0.0,2,0,0,0,0
40,0,0,0.32,-0.96,0,1,1,35.0,1,1,1,3,0,0,1,0,0.0,0,1,0,1,1
56,0,0,-0.09,-0.12,0,0,2,32.0,2,1,4,3,1,1,5,0,0.0,2,0,1,1,0
58,0,0,-1.21,-0.35,0,1,2,29.0,5,1,3,5,1,0,3,0,1.0,1,1,0,0,0
28,0,0,0.06,-1.02,0,1,1,16.0,3,1,1,3,0,1,3,0,0.0,1,0,1,0,1
49,1,0,-2.28,1.49,0,1,0,26.0,2,1,2,7,0,0,0,0,0.0,2,0,1,0,1
48,1,1,-1.92,1.07,0,1,1,32.0,6,1,2,5,0,0,3,1,0.0,2,1,0,0,0
58,1,1,,-2.77,0,1,1,29.0,3,1,3,5,1,1,3,0,0.0,1,0,1,1,0
45,0,0,-1.48,-0.93,0,1,1,30.0,3,1,1,6,1,1,4,0,0.0,2,0,0,1,0
39,0,0,0.46,0.21,1,0,0,33.0,3,0,2,2,1,1,2,1,0.0,2,1,0,0,1
50,0,1,-0.44,0.39,0,1,2,30.0,1,0,5,2,1,1,4,0,1.0,0,0,1,0,0
48,0,1,-3.83,-1.07,1,1,0,33.0,6,1,1,6,0,0,2,0,0.0,1,0,1,0,1
40,1,0,-1.26,1.14,0,1,2,24.0,3,1,2,4,1,0,3,1,0.0,1,1,0,0,0
49,1,0,-0.07,-0.93,0,1,2,22.0,0,0,4,3,1,0,2,1,2.0,2,0,0,1,0
25,0,1,-1.29,-0.21,0,1,0,32.0,7,1,2,6,0,0,2,1,0.0,1,0,0,0,1
58,1,0,-0.58,-0.1,0,1,2,33.0,6,0,4,4,1,0,3,1,2.0,3,1,1,1,0
38,1,0,,0.3,0,1,2,32.0,6,1,5,6,1,1,3,0,2.0,1,0,1,1,0
34,1,0,-0.52,-0.84,0,0,1,30.0,6,0,1,5,0,0,3,0,0.0,0,1,0,0,0
31,0,0,-0.7,0.46,0,1,1,27.0,7,1,4,4,0,1,5,0,1.0,2,1,1,0,1
28,0,0,-0.92,-1.1,1,0,1,30.0,3,1,1,3,0,0,2,0,0.0,0,0,1,0,1
35,0,0,-0.17,0.39,0,1,3,31.0,5,1,5,4,1,0,4,1,1.0,3,0,1,0,0
24,1,0,-1.13,-0.83,0,0,1,,5,0,1,3,1,0,2,0,0.0,2,0,1,0,1
32,0,0,0.21,1.45,0,1,3,45.0,2,0,5,3,1,1,4,1,2.0,1,0,0,0,0
49,0,0,0.05,-0.43,0,1,0,23.0,2,1,2,3,1,0,4,0,0.0,2,0,0,0,0
46,1,0,0.38,0.23,0,1,2,48.0,1,1,5,9,1,1,4,0,2.0,1,0,1,0,0
41,0,1,,1.07,0,0,2,21.0,6,1,4,4,0,1,2,1,1.0,1,0,1,0,0
57,0,0,-1.22,0.11,0,1,1,31.0,6,0,3,3,1,0,3,1,0.0,2,0,1,1,0
51,0,0,-0.06,0.62,1,1,2,22.0,6,1,2,6,0,1,5,1,0.0,1,0,1,0,0
29,1,0,-0.82,-1.47,1,1,1,31.0,3,1,1,2,0,0,3,1,0.0,2,0,0,0,1
44,1,0,,0.53,0,1,1,35.0,1,1,4,3,0,0,3,0,0.0,1,0,0,1,1
37,0,0,-1.54,,0,1,1,29.0,4,1,1,2,0,0,3,1,0.0,3,0,0,0,1
41,0,0,-1.26,0.6,1,1,0,35.0,5,1,1,4,0,0,3,0,0.0,3,0,1,1,0
34,0,0,-1.52,,0,1,1,26.0,7,1,3,3,0,0,2,0,0.0,1,0,0,0,0
59,1,0,-2.63,0.34,1,0,1,17.0,6,0,2,10,1,1,4,1,1.0,1,1,1,0,1
28,1,0,1.36,0.6,0,1,3,33.0,7,0,3,4,1,1,2,1,0.0,1,0,0,0,0
27,0,0,1.31,1.01,0,1,1,29.0,6,0,4,2,1,1,3,0,1.0,2,0,1,0,1
38,1,0,-1.02,-2.32,1,1,1,26.0,7,1,1,2,0,0,2,0,0.0,2,0,0,0,0
54,0,0,-0.72,-1.64,0,1,0,27.0,4,1,1,9,0,1,2,0,0.0,1,1,1,0,0
52,1,0,-0.26,0.04,0,1,3,31.0,0,0,5,4,1,0,4,0,2.0,2,0,0,1,0
36,0,0,0.37,-1.19,0,1,3,24.0,0,0,4,3,1,1,5,1,1.0,3,0,0,1,0
33,1,0,-0.83,-0.42,0,1,1,31.0,3,1,2,4,0,0,3,1,0.0,1,1,0,0,1
35,1,0,-0.58,0.02,1,1,2,36.0,2,1,2,5,0,0,2,0,0.0,1,0,1,0,0
33,1,1,-1.84,,0,1,3,41.0,1,1,4,4,1,0,5,1,0.0,2,0,0,0,0
45,0,1,0.53,0.46,0,1,2,37.0,7,1,1,2,1,0,2,0,0.0,0,0,1,0,0
57,0,0,-1.63,0.7,1,1,2,30.0,1,1,4,3,1,1,3,1,2.0,1,0,1,1,0
45,1,0,0.39,-0.05,0,1,2,31.0,7,1,3,6,1,0,1,1,1.0,1,0,0,1,0
47,0,0,-2.23,-1.99,1,1,0,27.0,6,1,1,5,0,0,2,1,0.0,2,1,1,0,0
36,1,0,-2.55,-0.66,0,1,1,26.0,6,1,5,2,1,1,4,1,1.0,3,0,1,0,0
34,0,0,,-1.57,0,1,2,34.0,6,1,5,5,1,1,3,0,1.0,3,1,0,0,0
27,1,1,-1.47,,0,1,1,27.0,3,1,1,6,0,0,4,0,0.0,3,0,1,0,1
25,1,0,-2.51,-0.08,1,1,1,31.0,6,0,2,4,1,0,1,0,0.0,2,0,0,0,0
39,0,0,0.2,0.11,0,1,2,23.0,1,1,3,6,1,1,4,0,0.0,1,0,1,0,0
59,0,1,-2.22,0.24,0,1,0,37.0,7,1,1,3,0,0,3,0,0.0,1,0,0,1,1
51,0,0,1.97,-0.41,0,0,2,27.0,2,0,5,4,1,1,4,0,1.0,3,0,1,0,0
59,0,0,-2.03,-1.4,0,1,3,36.0,2,0,3,10,1,1,3,1,1.0,1,1,1,0,0
34,0,0,-0.7,-0.37,1,1,3,25.0,6,0,5,6,1,1,5,0,2.0,2,1,0,0,0
48,0,0,0.38,0.36,0,1,2,24.0,6,0,3,5,0,0,2,0,0.0,1,0,1,0,0
45,1,0,-1.42,-2.49,1,0,1,37.0,4,0,2,4,1,1,3,1,0.0,0,0,0,1,0
28,1,0,-1.28,0.18,0,1,2,25.0,5,1,4,4,1,1,5,0,1.0,1,0,0,0,0
24,1,0,-0.23,-1.22,0,1,1,20.0,1,0,4,5,0,0,3,1,0.0,3,0,0,0,0
50,0,0,0.92,0.57,0,1,2,23.0,6,0,4,4,1,1,3,0,2.0,0,0,0,1,0
33,0,0,-0.7,-1.3,0,1,0,34.0,2,1,4,5,1,0,2,0,1.0,2,0,0,0,0
40,1,0,,0.68,0,0,1,34.0,2,0,3,6,1,0,3,1,1.0,2,1,1,0,0
52,1,0,-1.8,-1.58,0,1,1,24.0,1,0,2,3,1,0,3,0,1.0,1,1,1,1,0
25,1,0,-1.45,-1.13,1,1,1,25.0,3,0,2,5,1,1,5,0,1.0,2,0,1,0,1
30,1,0,-1.25,0.74,1,1,3,33.0,3,0,5,5,1,1,4,1,2.0,3,0,0,0,0
28,1,0,0.62,-0.96,1,0,2,37.0,4,1,2,6,1,0,4,1,2.0,2,0,1,0,1
45,1,0,0.84,-1.91,1,1,3,29.0,1,1,5,4,1,1,2,0,1.0,2,0,0,0,0
25,1,0,-2.41,0.53,0,1,1,32.0,1,1,2,8,1,1,4,0,0.0,1,0,1,0,1
48,0,0,,-2.3,1,0,3,34.0,5,0,2,4,1,0,4,1,0.0,1,1,0,0,0
28,0,0,-0.29,-0.44,0,0,1,42.0,1,0,1,6,0,0,1,1,1.0,0,1,0,0,1
43,0,0,0.63,2.13,0,1,2,22.0,6,0,5,2,1,1,3,1,2.0,1,0,1,1,0
43,1,1,-1.18,-0.02,0,1,2,25.0,7,1,3,7,0,1,5,0,1.0,2,1,0,0,0
51,0,0,-0.48,-0.37,0,1,3,26.0,3,0,4,2,1,1,5,0,2.0,0,1,1,1,0
50,0,0,-0.72,-0.17,0,1,1,34.0,7,1,3,2,1,1,1,0,0.0,2,0,0,1,0
39,0,0,,,0,1,1,27.0,0,0,2,6,1,0,2,0,0.0,1,0,1,0,0
59,1,0,0.67,0.07,0,0,2,31.0,0,0,3,3,1,1,3,1,2.0,2,0,0,1,0
32,1,0,0.68,2.23,0,1,2,30.0,6,0,5,4,1,1,5,1,2.0,2,0,0,0,0
59,0,0,-0.02,-0.45,0,0,2,29.0,6,1,4,7,1,0,3,1,1.0,1,0,0,1,1
59,0,0,-2.56,-1.07,1,0,0,30.0,6,1,1,6,1,0,2,0,0.0,2,0,1,1,1
53,1,0,-1.27,0.37,0,1,2,35.0,0,0,3,2,0,1,2,0,1.0,2,0,1,0,0
43,1,0,-1.66,,0,1,1,23.0,6,1,2,2,0,0,4,0,1.0,2,1,0,0,0
25,0,0,-1.36,,0,1,1,28.0,3,1,2,3,0,0,2,1,0.0,1,0,1,0,1
40,0,0,-0.07,-0.25,0,0,1,22.0,2,1,5,8,1,0,1,0,1.0,2,0,1,0,0
40,1,0,1.1,,0,1,1,30.0,1,1,3,9,0,0,3,0,0.0,0,1,1,0,0
38,1,0,-1.11,-1.73,0,1,0,28.0,7,1,1,9,0,0,2,0,0.0,2,1,0,0,1
25,0,0,,-0.43,0,1,2,35.0,0,0,5,5,1,1,5,0,2.0,2,0,1,0,0
57,0,0,0.43,-2.33,0,1,2,29.0,6,0,4,4,1,1,4,1,1.0,1,0,1,0,0
46,1,0,-2.71,-0.37,1,0,1,26.0,5,1,1,5,1,0,2,0,0.0,0,0,1,0,1
25,1,0,-0.35,-0.31,0,1,0,28.0,6,1,3,9,1,1,4,0,0.0,2,1,0,0,1
29,0,0,-0.85,1.03,0,0,2,39.0,6,1,4,5,1,0,4,1,0.0,2,0,1,0,0
53,1,1,-0.56,-0.95,1,1,1,20.0,6,1,3,6,0,1,3,0,0.0,0,0,1,0,0
47,1,0,-0.19,0.86,0,0,2,25.0,1,1,2,5,1,1,2,1,1.0,1,1,0,1,1
30,1,0,-0.16,-0.23,0,1,2,29.0,0,0,4,4,1,1,5,0,2.0,2,0,0,0,0
33,1,0,-2.36,0.38,1,1,1,25.0,5,1,1,4,0,0,2,0,0.0,2,0,1,0,0
28,0,0,-1.22,0.75,0,0,1,32.0,3,0,4,4,1,1,4,1,2.0,2,0,1,0,0
47,1,0,0.16,-0.05,0,1,3,29.0,1,1,3,3,1,1,5,1,1.0,2,0,0,1,0
26,0,0,-0.52,0.17,0,1,1,31.0,1,0,3,4,1,0,3,0,2.0,2,1,0,0,0
50,0,0,,,0,1,2,30.0,3,1,5,3,1,1,4,0,2.0,3,0,1,1,0
37,0,0,0.17,1.26,0,1,3,28.0,0,0,5,2,0,1,5,0,2.0,2,0,1,0,1
34,1,0,-0.05,2.51,0,0,1,21.0,0,0,2,3,1,0,3,0,0.0,2,0,1,0,0
38,1,0,,-1.72,0,0,0,30.0,7,0,1,5,1,0,2,0,0.0,2,1,0,0,1
59,0,0,-2.08,-0.11,0,0,0,18.0,3,0,2,3,0,1,1,1,0.0,2,0,0,1,0
39,1,0,1.18,-0.23,1,1,2,25.0,7,1,5,7,1,1,3,1,2.0,3,0,1,1,0
32,1,0,,0.43,1,1,1,32.0,7,1,4,3,0,0,2,1,0.0,2,0,1,0,0
59,0,0,-1.64,-1.55,0,1,3,36.0,1,1,5,6,1,1,6,1,2.0,3,0,1,1,0
27,0,0,-2.2,-1.24,0,1,3,43.0,6,1,2,4,0,1,1,0,0.0,2,1,1,0,0
33,1,0,-0.54,1.55,1,1,1,26.0,5,1,2,12,0,1,4,0,0.0,1,1,1,0,0
45,1,0,-2.11,1.2,0,0,0,24.0,6,1,1,9,0,0,2,0,0.0,3,0,1,0,0
44,1,1,-2.25,-1.54,1,1,3,32.0,0,0,5,4,1,1,4,0,2.0,1,0,1,1,0
38,1,0,,1.95,0,0,1,40.0,1,0,4,4,1,1,4,0,0.0,1,0,1,0,0
36,1,0,-2.89,-0.76,0,1,2,38.0,0,0,4,2,1,1,5,1,0.0,0,0,1,1,0
53,0,1,-1.13,0.9,0,1,2,23.0,5,0,5,8,1,1,6,0,2.0,2,0,0,1,0
26,0,0,0.9,-0.29,0,0,1,28.0,7,1,2,2,0,0,4,1,0.0,3,0,1,0,0
42,1,0,-0.31,0.24,1,1,2,34.0,6,1,4,6,0,0,3,1,2.0,2,0,0,0,1
48,1,0,1.49,-0.1,0,1,0,35.0,6,1,1,6,0,0,1,0,0.0,1,0,1,1,0
33,1,0,0.74,1.03,0,1,2,33.0,7,1,5,5,1,0,5,1,2.0,3,0,0,0,0
52,0,0,-1.96,-0.59,0,1,2,26.0,6,0,3,3,1,1,3,1,1.0,2,0,0,0,0
42,1,0,0.7,,0,1,2,32.0,0,0,5,5,1,0,5,1,2.0,2,0,1,1,0
39,0,0,-1.03,1.12,1,1,2,35.0,6,1,4,5,1,1,4,0,1.0,3,1,1,0,0
55,0,0,-1.41,-0.51,0,1,0,23.0,3,1,2,7,1,0,1,1,0.0,2,1,1,1,0
27,0,0,-1.17,0.14,0,1,3,37.0,0,0,5,7,1,1,5,1,1.0,2,0,1,0,0
32,0,0,-1.13,0.14,0,1,2,35.0,5,1,4,8,1,1,5,1,0.0,2,0,1,0,0
53,1,0,,-0.63,1,0,2,25.0,7,1,1,4,1,0,5,0,0.0,0,1,1,0,0
28,0,0,-2.23,-0.56,0,1,1,35.0,2,1,1,11,1,0,3,0,0.0,1,1,1,0,0
24,0,0,-3.57,,0,0,0,34.0,4,1,1,5,1,1,2,1,0.0,3,0,0,0,1
55,1,0,-0.43,0.53,1,1,0,34.0,1,1,3,4,0,1,1,1,0.0,2,0,1,0,0
24,0,0,-0.29,-0.44,1,1,3,38.0,0,0,5,2,1,1,4,1,2.0,2,0,1,0,1
55,1,0,1.05,0.17,0,1,3,29.0,0,0,5,5,1,1,4,0,2.0,1,0,1,1,0
52,0,0,-1.7,-1.15,0,1,2,31.0,6,1,2,3,0,0,5,1,0.0,1,1,1,1,0
54,0,1,0.67,1.8,0,0,3,15.0,6,0,5,6,1,1,4,0,2.0,3,0,1,1,0
25,0,0,-0.37,0.53,0,1,1,36.0,1,1,1,2,1,1,3,0,0.0,0,0,1,0,0
33,1,0,0.14,-0.16,0,0,3,35.0,2,0,3,5,0,1,4,0,0.0,0,0,1,0,0
30,1,0,,0.1,0,1,1,37.0,1,1,3,9,1,1,3,0,0.0,3,0,1,0,0
52,1,1,,0.89,0,1,3,23.0,0,0,5,3,1,1,5,0,2.0,3,0,1,1,0
33,1,0,0.29,-0.62,0,1,1,35.0,5,1,3,5,0,0,3,1,1.0,3,1,0,0,0
33,0,0,-0.8,0.06,0,1,2,35.0,6,0,5,6,1,1,3,1,2.0,1,1,1,0,0
45,0,0,-2.79,,0,1,2,25.0,6,1,4,11,0,0,5,0,1.0,1,1,1,0,1
46,0,1,-2.4,-1.37,1,0,0,35.0,3,1,2,2,1,0,3,0,0.0,3,1,0,0,1
41,0,0,-2.06,0.38,0,1,1,32.0,5,1,2,5,0,0,2,1,0.0,0,0,1,0,0
28,0,0,-0.86,2.57,0,1,2,19.0,0,0,5,2,1,0,3,1,2.0,3,0,0,0,0
39,1,0,-2.19,-1.66,0,1,1,33.0,1,0,4,3,1,1,3,0,2.0,2,1,0,1,0
39,1,0,0.73,0.98,0,1,2,24.0,7,0,5,2,1,1,2,1,2.0,2,0,0,1,0
42,0,0,-0.49,-1.48,0,1,1,19.0,6,1,1,5,0,0,2,1,0.0,1,0,1,1,0
56,0,1,-2.14,-1.48,0,1,2,31.0,7,1,3,9,1,0,5,0,1.0,2,1,0,1,0
36,1,0,-0.88,-0.41,0,0,2,29.0,7,1,4,4,1,0,5,1,2.0,1,0,1,0,0
24,0,0,-1.82,0.35,0,1,2,37.0,6,1,2,11,1,0,4,0,0.0,2,1,0,0,0
27,1,0,-0.26,0.39,0,1,2,30.0,7,1,2,5,0,0,4,1,0.0,2,1,1,0,0
29,1,0,-2.12,-0.3,0,1,1,34.0,3,1,2,6,1,0,3,0,0.0,1,1,0,0,0
55,1,0,-1.14,-1.01,1,1,2,32.0,0,0,5,4,1,1,6,1,1.0,1,0,0,0,0
47,0,0,-0.27,-0.16,0,1,2,35.0,0,0,4,5,1,1,4,0,2.0,3,1,0,0,0
34,1,1,-2.07,-1.91,0,1,2,24.0,1,0,3,2,1,0,5,1,1.0,3,0,0,0,0
52,0,0,1.77,0.9,0,1,2,30.0,0,0,5,4,1,1,2,1,2.0,1,0,0,1,0
59,1,0,-1.58,-0.49,0,1,1,28.0,3,1,3,10,1,0,6,1,0.0,2,1,1,1,0
39,1,0,0.68,1.17,0,1,2,33.0,6,0,5,5,1,1,3,0,2.0,1,0,0,0,0
52,1,0,1.0,-0.91,0,0,3,31.0,6,0,5,5,1,1,4,0,2.0,1,0,1,1,0
51,1,0,-1.77,0.6,0,1,2,25.0,5,0,5,5,1,0,4,1,1.0,2,0,0,1,0
33,1,0,-0.31,-1.71,1,0,3,27.0,1,1,5,3,1,1,6,1,2.0,3,0,1,0,0
59,1,0,-2.34,1.09,0,1,0,39.0,6,1,1,4,0,0,2,0,0.0,0,1,1,1,0
57,1,0,0.44,0.34,0,1,2,19.0,3,1,3,3,1,0,4,1,1.0,2,0,0,0,0
49,1,0,-0.47,-0.38,0,1,2,33.0,0,0,4,4,1,1,4,1,2.0,2,0,1,1,0
58,1,0,0.2,-0.62,0,1,2,,2,1,2,5,0,0,4,0,0.0,3,1,1,0,0
39,1,0,0.54,-0.57,1,1,0,32.0,3,1,1,5,1,0,1,0,0.0,0,1,1,0,0
49,1,0,1.17,-0.18,0,1,2,41.0,2,1,2,4,0,0,4,0,1.0,1,0,1,0,0
46,0,0,-1.83,-1.69,0,0,2,35.0,6,1,3,7,1,0,3,1,0.0,1,1,0,0,0
45,1,0,-2.33,-0.51,1,1,1,,6,1,2,2,0,0,2,1,0.0,1,0,1,0,0
35,1,0,-2.33,-0.49,1,1,1,26.0,6,0,2,4,0,1,2,0,0.0,0,1,1,0,1
36,1,0,0.19,0.84,0,1,0,31.0,1,0,2,9,0,1,2,0,0.0,3,1,1,1,0
27,1,0,,-0.46,0,1,1,33.0,6,1,5,5,1,1,2,0,0.0,2,0,0,0,0
41,0,0,0.25,-1.05,0,1,1,29.0,6,0,4,2,1,1,2,1,2.0,2,0,0,1,0
29,0,0,-0.49,-0.25,1,0,0,25.0,1,1,2,3,0,0,5,0,0.0,2,0,1,0,1
42,0,0,-0.92,0.48,0,1,3,22.0,6,1,3,9,1,1,4,1,2.0,1,1,0,0,0
39,1,0,-0.21,-0.45,0,0,1,30.0,4,0,5,6,1,1,4,0,2.0,3,1,1,0,0
28,1,0,-0.21,-0.04,0,0,2,20.0,3,1,3,7,1,1,3,0,,0,1,0,0,1
34,0,0,-1.06,-0.21,0,0,1,26.0,1,1,1,6,0,0,2,1,0.0,2,1,1,0,0
55,1,0,,-0.1,0,1,3,15.0,5,1,5,7,1,1,4,0,2.0,3,1,0,0,0
25,1,0,0.88,-0.74,0,1,1,34.0,0,0,2,6,0,1,2,1,0.0,2,0,0,0,0
31,1,0,-1.98,-0.89,1,1,2,36.0,1,1,3,8,1,0,2,0,1.0,3,1,0,0,0
37,0,0,-1.82,-0.23,1,1,0,29.0,1,1,1,9,1,0,0,1,0.0,3,0,1,0,1
50,1,0,0.49,,0,0,1,40.0,7,1,1,5,0,0,3,0,0.0,1,1,1,0,1
54,1,0,0.32,-0.03,0,0,1,37.0,2,1,3,7,0,1,3,0,0.0,2,0,0,0,0
51,0,0,-2.5,-2.06,1,1,2,32.0,3,1,1,7,1,0,6,0,0.0,3,1,1,0,0
26,1,0,-3.19,,0,1,3,28.0,3,1,2,3,0,0,4,1,0.0,2,0,1,0,0
37,0,0,-1.71,-1.39,0,1,1,27.0,7,1,4,2,1,1,5,1,2.0,2,0,1,1,0
56,1,0,-0.76,-1.42,0,1,0,32.0,5,0,3,3,0,1,1,0,0.0,3,0,1,1,0
50,1,0,-1.12,-1.31,0,1,1,28.0,7,1,1,3,0,0,3,0,0.0,2,1,1,0,0
29,1,0,-0.86,-0.61,1,1,2,32.0,2,1,2,6,1,0,5,1,0.0,2,0,0,0,0
38,0,0,0.43,-0.13,1,1,3,33.0,1,0,4,5,1,1,4,1,1.0,2,0,1,0,0
40,1,0,-0.79,0.8,0,1,2,28.0,5,1,2,8,1,0,3,1,1.0,1,1,0,1,0
31,1,0,0.06,0.73,1,1,2,36.0,3,1,1,4,1,0,2,1,0.0,2,1,1,0,1
56,1,0,0.42,-1.84,0,0,3,28.0,6,1,3,6,0,0,5,0,1.0,1,1,1,1,0
50,1,0,-2.93,-1.89,0,1,3,29.0,6,1,3,4,0,0,3,1,1.0,2,0,0,1,0
26,0,0,-1.09,0.21,1,1,1,23.0,4,1,1,3,0,0,5,0,0.0,1,1,1,0,1
32,1,0,-1.37,,0,1,0,27.0,7,0,2,5,0,0,4,0,0.0,1,0,0,0,1
45,1,1,-0.78,-1.13,0,1,2,42.0,5,1,3,4,1,0,2,0,0.0,2,0,1,1,0
49,0,0,-1.47,0.32,0,1,1,24.0,2,1,1,5,0,0,1,0,0.0,1,0,0,0,0
51,1,0,-3.19,0.27,1,0,0,32.0,4,1,1,5,1,0,2,0,0.0,2,1,1,0,1
57,0,0,0.37,0.48,0,1,2,26.0,0,0,5,6,1,1,2,0,2.0,3,0,1,1,0
44,1,0,-0.02,-0.95,1,1,2,16.0,6,1,2,4,1,1,2,0,0.0,1,0,1,0,1
30,1,1,-3.96,-2.42,0,0,0,32.0,1,1,1,2,0,0,1,1,0.0,2,0,0,0,1
25,1,0,,0.5,0,1,3,26.0,2,0,4,10,0,1,4,1,2.0,2,1,1,0,0
26,1,0,0.7,-0.15,1,1,2,31.0,5,0,4,2,1,1,5,0,2.0,2,1,1,0,0
43,0,0,-1.56,,1,1,1,35.0,0,0,4,6,1,1,3,1,1.0,1,0,0,1,1
46,0,0,-1.42,-1.51,0,1,2,30.0,0,0,5,2,1,1,4,0,2.0,2,0,1,1,0
29,0,0,-0.08,0.28,0,1,1,31.0,6,0,5,5,1,1,2,0,2.0,2,0,0,0,0
38,0,0,0.14,-0.49,0,1,3,24.0,0,0,5,6,1,1,6,1,2.0,1,1,0,0,0
38,0,1,-1.13,-0.69,0,0,0,33.0,4,1,1,8,0,0,1,0,0.0,1,0,1,0,1
36,0,0,0.41,0.97,0,1,2,28.0,3,1,5,7,1,1,4,0,2.0,3,1,1,0,0
32,0,0,0.14,-0.7,0,1,1,17.0,2,1,4,4,0,0,3,1,2.0,3,0,1,0,0
34,1,0,-1.29,2.18,0,1,3,34.0,1,0,5,5,1,1,4,1,2.0,1,1,0,0,0
51,0,0,-0.91,-0.21,0,1,1,,6,1,3,8,1,1,5,1,0.0,2,1,0,1,0
48,1,0,-0.95,,0,1,0,38.0,7,1,1,4,0,0,2,1,0.0,1,1,1,1,0
53,1,0,-0.43,-0.47,1,1,2,42.0,1,1,5,6,1,1,3,0,1.0,2,0,0,0,0
56,1,0,-0.01,0.48,0,1,1,34.0,7,1,3,5,0,1,4,1,0.0,1,0,0,1,0
31,1,0,0.64,-1.0,0,1,2,32.0,5,0,3,3,0,1,4,1,2.0,3,0,0,0,0
37,1,0,-1.92,0.48,0,1,1,36.0,6,1,2,7,0,1,2,0,0.0,1,0,1,0,0
47,1,0,-1.38,2.23,0,1,0,24.0,6,1,1,6,1,0,1,1,0.0,0,0,1,0,1
44,0,0,-0.77,,0,1,2,19.0,6,0,5,2,1,1,5,1,2.0,3,0,0,1,0
53,0,0,-0.72,-2.35,1,1,3,26.0,6,1,4,5,1,1,6,1,0.0,2,0,0,1,0
57,1,0,,-1.47,0,0,0,37.0,4,1,1,11,1,0,1,1,0.0,3,1,1,0,0
39,1,0,,0.12,0,1,1,25.0,5,1,2,4,1,1,5,0,0.0,3,1,0,0,0
47,1,0,2.11,-0.17,0,1,1,32.0,3,1,1,7,0,0,3,1,0.0,1,1,1,0,0
57,1,0,-0.86,-0.68,0,1,0,32.0,1,1,1,6,1,0,1,0,0.0,1,1,1,0,0
43,1,0,1.66,,1,1,1,30.0,6,0,2,2,1,1,3,0,0.0,1,1,1,1,0
31,1,0,0.95,-0.47,0,1,1,21.0,0,0,4,6,1,1,3,0,1.0,3,1,1,0,0
52,1,0,-1.91,0.62,1,1,2,31.0,2,1,1,4,0,0,2,1,0.0,1,0,0,0,1
28,1,0,0.48,-0.32,1,1,3,26.0,0,0,5,2,1,1,6,1,2.0,1,0,0,0,0
48,1,0,0.52,-0.92,1,1,2,39.0,1,1,4,4,1,0,4,1,1.0,2,1,1,0,0
29,0,0,-0.13,-0.06,0,1,1,36.0,5,1,2,7,0,0,4,0,0.0,3,0,1,0,1
33,0,0,-0.84,0.23,0,1,3,27.0,5,1,5,4,1,1,5,1,1.0,1,0,0,0,0
56,1,0,-1.1,1.6,1,1,0,40.0,3,1,1,3,0,0,2,1,0.0,0,0,0,0,0
31,0,0,1.54,0.41,0,1,2,31.0,0,0,4,7,1,1,5,0,2.0,2,0,0,0,0
46,0,0,,0.1,0,1,1,19.0,3,1,2,2,0,0,2,1,0.0,2,1,0,0,1
41,1,0,0.96,0.1,0,1,3,29.0,3,1,4,3,1,0,4,0,1.0,2,1,0,0,0
28,0,0,0.76,-0.66,1,1,2,39.0,6,1,3,2,1,0,4,0,2.0,1,0,1,0,0
45,1,0,,-0.34,0,1,2,24.0,5,1,3,2,0,1,4,0,2.0,2,0,0,1,0
38,1,0,,-1.38,1,1,1,29.0,4,1,1,9,0,1,4,0,1.0,2,1,1,0,1
58,1,0,-1.51,-0.73,1,0,1,21.0,4,1,1,3,0,1,3,0,0.0,2,0,1,0,0
35,0,0,0.48,-1.56,1,1,1,22.0,7,1,4,9,1,0,3,1,2.0,1,0,0,0,0
45,0,0,-1.18,-1.99,1,1,1,24.0,6,1,1,3,0,0,2,0,0.0,1,1,1,1,1
55,1,0,-1.38,-1.45,0,0,1,22.0,4,1,3,4,0,1,4,0,1.0,1,0,0,0,0
41,0,0,-0.66,-1.57,0,0,1,25.0,4,0,3,5,1,1,3,0,,1,0,0,0,0
36,0,0,0.12,0.27,1,1,2,39.0,0,0,4,2,0,1,3,1,2.0,3,0,1,0,0
37,0,0,,-0.83,0,0,1,29.0,7,1,1,3,0,0,3,0,0.0,0,0,1,0,0
27,0,0,1.71,0.58,0,0,2,34.0,3,0,5,4,0,0,4,0,1.0,3,0,1,0,0
51,1,0,,-0.59,0,1,3,36.0,2,1,5,3,0,1,4,0,2.0,3,0,1,0,0
24,0,0,0.32,2.17,0,1,1,22.0,7,0,4,4,0,1,4,1,2.0,2,0,1,0,0
52,0,0,-1.97,-0.37,0,1,1,24.0,6,1,3,7,1,1,3,0,0.0,3,0,0,0,0
44,1,0,-0.11,,0,0,1,34.0,0,0,4,2,1,1,3,1,1.0,2,0,1,0,0
24,0,0,-0.74,-0.59,0,1,2,25.0,0,0,5,2,1,1,5,0,2.0,2,0,0,0,0
29,0,0,-0.96,-0.46,0,0,2,33.0,0,0,4,2,1,1,4,0,2.0,3,1,0,0,0
27,0,1,0.3,0.23,0,0,1,39.0,5,1,2,3,0,0,5,1,0.0,2,0,1,0,0
59,1,0,-0.92,0.06,1,1,2,20.0,0,0,5,3,1,1,3,0,2.0,2,1,0,1,0
26,0,0,-1.41,0.54,0,1,2,27.0,7,1,2,6,0,1,3,1,0.0,2,1,0,0,0
56,1,0,,0.75,0,1,2,28.0,7,1,1,7,1,0,4,0,0.0,1,1,1,1,1
24,1,1,-2.49,1.88,0,1,1,26.0,5,0,2,2,0,0,5,0,1.0,1,0,1,0,0
42,0,0,-2.55,0.62,0,1,2,25.0,5,1,3,4,1,1,5,0,0.0,2,0,1,1,0
44,1,0,0.61,-0.06,0,1,1,26.0,2,0,3,2,0,1,4,1,0.0,2,0,0,1,0
49,0,0,0.41,-0.35,0,1,3,29.0,0,0,5,3,1,1,4,1,2.0,3,0,0,1,0
40,0,0,-0.41,-0.96,0,1,0,30.0,6,1,1,6,0,0,3,0,0.0,2,1,1,1,1
31,1,1,-0.2,-0.43,0,1,3,35.0,1,1,4,6,1,1,3,0,1.0,3,0,1,0,0
33,0,0,,0.11,1,1,2,29.0,0,0,3,2,1,1,2,1,1.0,2,0,0,0,0
24,1,0,-0.18,0.99,0,1,0,36.0,3,1,2,6,0,1,1,0,0.0,0,0,1,0,1
54,1,0,-0.75,0.35,0,1,1,25.0,0,0,4,6,1,1,5,1,0.0,2,0,1,1,0
24,0,1,0.16,-0.23,0,1,3,22.0,3,0,5,7,1,1,5,0,2.0,2,0,0,0,0
46,0,0,-3.89,-1.3,0,1,1,27.0,6,1,3,8,1,0,4,0,0.0,2,1,0,0,0
44,1,0,-1.38,-0.73,0,0,3,32.0,6,0,5,2,1,1,6,1,2.0,2,1,0,1,0
34,1,0,-1.56,0.11,1,1,1,34.0,5,1,3,6,0,1,3,1,0.0,2,0,1,0,1
30,0,0,0.34,0.62,0,1,3,38.0,6,0,5,2,1,1,4,0,2.0,1,1,1,0,0
45,0,1,-3.28,0.76,0,0,1,31.0,3,1,2,2,1,0,3,0,0.0,1,0,1,0,0
49,1,0,,0.84,0,0,3,34.0,6,1,3,14,0,1,3,0,2.0,1,1,0,0,0
41,1,0,1.44,-0.95,1,1,3,37.0,5,0,5,4,1,1,6,1,2.0,3,1,1,1,0
49,1,0,0.97,-0.72,0,1,1,24.0,2,1,4,5,1,1,6,1,0.0,0,0,1,1,0
46,1,0,1.2,0.75,0,1,3,28.0,7,1,3,5,0,1,2,1,1.0,2,1,1,0,1
58,0,0,-0.19,0.86,0,1,2,46.0,2,1,2,8,0,1,4,0,0.0,0,1,0,1,0
33,0,0,-1.68,-0.03,0,1,2,34.0,0,0,4,2,0,1,5,0,2.0,1,1,1,0,0
51,1,0,0.15,1.58,1,1,2,32.0,2,1,4,2,0,0,5,0,0.0,3,1,0,0,0
37,0,0,-0.73,1.21,0,1,2,34.0,3,0,5,6,1,1,4,1,0.0,3,0,0,1,0
44,0,1,-1.67,0.57,0,1,0,21.0,3,0,3,5,0,1,3,0,0.0,3,0,1,0,0
41,0,0,-0.21,0.09,0,1,1,25.0,5,1,1,4,0,0,2,0,0.0,2,0,0,0,0
36,0,0,-1.47,-1.89,0,1,2,23.0,6,0,2,3,0,1,3,0,1.0,2,0,0,0,1
48,0,0,-0.72,-0.87,0,1,3,32.0,2,0,5,2,1,1,6,1,2.0,3,0,1,1,0
58,1,0,0.29,,0,0,2,27.0,5,0,2,2,0,0,3,1,0.0,0,0,1,0,0
39,1,0,-1.17,1.6,0,1,3,30.0,3,1,4,5,1,1,5,0,1.0,2,1,1,0,0
30,1,0,-0.96,1.23,0,1,2,,6,1,3,4,1,1,4,0,1.0,2,0,1,0,0
40,0,1,-1.42,-0.88,0,1,2,,1,1,2,3,1,0,3,1,0.0,2,0,1,0,0
31,1,0,0.66,1.03,1,1,3,34.0,1,1,5,2,1,0,5,1,2.0,1,0,0,0,0
42,0,1,-0.85,-1.15,0,1,1,18.0,5,1,1,5,0,0,3,1,0.0,2,0,0,0,0
46,0,1,-1.42,-2.56,0,1,2,25.0,6,1,5,4,1,1,4,1,2.0,1,0,0,1,0
40,0,0,-2.52,1.83,0,1,2,21.0,6,1,3,4,1,0,3,1,2.0,2,0,0,0,0
59,1,0,0.13,-2.49,0,1,0,24.0,5,1,1,5,1,0,2,0,0.0,2,1,0,1,1
32,0,0,-2.6,-2.79,0,0,3,30.0,6,1,5,6,0,1,3,0,2.0,3,0,0,0,1
26,0,0,0.24,0.23,1,1,3,36.0,3,1,4,2,1,0,6,0,2.0,1,0,0,0,0
49,1,1,-0.93,,1,1,2,,0,0,4,4,1,0,5,0,0.0,3,0,0,0,0
59,1,0,-0.89,0.09,0,1,1,26.0,1,1,1,4,0,0,4,0,0.0,3,1,1,0,0
25,1,0,-0.62,1.68,1,1,1,19.0,0,0,2,6,1,1,4,0,0.0,2,1,1,0,1
38,1,0,-0.58,1.03,0,1,1,25.0,3,0,5,4,0,0,3,0,0.0,1,0,0,1,0
44,0,0,-1.29,-0.31,1,1,1,29.0,4,1,1,10,0,0,3,1,0.0,1,0,0,0,0
47,0,0,-0.59,-1.05,0,1,1,34.0,3,0,2,2,1,0,2,0,0.0,1,0,0,1,0
55,0,0,-0.07,-0.52,0,0,2,16.0,5,0,4,3,0,1,5,0,1.0,2,0,0,0,0
48,0,0,-4.39,-0.28,1,1,1,32.0,4,1,1,4,0,0,3,0,0.0,2,1,1,0,0
56,0,0,,-0.69,0,1,1,23.0,6,1,1,5,0,0,5,1,0.0,2,1,0,1,0
44,1,0,0.91,0.86,0,1,3,22.0,6,0,5,5,1,1,5,0,2.0,1,1,0,0,0
31,0,0,-0.84,0.28,1,1,3,29.0,3,0,5,3,1,1,3,1,2.0,3,0,1,0,0
57,0,1,-1.09,-0.38,1,1,0,33.0,3,1,2,3,1,0,4,1,0.0,1,1,0,1,0
37,0,0,0.79,1.1,0,1,2,28.0,5,0,4,2,1,0,4,0,2.0,1,0,0,1,0
35,0,0,-0.49,-0.34,0,1,2,22.0,5,0,3,4,1,1,4,1,1.0,2,1,0,0,0
48,0,0,-0.83,-1.55,1,1,1,28.0,3,1,2,4,1,0,2,1,0.0,2,1,0,0,0
50,1,0,-2.9,0.98,0,1,0,25.0,3,1,1,4,1,0,0,0,0.0,0,0,1,0,1
49,1,0,-1.08,-0.17,0,1,1,33.0,6,1,2,10,1,0,3,0,0.0,2,0,0,0,0
43,0,0,-0.03,-0.32,0,1,2,35.0,6,0,3,6,1,1,2,0,1.0,2,0,0,0,0
49,1,1,-1.6,-0.22,0,1,2,35.0,1,0,3,6,0,0,5,0,0.0,2,1,0,1,0
51,0,0,-0.97,-0.59,0,1,1,29.0,3,1,4,12,1,0,4,1,2.0,2,0,0,1,0
31,0,0,-0.08,2.6,0,1,0,36.0,7,1,4,5,0,1,4,1,0.0,3,0,0,0,0
55,1,0,-0.19,-1.4,0,1,2,23.0,0,0,3,4,0,1,4,0,1.0,3,0,1,0,0
43,1,1,-1.3,0.1,0,0,0,40.0,6,1,1,3,1,0,0,0,0.0,1,0,0,0,1
38,0,0,-2.19,0.19,0,1,2,23.0,1,0,4,4,1,1,4,0,2.0,0,0,1,0,0
36,1,0,0.18,0.86,0,1,1,17.0,5,1,5,2,1,1,3,0,2.0,0,0,1,0,0
24,1,0,-2.66,-0.54,0,1,2,37.0,3,0,2,3,1,1,4,0,1.0,1,0,1,0,0
41,1,0,-0.69,1.22,0,1,2,25.0,0,0,4,2,0,1,3,0,2.0,2,0,1,0,0
52,0,0,1.63,-0.43,0,1,2,30.0,7,1,3,6,1,1,4,1,0.0,0,1,1,0,0
57,0,0,-0.69,-1.35,0,0,0,23.0,4,1,1,6,0,0,1,0,0.0,2,1,0,0,0
28,1,1,-1.02,-0.01,1,1,0,43.0,7,0,3,6,0,0,2,1,0.0,0,0,0,0,1
49,0,0,,0.33,0,1,1,40.0,2,1,4,8,0,1,5,0,1.0,2,1,0,0,0
34,1,0,1.02,0.99,0,0,1,38.0,6,1,3,9,0,0,5,0,0.0,1,0,0,0,0
27,0,0,-0.17,-1.31,0,1,1,30.0,7,1,4,5,1,0,3,0,0.0,1,1,1,0,0
44,1,0,-3.42,0.82,0,1,1,35.0,5,1,3,4,0,0,2,0,0.0,1,0,1,0,0
25,0,0,-1.16,0.97,1,1,2,29.0,1,1,4,3,1,1,6,1,1.0,1,0,1,0,0
30,1,0,0.3,0.8,1,1,3,36.0,6,1,5,8,1,0,5,1,1.0,3,1,0,0,0
33,0,0,,-0.08,0,1,1,,5,1,4,5,1,1,4,0,2.0,2,0,0,0,0
54,0,0,1.09,-0.42,1,1,2,39.0,7,1,5,4,1,1,5,0,2.0,3,0,1,0,0
29,0,0,-1.53,,0,1,3,26.0,3,1,4,6,1,0,5,1,2.0,1,0,0,0,0
34,1,0,-1.14,-0.03,1,1,0,27.0,2,1,1,7,0,0,3,0,0.0,1,0,1,0,0
58,0,0,-1.1,-1.5,0,1,2,26.0,1,1,4,3,0,1,4,1,1.0,2,1,0,1,0
35,0,0,0.17,0.97,0,1,3,30.0,6,0,5,5,1,0,4,1,2.0,3,0,0,0,0
34,1,0,-0.79,-0.61,1,0,2,27.0,7,1,5,5,1,1,6,1,2.0,2,0,0,0,0
50,0,0,-0.53,,1,1,2,32.0,0,0,3,4,1,0,3,0,0.0,3,0,0,0,0
25,0,0,1.14,0.97,0,1,2,26.0,6,1,3,5,1,1,5,0,0.0,1,0,0,0,0
28,1,0,-3.01,-0.09,0,1,1,34.0,7,1,1,5,1,0,3,1,0.0,1,1,1,0,0
37,0,0,2.21,-0.1,0,1,2,38.0,0,0,5,8,0,1,4,1,1.0,3,1,0,0,0
47,1,1,3.12,-0.38,0,1,2,29.0,1,0,4,6,1,1,5,0,2.0,2,0,0,0,0
24,0,0,,-0.17,0,1,2,42.0,6,0,5,7,1,1,5,0,2.0,2,0,1,0,0
24,1,0,0.64,-0.2,1,1,1,36.0,6,0,2,3,0,1,3,1,1.0,1,0,1,0,1
25,0,0,,,1,1,3,42.0,0,0,5,5,1,1,4,1,1.0,2,0,0,0,0
48,0,0,,-1.94,0,1,3,,6,0,4,2,1,1,5,1,2.0,2,0,0,0,0
49,1,0,-1.63,2.42,0,0,1,19.0,5,1,3,9,1,0,4,0,0.0,2,1,1,1,0
38,1,0,-1.25,2.41,0,1,2,25.0,7,0,5,5,1,1,1,1,2.0,2,1,1,0,0
28,0,0,-1.52,-0.54,1,1,1,25.0,6,1,2,4,0,1,3,0,0.0,2,0,1,0,0
51,0,0,-1.02,0.17,0,0,1,23.0,6,0,4,5,1,0,4,0,0.0,1,1,0,0,0
49,1,0,-1.64,0.17,0,1,3,16.0,5,0,4,9,1,0,6,0,1.0,1,0,1,1,0
25,1,0,-1.29,1.05,1,1,2,35.0,2,0,4,5,1,1,4,1,1.0,1,0,1,0,0
50,0,0,1.0,0.2,0,1,2,18.0,5,1,5,6,1,0,4,0,1.0,3,0,1,1,0
56,1,0,1.25,0.37,0,1,1,35.0,1,0,4,6,1,1,3,0,2.0,1,0,0,1,0
48,0,0,-2.01,1.01,0,1,1,42.0,6,1,2,10,1,0,2,1,0.0,2,1,0,0,0
36,1,0,2.65,-1.87,0,1,2,24.0,1,1,5,4,1,1,5,1,2.0,2,1,0,1,0
31,1,0,-2.47,-0.33,0,1,2,31.0,5,1,2,4,1,0,3,0,0.0,0,0,1,0,1
38,1,0,-2.48,0.05,1,1,0,27.0,0,0,2,6,1,0,1,0,0.0,1,0,0,1,0
36,1,0,-3.51,-0.58,0,1,0,34.0,2,1,1,6,0,0,2,0,0.0,3,0,1,0,0
30,0,0,-2.9,-1.88,1,1,2,22.0,2,0,2,2,0,0,4,0,0.0,3,0,1,0,0
58,0,0,0.12,-0.21,1,0,1,28.0,5,1,1,6,1,1,2,1,0.0,1,1,1,1,0
28,1,0,-1.52,-0.72,0,0,1,36.0,6,1,2,7,0,1,3,1,0.0,2,1,0,0,1
34,1,0,-0.43,-0.44,0,1,2,29.0,0,0,4,2,1,0,5,0,2.0,2,1,0,0,0
25,0,0,-0.8,-0.03,0,0,2,19.0,6,1,4,4,1,0,3,1,1.0,1,0,0,0,0
45,1,0,-2.15,-1.79,0,0,2,36.0,6,1,3,6,1,1,3,0,0.0,1,0,0,0,0
27,0,0,-2.8,-0.39,0,1,1,,3,1,3,14,1,1,2,0,0.0,2,1,1,0,1
51,1,0,-3.75,-0.86,1,1,0,29.0,6,0,2,5,1,0,1,0,0.0,1,1,0,1,1
43,1,0,-0.96,-1.3,0,1,1,32.0,3,1,4,5,1,1,4,0,2.0,1,0,0,1,0
42,0,0,0.2,0.57,1,1,2,30.0,1,0,5,6,1,1,6,1,2.0,3,0,0,0,0
50,0,0,,-1.38,0,1,2,44.0,5,1,3,6,1,0,5,0,1.0,3,1,1,0,0
56,0,0,-3.07,0.61,0,1,1,33.0,0,0,5,2,1,1,4,1,2.0,3,0,1,1,0
27,1,0,-0.44,0.62,0,1,0,28.0,6,1,1,5,0,0,4,0,1.0,2,1,1,0,1
48,1,0,0.68,,0,1,2,33.0,7,1,4,2,0,1,4,0,0.0,1,0,1,0,0
28,1,1,-2.46,,0,1,2,30.0,6,1,5,7,1,1,4,0,0.0,2,1,1,0,1
27,1,0,-2.16,2.22,0,1,2,29.0,5,1,3,4,0,0,6,0,1.0,3,0,1,0,0
27,0,0,-0.26,0.4,0,1,1,30.0,5,1,2,3,1,1,2,0,0.0,0,0,1,0,0
33,1,0,-3.38,-0.48,1,1,1,26.0,7,1,2,10,0,0,4,0,0.0,1,1,1,0,1
41,0,0,-2.59,1.0,1,1,2,30.0,2,1,2,8,0,0,3,0,0.0,1,0,0,0,1
31,1,0,1.12,-1.96,0,1,2,26.0,0,0,4,3,1,1,4,0,1.0,1,1,0,0,0
31,1,0,-1.24,2.24,0,1,3,18.0,5,1,3,5,1,1,5,0,0.0,2,1,0,0,0
58,1,0,-0.89,0.0,1,1,1,36.0,3,1,3,4,0,0,5,0,1.0,3,0,1,1,0
29,1,0,-1.7,0.35,0,1,2,26.0,3,0,5,5,1,1,6,0,2.0,2,0,1,0,0
27,0,0,0.98,-1.5,1,1,2,30.0,0,0,5,3,1,1,5,1,1.0,1,1,0,0,1
39,1,0,-1.47,0.66,0,0,1,24.0,5,1,1,3,0,0,2,0,0.0,1,0,0,0,0
48,0,0,0.01,,0,1,1,25.0,2,1,2,9,1,1,2,0,0.0,2,0,0,0,0
45,0,0,-1.77,-0.31,0,1,1,23.0,1,1,2,3,1,0,4,0,0.0,1,0,0,0,0
47,1,0,-1.74,,1,1,3,35.0,0,0,4,3,0,0,2,0,2.0,3,1,1,0,1
30,1,0,,,0,1,3,36.0,3,1,5,5,1,1,5,0,2.0,2,0,1,0,0
38,1,0,-1.18,-0.68,1,1,3,29.0,6,1,5,8,1,0,5,0,2.0,1,0,1,1,0
51,1,0,-1.33,-1.64,0,1,1,26.0,3,1,4,2,1,0,4,1,0.0,2,0,1,0,0
36,0,0,-1.93,0.1,0,0,1,19.0,6,1,3,4,0,1,3,1,1.0,3,0,0,0,0
45,0,0,-2.85,,0,1,1,34.0,6,1,1,6,0,1,2,1,0.0,2,1,0,0,0
28,1,0,0.09,0.3,0,1,2,25.0,3,1,3,5,0,0,2,0,1.0,2,0,1,0,0
51,1,0,-1.0,,0,1,0,22.0,6,1,1,6,0,1,1,0,0.0,3,0,0,1,1
59,0,0,-1.52,0.39,1,1,2,29.0,6,1,5,4,1,1,5,1,2.0,2,0,1,1,0
35,0,1,0.31,-2.91,0,1,2,27.0,5,0,1,9,0,0,2,0,0.0,2,1,0,0,0
27,1,0,-1.07,1.76,0,1,3,20.0,0,0,5,3,1,1,3,1,2.0,2,0,1,0,0
38,0,0,0.17,-0.66,0,1,2,21.0,0,0,3,4,0,1,3,0,1.0,3,0,1,0,0
54,1,0,-4.19,0.33,0,1,1,31.0,7,1,2,2,1,0,3,0,0.0,2,0,1,0,1
59,0,0,-0.92,-0.08,0,1,2,25.0,6,1,4,7,1,1,6,1,1.0,1,0,1,1,0
43,1,1,-3.07,0.56,1,1,3,32.0,7,1,4,7,1,1,3,1,2.0,3,1,0,0,0
45,0,1,-2.67,2.15,0,1,1,30.0,7,1,2,2,1,0,3,0,0.0,2,0,0,0,0
47,0,0,0.11,-2.08,0,1,2,35.0,0,0,5,2,1,0,2,0,2.0,2,0,1,1,0
29,0,0,,0.16,0,1,1,24.0,6,0,3,2,1,1,2,0,0.0,3,0,1,0,0
31,1,0,-2.2,-0.49,0,0,0,30.0,4,1,2,5,1,1,4,0,0.0,2,1,0,0,1
49,1,0,-0.38,-0.4,1,1,3,33.0,6,1,4,2,0,1,5,0,2.0,3,1,1,0,0
39,0,0,-0.16,-0.68,0,1,1,25.0,0,0,5,2,1,0,2,1,2.0,2,0,1,1,0
50,1,0,-1.76,0.78,0,1,2,36.0,2,1,2,5,0,0,4,0,1.0,1,1,1,0,0
38,0,0,-0.17,-0.14,0,1,1,19.0,6,0,3,3,0,0,4,0,0.0,1,1,1,0,0
58,1,0,-0.42,-0.02,0,1,2,24.0,6,1,4,4,0,1,4,1,1.0,3,0,0,1,0
51,1,0,-1.79,-0.48,0,1,1,19.0,5,0,2,4,0,0,3,0,0.0,1,1,1,1,0
43,0,0,0.71,-0.42,0,1,1,25.0,2,1,1,3,0,0,2,0,0.0,0,0,1,0,0
53,1,0,-1.41,0.51,0,1,1,28.0,3,1,3,5,0,1,5,1,0.0,1,0,0,1,0
45,0,0,-2.41,0.39,0,0,1,34.0,7,1,2,9,1,1,1,1,0.0,1,0,1,1,0
32,1,0,-0.41,-1.04,0,0,0,28.0,3,1,1,4,0,0,2,0,0.0,1,1,1,0,1
34,0,0,0.51,-0.24,1,1,3,25.0,3,0,5,6,0,1,5,0,2.0,2,0,0,0,0
30,1,0,-3.73,0.76,0,1,1,20.0,5,1,1,6,0,1,2,0,0.0,1,0,1,0,1
44,1,0,-3.45,1.5,0,1,1,22.0,3,1,2,2,0,0,1,1,0.0,2,1,1,0,0
47,1,0,-0.99,1.42,0,1,0,31.0,5,1,1,6,1,0,1,1,0.0,2,0,0,1,0
25,0,0,-1.76,1.51,0,1,1,34.0,3,0,3,3,0,0,3,0,0.0,3,0,0,0,0
39,1,1,-1.69,-0.06,0,1,0,26.0,6,1,1,6,1,0,2,1,0.0,2,0,1,0,1
53,0,0,-0.67,1.1,0,1,3,36.0,7,0,5,4,1,1,5,1,2.0,1,0,0,1,0
51,0,0,-0.12,0.35,1,1,1,23.0,7,0,4,5,1,1,4,1,1.0,2,0,1,0,0
49,0,0,-0.01,-0.76,1,1,0,27.0,5,1,4,5,0,1,1,0,2.0,2,0,0,0,1
34,0,0,-2.96,-0.22,0,1,2,27.0,3,0,3,2,1,0,3,1,1.0,1,1,1,0,1
48,1,0,,-0.15,0,1,2,38.0,6,0,5,2,1,1,4,0,2.0,3,1,1,1,0
32,0,0,,0.67,0,0,0,30.0,6,1,1,3,1,1,0,0,0.0,2,1,1,0,1
48,1,0,-0.88,0.54,0,1,1,18.0,5,1,1,2,0,0,4,0,0.0,1,1,0,0,0
53,1,1,-0.21,-0.04,0,1,1,35.0,6,1,5,5,0,0,6,0,1.0,1,0,0,0,0
31,0,0,2.02,-0.33,0,1,3,40.0,6,1,3,4,0,0,2,0,1.0,2,1,0,0,0
50,0,0,0.57,-0.78,0,1,2,28.0,6,1,3,5,1,0,3,1,0.0,2,0,1,0,0
25,0,0,-0.44,-0.35,1,1,2,24.0,6,0,4,5,1,1,3,0,2.0,1,0,1,0,0
47,1,0,-1.87,,0,1,2,34.0,1,1,4,4,1,0,3,1,2.0,1,0,1,0,0
43,1,0,0.41,-0.45,0,1,1,41.0,4,1,2,6,0,1,3,1,0.0,1,0,1,0,0
58,0,0,0.22,-0.15,0,1,1,34.0,5,1,1,5,0,0,5,0,0.0,1,0,1,0,0
43,1,0,-0.01,-0.74,0,1,2,19.0,0,0,5,5,1,1,5,1,2.0,0,1,1,0,0
25,0,0,1.6,-0.51,0,1,1,34.0,6,1,4,6,1,1,3,0,0.0,2,0,1,0,0
54,0,0,0.32,-0.05,0,0,3,31.0,5,1,5,10,0,1,5,1,2.0,3,0,1,1,0
33,0,0,0.07,0.57,1,1,3,23.0,1,1,5,10,1,1,3,0,1.0,2,0,1,0,0
48,1,1,0.28,-0.6,0,1,2,37.0,6,1,3,4,1,1,4,1,1.0,3,0,1,0,0
51,1,0,-0.62,-1.72,0,0,1,32.0,6,1,1,7,1,0,1,0,0.0,1,0,1,0,0
35,0,0,,-1.05,0,1,3,37.0,6,1,5,5,1,1,4,1,,3,1,0,0,0
25,0,0,-3.29,0.14,1,0,2,23.0,3,0,2,2,1,0,1,1,1.0,2,0,1,0,0
42,0,0,-0.49,0.36,0,1,0,31.0,6,1,3,6,0,1,3,0,0.0,2,0,0,0,1
38,1,0,-1.55,-0.77,0,1,1,24.0,3,1,2,5,1,1,2,0,0.0,2,0,0,0,0
43,0,0,-1.62,-1.17,0,1,1,30.0,5,1,2,2,0,0,2,1,0.0,1,0,0,0,0
56,1,0,-0.43,-1.34,0,1,2,38.0,0,0,5,2,0,1,2,0,2.0,2,0,1,1,0
49,1,0,-1.03,-1.38,0,1,3,20.0,6,0,4,4,1,1,4,1,1.0,2,0,1,1,0
32,1,0,-0.08,-0.49,0,1,0,21.0,6,1,3,5,1,0,1,1,0.0,3,1,0,0,0
51,0,0,-2.73,-1.83,0,1,0,35.0,5,1,1,6,0,0,5,1,0.0,2,0,0,0,0
34,1,0,-3.43,-0.7,1,0,0,29.0,4,1,1,7,0,0,2,1,0.0,2,1,1,0,1
46,0,0,-1.37,0.25,0,0,1,36.0,6,1,1,9,0,0,2,1,0.0,3,0,0,1,0
33,0,0,,-1.54,1,1,2,24.0,6,1,2,3,0,0,4,0,1.0,0,1,0,0,0
54,0,0,-1.43,-1.21,0,1,2,29.0,2,1,2,6,0,1,3,0,0.0,1,0,1,0,0
41,0,0,-0.47,-0.03,0,0,2,33.0,7,1,5,5,1,1,3,0,2.0,2,0,0,1,0
35,0,0,-0.94,-0.91,1,0,2,30.0,6,0,3,6,0,0,2,1,1.0,1,1,1,0,1
59,1,0,1.7,-0.07,1,1,1,18.0,7,1,1,8,1,0,2,0,,2,1,0,0,0
53,1,0,1.07,1.04,0,1,3,46.0,7,0,5,6,1,1,5,0,2.0,1,1,0,1,0
30,1,0,-1.29,-0.31,0,1,2,30.0,7,1,3,8,0,0,4,0,0.0,1,0,1,0,0
25,1,0,-1.21,-1.88,0,1,1,21.0,6,1,2,5,0,1,3,0,0.0,2,0,1,0,0
54,1,0,-2.03,-0.01,0,0,0,31.0,5,1,2,3,1,1,2,0,0.0,2,1,0,0,1
54,0,0,0.8,,0,1,0,32.0,1,1,1,4,0,0,1,0,0.0,2,1,0,1,0
33,1,0,-1.78,0.59,0,1,3,35.0,5,1,5,3,1,1,2,0,2.0,0,0,0,0,0
35,0,0,-1.51,2.3,0,1,2,35.0,6,0,4,5,1,1,3,0,1.0,2,0,0,0,0
48,1,0,-0.32,-1.22,0,1,0,28.0,5,1,1,3,0,1,2,0,0.0,1,0,1,0,0
49,0,0,1.35,-0.83,1,1,2,19.0,6,1,3,5,1,0,4,0,1.0,3,0,0,0,0
40,1,0,-0.18,0.35,0,1,2,32.0,1,1,5,5,1,0,5,1,1.0,2,0,1,0,0
49,1,0,-1.07,0.76,0,1,1,19.0,3,1,3,6,0,0,4,1,1.0,3,0,0,0,0
34,1,0,-1.15,1.78,0,0,1,36.0,5,1,1,4,0,0,2,0,0.0,1,1,0,0,0
37,0,0,-1.11,-0.68,1,1,1,25.0,3,1,1,5,0,0,3,0,0.0,2,0,1,0,1
41,1,1,0.57,-1.13,0,1,0,33.0,1,1,1,5,0,0,1,0,0.0,1,1,0,0,1
32,0,0,0.49,-0.73,0,1,3,25.0,1,1,5,6,1,1,6,1,2.0,2,0,0,0,0
53,0,0,-1.4,-0.62,0,1,1,26.0,6,1,2,4,1,1,3,0,0.0,1,1,1,0,1
51,0,0,-0.88,-1.11,0,0,0,24.0,4,1,1,4,1,1,3,0,0.0,2,0,0,0,1
42,0,0,0.92,0.23,0,1,2,33.0,0,0,5,4,1,1,5,1,2.0,3,0,1,1,0
35,1,0,,0.09,0,1,1,25.0,0,0,5,3,1,0,3,0,1.0,3,0,1,0,0
42,0,1,-1.55,-2.14,1,0,0,34.0,4,1,1,7,0,0,1,0,0.0,2,1,0,0,1
35,1,0,-1.31,-1.79,0,0,0,25.0,1,1,1,5,0,0,2,0,0.0,2,0,0,0,0
32,1,0,-2.14,-0.29,0,0,2,28.0,6,0,2,5,1,0,4,0,2.0,2,1,0,0,0
47,1,1,-1.15,-0.7,1,1,2,29.0,6,0,5,6,1,1,5,1,2.0,2,0,0,0,0
31,1,0,-1.31,-0.7,1,1,1,30.0,2,1,3,5,1,1,5,1,0.0,1,0,1,0,0
48,0,0,-1.17,0.78,0,1,2,23.0,5,1,3,6,0,0,3,0,0.0,2,1,1,0,0
48,0,0,1.99,0.72,0,0,2,33.0,1,0,5,8,1,0,3,0,2.0,2,0,0,1,0
24,0,0,-0.73,-0.47,0,1,1,27.0,2,1,3,5,1,0,4,0,0.0,2,0,0,0,0
30,0,0,-0.72,0.84,0,1,0,32.0,6,1,2,2,0,1,3,1,0.0,2,0,1,0,0
42,0,0,-0.07,0.9,0,1,2,29.0,5,1,2,5,1,0,5,0,0.0,3,0,1,0,0
24,1,0,-0.31,1.35,0,1,3,33.0,6,1,4,2,1,0,6,1,2.0,2,0,0,0,0
53,1,0,-0.82,1.62,1,1,1,27.0,2,0,5,3,0,1,4,1,2.0,2,0,0,1,0
44,1,0,0.74,-0.39,0,1,1,24.0,3,0,2,8,1,0,3,1,0.0,1,0,1,0,0
38,1,0,0.75,0.33,1,1,1,,4,0,2,4,1,0,2,0,1.0,2,0,0,0,0
38,1,0,-0.08,-1.09,1,1,0,26.0,4,1,2,7,0,0,3,0,0.0,1,1,1,0,1
36,1,0,-0.29,1.27,0,1,2,38.0,7,1,5,6,0,1,4,1,1.0,3,0,1,1,0
47,0,0,0.24,-0.18,0,1,2,29.0,1,0,5,6,1,1,4,1,1.0,1,0,0,0,0
46,1,1,-2.63,-0.24,0,1,1,21.0,6,1,1,5,0,0,4,0,0.0,2,0,1,0,0
25,0,1,-0.92,-1.02,0,1,1,25.0,6,1,4,7,1,0,4,0,1.0,2,1,1,0,0
30,0,0,-1.95,-1.11,0,0,2,23.0,5,1,3,4,1,0,4,1,0.0,2,1,1,0,0
53,1,0,0.39,0.39,1,0,1,35.0,3,1,4,7,0,0,3,0,1.0,1,1,1,1,0
57,1,1,1.01,0.95,0,1,2,34.0,5,1,4,8,0,1,4,0,,3,0,0,1,0
54,0,0,-2.64,-1.29,0,1,0,29.0,2,1,1,9,0,0,3,0,0.0,1,1,0,0,1
32,1,0,1.27,1.23,1,1,1,31.0,6,1,3,3,0,0,3,1,0.0,3,0,1,0,0
54,1,0,-0.03,0.51,1,1,1,28.0,4,1,3,4,1,1,5,0,1.0,1,0,1,0,0
49,0,0,-1.71,0.22,1,1,2,34.0,7,1,2,4,0,0,4,1,0.0,2,0,1,0,0
31,1,0,,0.77,0,1,1,32.0,5,1,2,3,1,0,0,1,0.0,2,1,1,0,0
48,0,1,0.08,-0.79,1,0,1,33.0,5,1,1,3,0,1,2,0,0.0,2,0,1,0,1
51,1,0,1.04,-1.44,0,1,2,28.0,6,1,4,9,0,1,2,1,0.0,1,1,1,1,0
49,0,0,0.86,-0.54,0,1,1,25.0,5,0,4,5,0,1,4,0,0.0,1,0,0,1,0
58,1,0,-1.77,0.93,0,1,0,33.0,7,1,1,5,0,0,2,0,0.0,2,0,0,1,0
54,1,0,-2.05,1.08,0,1,1,38.0,1,1,2,7,0,1,5,1,0.0,1,1,1,1,0
49,0,0,-0.6,-1.28,0,1,2,36.0,7,1,3,2,1,1,5,1,0.0,0,0,1,0,0
42,1,0,-0.61,-1.3,0,1,1,38.0,6,0,3,2,1,1,3,1,0.0,2,0,1,1,0
45,0,0,-1.22,-1.07,0,1,1,30.0,6,1,2,7,1,0,1,1,0.0,2,1,1,0,0
56,0,1,-2.54,-2.8,0,1,0,23.0,4,1,1,5,0,1,1,0,0.0,1,0,0,0,0
38,1,0,,-0.55,0,1,2,24.0,6,1,5,3,1,1,5,1,2.0,3,0,1,1,0
46,0,0,0.59,0.46,0,1,3,37.0,2,0,4,2,1,1,4,1,2.0,0,0,0,1,0
36,1,0,-1.63,-3.19,0,1,2,,6,0,2,3,1,0,5,1,1.0,1,1,1,1,0
58,1,0,,-0.34,1,1,0,38.0,1,1,1,6,0,0,0,0,0.0,1,1,1,0,0
56,1,0,-0.72,1.4,1,0,2,24.0,2,1,4,4,0,1,4,0,1.0,1,0,0,0,0
27,1,0,-0.71,0.81,0,1,2,41.0,3,1,3,4,1,1,3,0,0.0,2,0,0,0,1
29,1,1,-2.46,0.3,0,0,2,29.0,3,1,3,2,1,1,3,0,1.0,3,1,0,0,0
54,1,0,0.23,0.09,0,1,3,33.0,3,1,4,5,1,0,6,1,,2,1,0,1,0
46,0,0,-0.48,1.19,0,1,2,43.0,6,0,5,3,1,1,4,0,0.0,3,0,1,0,1
46,0,0,-1.47,0.48,1,1,3,27.0,2,0,4,4,1,0,4,0,2.0,1,0,1,1,0
29,0,0,-1.01,-0.37,1,1,1,27.0,6,0,3,2,1,0,2,0,0.0,3,0,0,0,0
55,1,0,-1.37,0.92,0,1,2,25.0,0,0,4,2,1,0,5,1,1.0,2,1,1,0,0
51,1,0,-2.71,-1.46,0,0,0,23.0,6,1,3,5,1,0,3,0,0.0,1,1,1,0,0
36,0,0,0.86,0.85,0,1,3,27.0,6,0,5,2,1,1,4,1,2.0,2,0,0,0,0
55,0,1,-2.64,0.37,0,1,2,26.0,3,1,2,7,1,0,5,1,0.0,1,0,1,1,0
47,0,0,0.21,0.26,0,1,1,21.0,6,1,5,3,1,1,2,0,1.0,3,0,0,1,0
55,1,0,2.03,-0.01,1,1,2,28.0,7,1,3,5,1,0,3,1,0.0,2,0,0,0,0
42,0,0,,1.58,1,1,2,32.0,6,1,3,10,1,1,3,1,0.0,3,0,0,0,0
38,1,0,0.53,1.14,0,1,3,24.0,3,0,5,2,1,1,6,1,1.0,1,0,0,1,0
51,0,0,-0.78,0.83,0,1,1,28.0,4,0,5,5,1,1,5,1,1.0,2,0,0,1,0
26,1,0,0.28,0.55,0,1,3,37.0,6,0,5,2,1,1,6,1,2.0,1,0,0,0,0
47,1,0,-2.64,1.05,1,1,2,20.0,2,0,3,6,0,1,3,1,1.0,3,1,0,0,1
58,0,1,-0.04,0.51,0,1,3,41.0,6,1,5,7,1,1,5,1,1.0,2,1,1,1,0
56,1,0,,-0.32,1,1,1,25.0,3,1,2,9,0,0,2,1,0.0,2,1,0,0,0
34,1,0,2.39,0.77,0,1,2,,6,0,4,6,1,0,4,1,1.0,2,0,1,0,0
39,1,0,-3.39,-0.52,1,1,2,37.0,0,0,1,5,0,0,1,0,1.0,2,1,0,0,1
32,1,0,-0.72,1.24,0,1,2,39.0,0,0,5,2,1,1,4,1,1.0,2,0,0,0,0
44,1,0,-0.66,-1.47,0,1,1,32.0,7,1,1,2,0,1,4,1,0.0,3,0,1,0,0
47,1,0,0.78,-0.27,1,1,3,25.0,6,0,4,7,1,0,5,1,1.0,3,0,0,1,0
54,1,0,-1.33,,0,1,1,24.0,6,1,1,8,0,0,3,0,0.0,2,1,1,0,0
54,1,0,1.29,2.4,0,1,2,26.0,7,1,5,5,1,1,6,0,0.0,3,1,0,1,0
44,1,0,-0.53,-0.75,0,1,2,40.0,3,1,3,4,0,1,3,0,0.0,3,1,1,0,0
34,0,0,0.15,0.01,0,1,3,27.0,2,0,5,4,1,1,4,1,2.0,2,0,0,0,0
39,0,0,-2.59,-2.16,1,0,2,31.0,1,0,3,7,1,0,3,1,1.0,3,0,0,0,0
37,1,1,0.16,1.78,0,1,3,23.0,5,0,5,5,1,1,4,0,2.0,2,1,0,0,0
40,0,1,,-1.07,1,1,0,,2,1,1,6,0,0,3,0,0.0,1,1,0,0,1
33,1,0,-1.89,1.41,1,1,1,29.0,7,1,3,3,1,0,5,0,0.0,2,1,0,0,0
51,1,1,-1.39,-1.06,0,1,2,27.0,0,0,4,4,1,1,1,0,2.0,2,0,1,1,0
48,1,0,-2.6,-1.15,0,1,1,27.0,1,1,2,5,1,0,2,1,0.0,2,1,0,0,0
57,0,0,,0.66,1,1,2,20.0,2,1,2,5,1,0,3,0,0.0,2,1,1,1,0
26,0,0,-1.53,-1.8,0,0,0,29.0,1,1,1,2,1,0,1,0,0.0,3,1,0,0,1
31,1,0,-0.11,0.18,1,1,2,38.0,2,1,1,4,0,0,3,0,0.0,1,0,1,0,0
24,1,0,-1.06,-0.94,1,1,1,24.0,6,1,2,4,1,0,3,1,0.0,2,0,1,0,0
32,1,0,-0.86,2.06,0,1,1,34.0,3,1,3,9,1,1,2,1,0.0,3,1,0,0,0
28,1,0,-0.3,1.79,0,1,3,15.0,5,1,4,4,1,0,4,0,1.0,1,0,1,0,0
30,0,0,-0.04,,0,1,3,24.0,7,0,4,2,0,0,4,0,2.0,3,1,1,0,0
44,0,0,-0.35,2.32,1,1,2,18.0,5,1,4,2,0,1,4,0,2.0,3,0,1,0,0
30,0,0,-0.85,-0.87,0,1,0,36.0,6,1,1,8,1,1,2,0,0.0,0,0,1,0,1
44,1,0,0.82,,0,1,2,34.0,3,1,2,3,1,1,3,1,0.0,2,1,0,0,0
26,1,0,0.96,-0.88,0,1,2,23.0,1,0,5,2,1,1,5,0,2.0,1,0,0,0,0
48,1,0,1.49,0.86,0,1,1,31.0,3,0,4,6,1,1,3,0,1.0,1,0,1,0,0
52,1,0,-2.53,0.09,1,1,1,36.0,7,1,1,4,0,0,3,1,0.0,3,1,0,0,0
53,1,0,-1.4,-1.25,0,0,1,37.0,5,1,4,11,1,0,3,0,0.0,2,0,1,0,0
36,0,0,0.68,,1,1,2,27.0,2,0,3,6,1,1,3,1,2.0,3,0,0,1,0
35,0,0,,-0.76,0,0,0,16.0,4,1,1,7,0,0,2,0,0.0,1,1,0,0,0
39,1,0,1.11,-0.03,1,1,1,24.0,6,1,3,6,1,0,2,0,0.0,3,1,0,0,0
55,0,0,-1.12,1.78,0,1,1,34.0,6,0,4,5,1,1,3,1,0.0,2,1,0,1,0
55,1,0,-0.99,-1.24,0,1,2,42.0,5,1,2,4,1,0,1,1,1.0,0,0,0,0,0
42,1,0,-1.18,-0.77,0,1,1,29.0,6,0,3,3,0,0,3,0,1.0,2,0,1,0,0
56,1,0,-0.81,-3.14,0,1,2,25.0,6,0,2,5,1,0,3,0,1.0,3,1,1,0,0
34,1,0,1.09,0.5,1,0,2,43.0,6,1,2,6,0,0,4,1,0.0,2,0,0,0,0
43,1,0,1.36,0.88,0,1,2,31.0,1,0,5,2,1,1,4,1,1.0,2,0,1,1,0
30,1,1,1.15,0.78,1,1,2,22.0,1,1,3,4,1,0,3,1,0.0,0,0,0,0,0
27,0,0,2.46,0.02,0,1,2,28.0,7,0,5,7,0,1,4,1,2.0,1,0,0,0,0
48,0,0,-0.54,-0.68,0,1,3,35.0,5,0,5,2,0,1,4,1,2.0,2,1,1,1,0
40,1,0,-1.91,-1.29,0,1,1,29.0,3,0,3,4,0,1,4,0,1.0,0,0,1,1,0
44,1,0,-1.15,0.3,1,1,0,34.0,5,1,1,3,0,0,1,0,0.0,1,0,0,0,0
56,0,0,-0.23,-0.92,0,1,2,19.0,0,0,3,2,0,1,3,0,0.0,2,0,0,1,0
41,1,0,-2.44,-1.77,0,1,1,20.0,6,0,3,8,1,1,1,0,1.0,2,0,0,0,0
56,1,0,0.31,0.94,0,1,2,25.0,1,0,3,3,1,0,4,0,2.0,1,0,1,1,0
44,1,1,-2.08,-0.39,0,1,2,27.0,6,1,4,2,1,0,5,1,2.0,3,0,0,0,0
35,1,0,-0.85,0.15,0,1,2,31.0,5,1,4,6,1,0,4,1,1.0,0,0,0,0,0
26,1,0,0.84,-3.33,0,0,3,33.0,2,1,5,3,1,1,1,1,2.0,2,0,0,0,0
58,0,0,-0.2,,1,1,1,44.0,0,0,3,7,0,1,4,0,0.0,2,0,1,0,0
52,0,0,-0.07,-0.18,0,1,2,25.0,6,0,5,2,1,1,3,0,2.0,3,0,1,0,0
35,0,0,0.12,1.92,0,1,2,27.0,1,1,5,7,1,0,4,1,2.0,2,0,1,0,0
49,1,0,0.37,,1,1,2,25.0,0,0,4,4,1,1,2,1,2.0,2,0,0,1,0
53,0,0,-1.14,-3.13,1,1,3,35.0,6,1,3,4,1,0,4,1,1.0,2,0,1,0,0
24,1,0,0.37,-0.18,0,1,3,36.0,3,0,5,5,1,1,4,1,1.0,2,0,1,0,0
57,0,0,-0.38,-0.01,0,1,2,26.0,3,0,4,3,1,1,4,0,2.0,1,0,0,0,0
28,1,0,-0.37,1.3,0,1,1,41.0,2,0,4,2,1,1,5,0,,2,0,0,0,0
28,0,0,-0.01,-0.31,0,1,0,25.0,6,1,1,5,0,0,2,0,0.0,0,1,1,0,0
40,0,1,,-0.7,0,1,0,35.0,2,1,1,6,0,0,2,1,0.0,2,0,0,0,1
34,1,0,1.04,-0.25,1,0,2,38.0,1,1,3,4,0,1,2,0,0.0,2,0,0,0,0
37,0,0,-1.91,2.69,1,0,0,21.0,2,1,1,7,1,0,4,1,0.0,2,0,0,0,0
44,0,0,-0.86,0.42,1,1,1,32.0,1,0,3,6,1,1,2,0,0.0,2,1,1,1,0
39,1,0,-2.5,-0.4,1,1,1,15.0,3,1,3,3,1,0,3,0,0.0,2,1,0,1,0
37,0,0,-1.93,,0,1,2,34.0,0,0,2,2,1,0,4,0,0.0,3,1,1,0,0
43,1,0,,,0,1,2,22.0,1,1,4,3,1,1,5,0,1.0,2,0,0,0,0
59,1,0,-0.2,-0.89,0,1,1,32.0,3,1,3,4,1,1,4,0,1.0,3,0,0,0,0
49,0,0,-1.54,-0.76,1,1,1,34.0,6,1,2,8,0,0,2,1,0.0,1,1,0,1,0
38,0,0,-1.48,,0,1,3,36.0,0,0,4,2,1,0,6,1,1.0,2,0,0,1,0
48,0,0,-0.42,0.86,0,1,2,34.0,1,0,2,2,1,0,3,0,0.0,1,0,1,0,0
54,1,0,-2.15,-0.86,0,1,3,29.0,7,1,4,2,1,1,1,1,1.0,3,0,0,0,0
25,0,0,-2.77,0.03,0,1,0,27.0,7,1,3,9,1,1,3,0,0.0,1,0,1,0,0
31,0,0,-1.69,-0.71,0,1,1,29.0,6,1,3,4,1,0,1,0,0.0,1,0,1,0,0
59,1,0,,0.24,0,1,1,,2,1,3,4,1,0,3,1,0.0,2,1,1,1,0
59,1,0,,,0,0,1,28.0,3,1,1,4,1,0,3,0,0.0,0,1,1,1,0
49,1,0,-0.71,-0.56,0,1,2,27.0,1,0,2,4,1,0,4,1,0.0,2,0,0,0,0
50,0,0,0.48,-0.53,0,1,2,24.0,1,1,4,4,1,1,6,0,1.0,3,0,0,1,0
56,1,0,0.01,-1.36,0,0,1,19.0,3,1,4,8,1,1,5,0,0.0,2,0,1,1,0
24,1,0,1.24,-0.41,0,1,1,21.0,5,0,3,6,0,0,4,0,0.0,2,0,0,0,0
42,1,0,-0.41,-2.13,0,1,2,15.0,3,1,3,6,1,0,1,0,0.0,1,1,1,1,0
30,1,0,1.41,,0,1,3,27.0,5,1,4,8,1,0,5,0,1.0,0,1,0,0,0
58,1,0,0.34,-0.72,0,1,2,31.0,2,1,4,3,0,0,6,1,1.0,3,0,1,1,0
27,1,0,-1.42,-1.2,1,1,1,15.0,3,1,2,11,1,0,2,0,0.0,2,0,1,0,0
28,0,0,-2.29,-0.46,0,0,1,,6,1,1,3,0,1,2,0,0.0,1,1,1,0,1
45,1,0,-0.78,0.5,0,1,1,28.0,6,0,2,3,0,1,3,0,0.0,1,0,1,0,0
35,1,1,-2.59,-0.38,0,1,2,22.0,3,0,3,10,1,0,2,1,1.0,2,0,1,0,0
54,1,0,-0.26,1.25,0,1,3,26.0,5,1,5,4,1,0,4,0,2.0,2,0,1,0,0
34,0,0,-0.77,-0.59,0,1,2,35.0,2,0,3,2,1,0,4,1,2.0,0,1,1,0,1
52,0,0,0.98,,0,1,2,23.0,0,0,4,3,1,1,3,0,1.0,3,0,0,1,0
38,0,0,-2.01,-0.33,0,0,1,29.0,6,1,1,5,0,0,2,1,0.0,2,1,1,0,0
44,1,0,-0.46,-0.36,0,1,1,31.0,1,1,2,4,1,1,3,0,0.0,1,0,1,0,0
59,1,0,-2.09,0.8,0,1,1,24.0,3,1,2,8,1,0,4,0,0.0,2,0,0,1,0
46,1,0,-0.19,0.01,0,0,1,35.0,4,1,1,7,0,0,1,1,0.0,0,0,0,0,0
30,0,0,1.58,-0.45,0,1,2,31.0,1,1,5,4,1,0,5,0,2.0,1,0,0,0,0
57,1,0,,-1.71,0,1,3,27.0,0,0,4,8,1,1,5,0,2.0,3,0,0,1,0
57,0,0,0.01,0.69,0,1,2,43.0,3,0,5,4,1,1,5,1,2.0,2,0,1,1,0
40,1,0,2.16,-1.5,0,1,2,35.0,7,0,2,5,1,1,2,0,0.0,2,0,1,1,0
37,1,0,-0.86,,1,1,3,19.0,5,1,5,7,0,1,2,0,2.0,0,0,1,0,0
51,1,0,-1.68,,0,1,3,27.0,3,0,5,8,1,1,5,0,2.0,2,0,1,0,0
43,0,0,-0.12,1.93,1,1,2,44.0,0,0,4,4,0,1,6,1,0.0,1,0,0,1,0
27,1,0,-2.2,2.17,0,0,1,23.0,5,1,2,7,0,0,4,0,0.0,1,0,1,0,1
35,1,0,-0.17,0.34,0,1,2,29.0,0,0,3,3,1,0,4,1,1.0,1,1,1,0,0
27,1,0,-0.12,-2.31,0,1,0,36.0,5,0,2,3,0,0,2,0,0.0,2,0,1,0,1
34,0,0,-2.0,-1.39,0,1,2,33.0,6,1,2,8,1,0,3,1,0.0,2,0,0,0,0
30,0,0,-2.36,-0.36,1,1,3,34.0,3,1,2,8,0,0,5,1,0.0,1,1,1,0,0
59,0,0,-0.01,-0.64,0,0,1,33.0,2,0,1,2,0,0,3,1,0.0,2,0,1,1,0
58,1,0,1.98,0.18,0,1,3,29.0,0,0,5,4,1,0,3,0,2.0,1,0,1,1,0
24,0,0,-0.73,0.12,0,1,2,24.0,0,0,4,4,0,1,4,0,1.0,1,1,0,0,0
51,1,0,0.84,-1.38,0,1,1,32.0,3,1,3,7,1,0,3,0,1.0,1,0,1,1,0
53,1,0,0.84,0.38,1,1,1,27.0,6,1,1,5,0,0,1,1,1.0,1,0,0,0,1
56,0,0,-0.0,-1.16,0,1,2,26.0,2,1,2,2,0,1,2,1,0.0,0,0,1,1,0
55,0,0,-0.81,-0.01,1,1,1,38.0,5,1,2,7,0,0,3,0,0.0,2,0,0,1,0
36,0,0,-0.34,1.76,1,0,0,27.0,6,1,2,3,1,0,3,0,0.0,0,1,1,0,0
41,0,0,0.84,-1.01,0,0,2,39.0,0,0,5,3,1,1,4,0,2.0,3,0,1,0,0
30,1,0,-2.96,0.14,0,1,2,31.0,1,1,4,8,1,0,2,1,1.0,1,0,1,0,0
55,0,0,-0.88,-0.53,0,1,1,28.0,3,1,3,3,0,1,2,0,0.0,0,0,1,1,0
26,1,0,,-1.1,1,1,2,18.0,6,1,4,4,1,0,5,1,0.0,2,0,0,0,0
42,1,0,-2.01,-0.05,0,1,1,42.0,3,1,2,4,0,0,3,0,0.0,3,0,0,0,1
39,0,0,-0.38,,0,1,1,29.0,6,1,3,4,1,1,3,1,0.0,2,1,0,0,1
36,0,0,-1.23,0.66,0,1,0,15.0,6,1,2,3,0,0,3,1,0.0,1,0,1,0,0
58,1,0,-0.12,0.74,0,1,2,35.0,6,0,5,4,1,1,5,1,2.0,3,0,0,1,0
41,1,0,-0.75,1.69,0,1,2,29.0,7,1,3,6,0,0,4,1,0.0,1,1,1,0,0
25,0,0,-1.18,0.64,0,1,1,23.0,6,1,2,8,1,1,3,0,1.0,2,0,1,0,0
54,0,0,-0.98,0.52,1,1,1,35.0,6,1,2,5,0,0,1,0,0.0,1,1,1,1,0
57,0,0,0.98,-2.28,1,1,2,15.0,6,1,2,3,0,0,2,0,0.0,2,1,0,0,1
36,0,0,-0.23,0.78,0,1,1,25.0,6,1,2,2,0,0,1,1,0.0,3,0,0,1,0
33,1,0,-2.05,0.63,0,0,1,27.0,6,1,2,8,1,1,1,0,0.0,3,1,1,0,1
49,0,0,-1.11,-0.87,0,1,2,34.0,7,0,3,2,1,1,3,1,1.0,0,0,0,1,0
26,0,0,-0.33,1.1,0,1,0,42.0,4,1,2,11,1,1,4,0,0.0,0,0,0,0,0
47,0,0,-0.54,0.96,0,1,3,28.0,5,1,4,3,1,1,6,0,1.0,1,0,0,0,0
30,1,0,0.58,0.29,0,1,3,32.0,5,1,5,6,1,1,5,0,2.0,1,1,1,0,1
31,0,0,,0.53,0,1,2,45.0,6,1,1,7,0,0,3,0,0.0,3,0,1,0,1
27,0,0,0.08,0.56,1,1,2,29.0,3,0,5,6,1,0,4,0,2.0,2,0,0,0,0
46,0,1,-0.22,-0.06,0,1,1,32.0,6,1,1,4,0,0,2,0,0.0,3,0,0,0,0
48,1,0,0.23,-0.22,1,1,3,22.0,6,1,4,2,1,0,5,0,2.0,1,1,1,1,0
40,1,0,1.04,1.03,0,1,1,41.0,7,1,1,4,0,0,4,1,0.0,0,1,1,0,1
58,1,0,-1.95,-1.74,0,1,1,25.0,2,1,1,3,0,0,4,0,0.0,2,1,1,1,0
26,1,0,-1.8,0.11,0,1,1,31.0,6,1,3,4,0,0,5,1,0.0,1,0,0,0,0
59,1,0,-0.14,1.43,1,1,2,30.0,6,0,3,4,1,1,5,1,,1,0,1,0,0
53,1,0,-1.29,-0.13,1,1,2,30.0,7,1,1,9,1,0,3,0,0.0,2,0,0,1,0
26,1,1,-1.32,0.64,1,0,1,26.0,7,1,2,4,0,0,3,1,0.0,2,0,1,0,0
39,1,0,0.4,0.07,1,1,3,30.0,5,0,5,3,1,0,4,1,2.0,3,0,1,0,0
43,0,0,-2.67,-1.29,0,0,1,40.0,5,1,1,7,0,0,4,0,0.0,2,0,0,0,1
45,0,0,-3.11,0.84,1,0,2,43.0,1,1,3,6,0,1,2,0,0.0,0,0,0,1,0
39,1,0,0.01,1.34,0,1,2,28.0,7,1,2,5,0,1,3,0,0.0,1,0,0,0,1
34,1,0,-2.03,-0.59,0,1,2,26.0,2,1,4,3,1,1,3,0,2.0,1,0,1,0,0
34,1,0,-0.97,0.55,1,1,2,24.0,6,1,4,5,1,0,4,0,2.0,2,1,0,0,1
45,1,0,-1.39,0.04,0,1,1,45.0,6,1,1,4,0,0,5,0,0.0,2,0,1,0,0
43,0,0,-0.33,,0,1,3,30.0,3,1,4,5,1,0,5,1,1.0,2,0,1,1,0
37,0,0,,1.09,0,1,1,36.0,1,0,3,6,1,0,4,0,0.0,2,0,1,0,1
32,0,0,0.17,-0.35,0,1,2,33.0,1,1,3,3,0,1,3,0,2.0,1,0,0,0,0
42,1,0,-0.85,,0,1,0,42.0,6,0,2,2,1,1,1,0,0.0,1,1,1,0,1
32,0,0,,-0.4,0,1,2,28.0,5,0,4,3,1,1,3,0,1.0,2,0,0,0,1
39,0,0,-1.19,-0.11,0,1,3,22.0,0,0,5,2,0,1,4,1,2.0,2,1,1,0,0
58,1,0,-1.24,-0.71,0,1,2,40.0,6,0,4,2,1,1,3,0,2.0,2,0,1,1,0
50,1,0,3.54,-0.66,1,1,2,34.0,2,0,3,2,0,1,4,0,1.0,2,0,0,0,0
50,0,0,-0.2,-1.2,0,1,2,32.0,6,0,4,2,1,1,4,1,2.0,1,0,0,1,0
25,0,0,-0.18,-0.58,0,1,1,38.0,2,1,1,6,0,1,5,1,0.0,0,0,1,0,0
51,0,0,-1.33,0.23,0,1,3,,1,1,5,2,1,0,6,1,2.0,2,0,0,1,0
46,0,0,0.68,-0.87,0,1,2,38.0,0,0,5,4,1,1,5,1,2.0,3,1,0,1,0
42,0,1,-1.76,-1.29,0,1,1,30.0,5,0,2,7,1,0,4,0,0.0,2,1,0,0,0
33,0,0,-1.95,-1.9,0,0,0,34.0,4,1,1,5,0,0,2,0,0.0,2,0,1,0,1
39,1,0,1.2,-0.34,0,1,2,32.0,6,1,2,6,0,0,5,1,1.0,1,1,1,0,0
37,0,0,1.39,-1.16,0,1,2,27.0,4,0,4,5,1,1,4,1,2.0,3,1,1,0,0
37,1,0,,-1.94,0,1,0,28.0,3,1,1,4,1,0,1,1,0.0,2,0,0,0,0
53,1,0,-0.1,-1.32,0,0,2,27.0,2,1,4,6,0,1,2,0,2.0,1,0,1,0,0
28,0,0,-1.4,-0.3,1,0,1,31.0,2,1,2,9,1,1,3,0,0.0,0,1,0,0,1
46,0,0,-2.35,,0,1,2,26.0,7,1,1,8,0,0,3,0,,2,1,1,1,0
59,1,0,-0.86,-0.3,0,1,1,32.0,1,1,2,3,0,0,3,0,0.0,0,0,0,1,0
30,1,0,0.28,1.6,0,1,3,31.0,7,1,5,4,1,1,4,1,2.0,2,0,0,0,0
48,1,0,0.24,0.05,1,1,1,30.0,3,0,2,2,1,0,5,1,0.0,2,1,1,1,0
27,0,1,-0.04,-1.92,1,1,3,30.0,0,0,4,7,0,1,5,1,2.0,1,0,1,0,0
42,1,0,,-0.69,1,1,3,26.0,2,1,4,6,1,1,5,1,1.0,1,0,0,1,0
35,1,1,,0.38,1,0,3,27.0,0,0,5,4,1,0,5,0,2.0,2,0,0,0,0
46,0,0,-1.4,-0.97,1,1,2,19.0,6,1,1,5,1,0,5,1,0.0,1,1,1,0,1
51,0,0,-1.48,-0.97,0,1,3,28.0,5,0,5,4,1,1,5,1,1.0,2,1,0,0,0
59,1,0,-0.12,0.93,0,0,3,23.0,3,0,5,2,1,1,5,1,2.0,1,0,1,1,0
27,1,0,0.08,-0.55,1,1,3,30.0,6,1,3,6,0,1,2,1,1.0,3,0,0,0,0
33,0,0,-0.95,-1.17,0,0,0,25.0,5,1,1,2,1,0,2,0,0.0,3,0,0,0,0
49,1,0,,-1.07,1,1,1,17.0,7,1,2,8,1,0,4,0,1.0,1,0,0,0,0
55,0,0,-0.04,1.63,0,1,1,43.0,7,0,4,2,1,1,2,1,1.0,3,0,1,1,0
37,0,0,0.44,-1.44,0,1,1,28.0,6,1,1,6,0,1,1,0,0.0,1,0,0,0,1
27,1,0,-0.05,-0.26,0,1,1,38.0,6,1,4,6,0,0,2,1,1.0,0,0,1,0,0
27,0,0,0.13,-0.12,0,1,1,26.0,6,0,5,2,1,1,3,1,2.0,1,0,1,0,0
24,1,0,-1.94,-0.21,1,0,0,39.0,4,1,1,5,0,1,0,0,0.0,0,1,1,0,1
26,0,0,-0.69,-0.95,0,1,0,22.0,6,1,3,5,0,1,3,1,1.0,2,0,1,0,1
56,0,0,1.77,-0.82,1,1,3,30.0,0,0,5,2,1,0,5,1,2.0,2,0,0,1,0
59,0,1,-0.7,0.83,0,1,2,22.0,6,0,5,2,1,1,5,0,2.0,3,0,1,1,0
27,0,0,-0.65,2.51,1,1,1,45.0,7,0,5,5,1,0,4,0,1.0,2,0,0,0,0
59,0,1,-0.04,,1,1,1,28.0,0,0,2,7,0,0,2,1,0.0,0,0,1,0,0
48,0,0,-1.12,-0.85,1,1,1,34.0,6,1,2,5,0,0,4,0,0.0,0,1,0,0,0
43,1,0,,2.35,0,1,0,32.0,7,1,3,10,1,0,1,0,0.0,2,1,1,0,0
41,1,0,-0.46,-0.49,0,1,1,29.0,2,0,3,7,1,1,2,1,1.0,2,1,1,0,0
33,0,0,0.49,-0.29,0,1,2,32.0,5,1,5,7,1,0,5,1,1.0,1,0,0,0,0
38,0,0,0.85,0.24,0,1,2,37.0,7,1,5,10,1,0,3,0,2.0,3,0,1,0,0
59,0,0,0.33,0.15,1,1,1,33.0,7,1,1,2,0,0,4,0,0.0,0,1,1,0,0
59,0,1,0.17,0.15,0,1,2,30.0,1,1,3,5,1,1,2,0,0.0,1,0,1,0,0
47,0,0,0.69,0.7,0,1,2,32.0,3,1,1,7,0,0,3,0,0.0,1,0,1,0,0
35,1,0,-1.2,-1.58,1,1,1,40.0,6,1,2,6,0,0,1,0,0.0,3,1,1,0,0
36,0,0,-1.86,-0.25,0,0,1,26.0,2,0,4,2,1,0,2,0,2.0,2,0,0,1,0
27,0,0,-0.5,1.07,1,1,2,18.0,3,1,4,6,0,1,5,0,1.0,1,0,1,0,1
33,0,0,2.76,-2.4,1,1,2,22.0,0,0,3,3,1,1,2,1,0.0,2,1,1,0,0
32,1,0,-1.24,-1.58,0,0,1,,1,1,1,11,0,0,1,0,0.0,0,1,0,0,0
58,1,0,-3.27,,0,0,1,24.0,5,1,1,7,1,0,2,1,0.0,2,0,0,1,0
58,1,0,2.08,-0.18,0,0,2,24.0,6,1,1,3,0,0,3,1,0.0,1,1,1,0,0
46,0,0,-0.61,-0.75,0,1,0,29.0,6,0,3,2,0,1,3,0,0.0,1,1,0,0,0
57,1,0,-1.27,0.29,0,1,2,30.0,6,0,4,6,1,0,4,0,2.0,3,0,1,1,0
44,1,0,,0.18,1,1,2,30.0,3,1,1,2,0,0,4,0,,2,0,0,0,1
34,1,0,-1.1,-1.15,0,0,0,,2,1,1,7,1,1,2,1,0.0,1,1,0,0,0
42,0,0,0.34,-0.18,0,0,2,35.0,0,0,3,2,0,1,2,0,1.0,3,0,0,1,0
43,0,0,0.26,-1.28,0,0,2,32.0,1,0,3,5,1,0,3,0,1.0,1,0,0,1,0
34,1,0,0.3,0.97,0,1,2,38.0,3,1,2,9,1,0,5,1,2.0,1,1,1,0,0
45,1,0,-2.09,-1.66,0,1,3,34.0,1,0,3,10,0,1,2,0,1.0,3,1,1,0,0
56,1,0,-1.28,-0.07,1,1,3,27.0,0,0,5,3,1,0,6,1,2.0,1,0,0,1,0
59,0,0,-1.27,0.53,1,1,0,37.0,1,1,1,4,0,0,4,0,0.0,2,0,0,1,0
57,0,0,0.41,1.82,1,1,1,31.0,6,1,2,6,1,1,1,0,0.0,2,0,0,1,0
46,0,0,-1.09,-0.37,0,1,3,34.0,5,1,2,6,0,1,4,1,0.0,2,0,1,0,0
46,1,0,-3.09,2.73,0,1,1,33.0,7,1,4,5,1,0,3,0,1.0,3,0,1,1,0
54,0,0,0.08,-1.32,0,1,1,28.0,6,1,2,5,0,0,2,0,1.0,2,1,1,1,0
35,0,0,-3.42,0.65,0,1,1,30.0,5,0,5,7,1,1,5,0,2.0,1,1,1,0,0
29,1,1,-2.34,-0.96,0,0,0,28.0,1,1,1,10,0,1,1,0,0.0,1,1,1,0,1
24,1,0,0.16,1.46,0,1,2,24.0,5,1,2,10,0,0,4,1,0.0,3,0,1,0,1
41,1,0,0.56,-0.11,0,1,2,16.0,0,0,4,4,1,1,5,0,0.0,3,0,1,0,0
29,0,0,-3.02,-1.29,0,1,1,25.0,3,1,1,8,0,0,2,0,0.0,2,0,0,0,0
51,1,0,0.58,1.22,0,1,1,30.0,3,0,4,6,1,1,3,1,0.0,1,1,0,1,0
31,0,0,1.34,-0.38,0,1,1,36.0,3,1,5,9,1,1,4,0,0.0,2,0,1,0,0
25,1,1,,-1.56,0,1,1,34.0,2,1,1,6,1,0,4,0,0.0,2,0,0,0,0
37,1,0,-1.17,-0.5,1,1,1,27.0,6,1,2,3,0,0,4,0,0.0,3,0,1,0,1
39,1,0,-0.72,,0,1,0,25.0,6,1,1,5,0,0,4,0,0.0,2,0,0,0,0
43,0,0,-1.74,-0.33,0,1,1,28.0,6,0,2,4,1,0,2,0,0.0,2,0,1,0,0
58,1,0,0.13,-0.65,0,1,1,23.0,5,1,1,4,1,0,4,0,0.0,1,1,1,1,0
42,0,0,0.86,-0.18,1,1,1,16.0,5,1,2,7,1,0,2,0,1.0,3,0,1,0,0
52,0,0,-0.79,-2.43,1,1,2,,0,0,4,3,1,0,4,0,1.0,2,0,1,1,0
50,1,0,0.6,2.84,0,0,2,37.0,6,0,4,6,1,0,4,0,1.0,1,0,0,1,0
29,0,1,-0.59,-0.32,0,0,0,40.0,5,1,1,8,0,0,2,0,0.0,2,1,0,0,0
32,0,0,-1.38,,1,1,1,34.0,2,1,1,6,0,0,1,0,0.0,1,0,1,0,1
41,0,0,-3.16,1.39,0,1,2,29.0,3,1,3,6,1,0,2,0,0.0,2,0,1,0,0
35,1,0,-0.57,-1.26,0,1,2,21.0,7,0,2,7,1,0,5,1,0.0,0,0,1,0,0
40,1,0,-4.31,-1.46,0,1,2,28.0,5,1,2,5,1,0,5,0,0.0,0,1,1,0,1
31,1,0,0.81,0.81,0,0,0,33.0,4,1,2,3,1,0,2,1,0.0,2,0,1,0,0
28,1,0,-0.42,-1.08,1,1,1,34.0,5,1,1,3,0,0,2,0,0.0,2,0,1,0,0
38,1,0,-0.82,-0.5,0,1,2,33.0,3,1,3,2,1,0,4,1,1.0,0,0,0,0,0
35,1,0,-0.17,-1.63,0,0,0,36.0,4,1,1,5,0,0,2,0,0.0,2,0,0,0,0
44,0,0,-1.66,-3.02,0,1,2,41.0,2,1,4,2,1,1,4,0,1.0,1,1,0,0,0
30,0,0,0.78,-0.33,1,1,2,27.0,3,1,3,2,0,0,6,1,,2,0,0,0,1
46,1,0,-0.12,-0.18,0,1,3,46.0,6,1,3,7,1,1,6,0,0.0,2,0,1,1,0
59,0,0,0.04,1.12,0,1,1,17.0,0,0,5,2,1,1,4,0,2.0,2,0,1,1,0
39,0,0,-0.87,-0.56,1,1,3,24.0,6,0,3,2,1,1,4,1,1.0,2,0,1,0,0
42,1,0,-1.33,-0.88,1,1,2,30.0,2,1,1,4,0,0,4,0,0.0,1,0,1,0,0
26,1,0,0.68,0.59,0,1,3,32.0,6,0,5,9,1,1,5,1,2.0,3,0,1,0,0
29,1,0,-1.17,0.95,1,0,2,28.0,6,1,5,7,0,1,4,0,1.0,3,1,1,0,0
25,1,1,-3.1,-1.44,0,1,1,26.0,6,1,1,4,1,0,2,0,0.0,0,1,0,0,1
40,0,0,0.29,-2.18,1,1,1,42.0,5,1,2,3,1,1,5,0,0.0,1,0,0,0,0
41,1,0,0.24,2.2,0,1,2,26.0,7,1,4,3,1,0,4,1,1.0,2,0,1,1,0
27,1,0,-2.21,1.37,0,1,0,23.0,5,1,2,4,1,1,4,1,0.0,0,0,0,0,0
39,1,0,-0.77,-0.78,0,0,0,39.0,6,1,3,8,1,1,5,0,0.0,2,1,1,0,0
54,0,0,,-0.28,0,1,3,34.0,6,0,5,3,1,1,5,0,2.0,2,0,0,1,0
55,0,0,-1.42,-0.16,0,1,2,36.0,2,0,3,7,0,0,4,0,2.0,3,1,0,0,0
47,1,0,-0.35,,0,1,2,30.0,2,1,3,8,0,0,3,1,1.0,1,0,1,0,0
51,1,1,-1.5,-0.79,0,1,1,21.0,3,1,2,7,0,0,3,0,0.0,2,1,0,1,0
42,1,0,-0.3,-0.4,0,0,0,30.0,2,1,1,5,1,0,1,0,0.0,3,0,1,0,0
35,0,0,-0.49,-1.62,0,1,1,20.0,3,0,2,5,1,0,3,0,0.0,3,0,1,0,1
50,1,0,-1.81,,0,0,1,30.0,3,1,1,4,0,0,2,1,0.0,0,0,1,1,0
54,1,0,-1.03,-1.73,0,1,2,33.0,5,1,4,7,0,0,2,1,1.0,1,1,1,1,0
35,1,1,-0.53,-2.15,0,1,1,35.0,1,1,4,8,1,1,1,0,2.0,0,1,1,0,1
38,0,0,-2.45,0.86,1,0,2,28.0,6,1,4,5,1,1,5,0,1.0,3,0,0,0,0
38,1,0,-1.89,-0.52,0,1,2,33.0,3,1,3,7,1,1,5,0,2.0,3,0,1,0,0
49,1,0,-0.81,0.3,0,1,2,24.0,6,1,3,2,0,1,4,0,0.0,0,0,1,1,1
27,1,0,-0.16,0.04,0,1,3,35.0,0,0,5,6,1,1,3,0,2.0,2,0,0,0,0
50,0,0,,-1.18,1,0,1,33.0,4,1,2,8,1,1,6,0,0.0,1,0,0,0,0
32,0,0,-1.79,-0.06,0,1,2,24.0,0,0,5,3,1,1,4,1,2.0,2,0,0,0,0
40,1,0,-1.55,0.12,0,1,2,32.0,6,1,1,5,1,0,4,1,0.0,0,1,1,0,0
25,1,0,-1.35,0.86,1,0,0,36.0,3,1,1,2,1,0,2,0,0.0,1,1,0,0,0
53,0,0,-1.71,-1.04,1,1,0,29.0,7,1,1,2,0,1,1,0,0.0,1,0,1,0,0
27,1,0,,0.51,0,1,3,24.0,3,0,5,2,1,1,6,1,2.0,1,0,0,0,0
32,1,0,-0.89,,0,1,2,30.0,5,1,5,5,1,0,5,1,1.0,3,0,0,0,0
47,0,0,-1.05,-0.65,0,0,0,32.0,2,0,1,2,1,1,2,0,0.0,2,0,0,0,0
36,0,0,-0.32,-0.84,0,1,3,24.0,5,1,5,3,0,0,6,1,1.0,2,1,0,0,0
32,1,0,-1.77,-1.17,0,0,0,23.0,4,1,1,4,0,0,1,0,0.0,1,0,1,0,1
43,0,0,-1.51,-1.19,0,1,2,32.0,3,0,5,7,1,0,3,0,1.0,1,1,0,0,1
24,1,0,2.4,-1.18,0,1,3,34.0,1,1,4,5,1,0,4,1,2.0,2,1,1,0,1
37,1,0,-0.14,-0.87,0,0,1,42.0,1,0,5,7,0,0,5,1,2.0,2,0,1,0,0
31,1,0,1.21,-2.38,0,1,2,33.0,1,1,3,10,1,1,5,0,0.0,2,1,0,0,0
43,1,0,-1.66,-1.23,0,1,0,22.0,7,1,1,9,1,0,2,0,0.0,3,1,1,0,1
35,1,0,-0.83,-0.7,1,1,1,41.0,3,1,2,5,1,0,1,1,0.0,3,0,0,0,0
48,1,0,0.42,0.4,0,1,2,35.0,0,0,5,3,1,1,6,1,1.0,3,0,0,1,0
29,0,0,-0.96,-1.6,0,1,2,17.0,7,1,2,4,1,0,2,1,1.0,0,0,0,0,0
26,1,0,-0.02,-0.0,1,1,2,23.0,0,0,5,8,1,0,2,0,2.0,1,0,1,0,1
31,1,0,-0.55,0.17,0,1,2,26.0,3,1,2,6,1,1,3,0,0.0,1,0,0,0,0
55,0,0,-1.0,-0.4,0,1,1,34.0,6,0,3,2,1,1,2,0,0.0,0,0,1,0,1
59,0,0,-1.23,,0,0,0,15.0,7,0,2,4,0,0,2,1,,3,0,0,1,0
26,1,0,0.22,-0.0,0,1,1,28.0,6,1,2,8,0,0,5,1,0.0,3,0,1,0,0
24,1,0,-1.87,-1.1,1,1,1,34.0,4,0,3,4,1,1,2,0,0.0,3,0,0,0,1
29,0,0,0.67,-0.97,0,1,0,15.0,7,0,1,2,0,1,3,0,,1,1,1,0,1
44,0,0,,0.03,0,1,1,33.0,0,0,3,2,1,1,4,0,2.0,1,0,0,0,0
57,1,0,-1.67,-1.39,1,1,0,34.0,7,1,1,6,0,0,2,0,0.0,2,0,0,1,0
52,0,0,0.01,-2.55,0,1,2,24.0,6,1,1,7,1,0,6,1,0.0,0,1,1,0,0
32,0,0,0.74,-0.79,0,1,3,22.0,7,1,4,4,1,1,3,1,2.0,1,0,1,0,0
59,0,0,-0.81,-0.87,0,0,1,24.0,2,1,1,8,0,0,4,1,0.0,2,1,0,0,1
33,1,0,-0.49,0.08,1,1,2,15.0,1,1,4,7,1,1,1,1,2.0,3,0,1,0,0
36,0,0,-2.17,0.12,1,1,1,27.0,6,0,5,7,1,1,4,1,1.0,3,0,0,0,0
53,0,0,-0.95,-0.63,1,0,2,30.0,5,1,5,5,1,1,5,0,1.0,2,0,0,1,0
34,1,0,-0.5,-0.07,1,1,2,22.0,5,1,3,8,1,0,4,0,0.0,2,1,0,0,1
50,0,0,0.2,0.83,0,1,2,35.0,7,1,4,3,0,1,4,1,1.0,2,1,0,0,0
39,0,0,-1.24,-0.49,0,1,0,30.0,5,1,1,3,0,0,3,0,0.0,1,0,1,0,0
54,0,0,-0.69,-1.24,0,1,1,31.0,3,1,1,3,0,0,2,0,0.0,2,0,0,1,0
46,0,0,-1.23,-0.64,1,1,1,27.0,3,1,2,6,0,1,2,0,0.0,1,1,1,0,0
57,1,0,0.38,,1,1,2,33.0,1,1,4,9,1,0,6,0,1.0,2,1,0,0,1
39,0,0,2.5,-1.43,0,1,3,37.0,1,1,5,6,1,1,5,1,2.0,1,0,0,1,0
37,0,0,-0.76,0.43,1,1,1,27.0,1,1,2,5,1,0,2,1,0.0,0,0,1,1,0
35,1,0,-0.5,-0.63,0,1,2,34.0,6,0,4,5,1,1,2,0,1.0,1,0,0,0,0
43,0,0,-0.43,0.93,0,1,3,34.0,6,1,3,3,1,0,3,1,2.0,2,0,1,1,0
56,1,0,0.14,,0,0,2,32.0,5,1,2,7,0,0,4,0,0.0,2,0,1,1,0
29,0,0,-0.84,0.36,1,1,2,39.0,3,1,2,4,0,0,4,0,0.0,2,0,1,0,0
38,1,1,-0.9,0.59,1,1,0,25.0,6,1,1,5,0,0,1,0,0.0,1,1,0,0,1
32,0,0,0.55,1.0,0,1,1,26.0,6,0,4,5,0,0,4,1,2.0,0,0,1,0,0
30,1,0,1.33,0.68,0,1,1,24.0,6,1,3,3,1,1,3,1,0.0,1,0,0,0,1
48,1,0,-0.19,-1.11,0,1,1,,5,0,3,7,1,1,4,1,0.0,2,0,0,1,0
59,1,0,0.14,0.74,1,1,3,27.0,6,0,5,6,0,0,6,1,,2,0,0,1,0
59,1,0,-0.1,-1.43,0,1,1,25.0,5,1,4,5,1,1,2,1,0.0,2,0,1,1,1
44,1,0,-0.94,-2.03,0,0,1,39.0,4,1,2,7,1,0,2,1,0.0,1,0,1,0,0
24,0,0,-0.94,-0.41,0,1,1,40.0,6,1,1,3,0,0,4,1,0.0,1,0,1,0,1
54,0,0,1.24,1.16,0,1,2,27.0,3,0,4,2,1,1,2,1,1.0,2,0,1,0,0
49,0,0,-1.7,-0.43,0,1,1,21.0,3,1,1,3,1,0,3,1,0.0,2,1,1,0,0
35,1,0,-2.07,-0.96,1,1,2,40.0,2,1,3,2,1,0,3,1,0.0,1,0,0,0,1
55,1,0,-1.0,0.3,0,1,1,32.0,5,1,1,4,0,0,1,0,0.0,2,0,0,1,0
32,0,0,0.02,-0.55,0,1,3,32.0,5,1,4,6,1,1,5,0,2.0,2,1,1,0,0
45,0,0,0.79,0.37,1,1,2,30.0,6,1,4,7,0,1,4,0,0.0,0,1,1,0,1
30,0,0,-0.67,0.05,0,1,1,24.0,3,1,4,4,0,1,2,1,1.0,1,0,0,0,0
42,1,0,,-0.96,0,1,3,27.0,1,1,5,5,1,1,5,0,1.0,1,0,1,1,0
51,0,1,,0.98,0,1,1,33.0,6,0,3,8,1,1,4,0,1.0,2,0,1,0,0
49,1,0,-1.51,-1.89,0,0,2,26.0,3,1,2,4,0,0,1,0,0.0,1,0,1,0,0
58,1,0,-0.94,-0.89,0,1,3,32.0,7,1,5,7,1,1,5,1,2.0,1,0,0,1,0
51,1,0,-1.8,0.48,0,1,3,29.0,1,1,3,9,1,0,3,1,0.0,3,1,0,0,0
57,1,1,-3.81,2.63,1,1,2,23.0,5,0,2,4,1,1,3,1,0.0,2,0,1,1,0
55,0,0,0.44,-1.84,1,1,1,39.0,5,1,4,7,1,1,3,1,1.0,1,0,0,1,0
49,0,0,-0.28,-0.2,1,1,1,33.0,6,0,4,4,1,1,3,0,0.0,2,0,0,1,0
36,1,0,2.43,-2.35,0,1,3,31.0,1,1,5,4,0,1,5,0,2.0,1,0,0,1,0
50,1,0,-2.06,-0.22,1,1,2,32.0,7,0,4,4,1,1,5,0,1.0,2,0,1,1,0
25,1,1,0.8,-0.89,0,0,1,18.0,5,1,2,6,0,0,4,0,0.0,1,1,1,0,1
33,1,1,-0.67,0.04,0,1,3,26.0,5,1,5,4,1,1,4,0,2.0,1,0,0,0,0
40,0,0,-3.0,1.1,0,1,1,20.0,5,1,1,5,0,0,3,0,0.0,2,0,1,0,1
37,1,0,-2.83,0.79,0,1,1,30.0,0,0,4,5,1,1,1,0,1.0,1,0,0,0,0
34,1,0,-1.79,-1.26,0,1,1,31.0,4,0,1,2,0,0,2,0,0.0,2,1,1,0,0
26,0,0,-0.14,0.4,0,0,1,30.0,2,0,1,4,0,0,5,1,0.0,3,1,0,0,0
56,0,0,-0.06,0.01,1,1,2,36.0,3,1,4,7,1,1,5,1,0.0,1,0,0,1,0
44,0,0,-1.24,,0,1,2,20.0,6,1,2,4,0,0,4,1,0.0,1,0,1,0,0
39,1,0,,-0.8,1,1,1,24.0,4,1,3,5,0,0,4,0,0.0,1,0,1,0,0
58,1,0,0.13,0.49,1,1,3,31.0,0,0,5,5,1,1,4,1,2.0,2,0,1,1,0
51,1,0,-1.82,3.73,1,1,3,31.0,0,0,5,6,1,1,4,0,2.0,3,1,0,1,0
47,0,0,0.67,,0,1,2,21.0,1,1,2,6,0,0,1,0,0.0,3,1,0,0,1
38,0,0,-2.31,0.51,0,0,0,36.0,1,1,2,6,1,0,1,0,0.0,0,0,0,0,0
39,0,1,,,0,1,2,38.0,5,1,3,5,1,1,4,0,0.0,0,0,1,0,0
39,1,1,-1.13,0.14,1,1,2,32.0,1,1,4,5,0,0,5,0,1.0,2,0,1,0,0
35,0,1,-1.08,1.23,0,1,1,20.0,6,1,2,6,0,1,2,0,0.0,1,0,1,0,1
57,1,0,-1.34,0.43,0,1,2,30.0,1,0,3,3,1,0,4,0,0.0,2,0,1,0,0
41,1,0,-2.62,1.03,1,1,2,31.0,0,0,3,8,1,0,6,0,,3,0,0,0,0
41,0,0,-1.6,0.4,0,1,0,27.0,6,1,3,3,1,0,2,1,0.0,1,0,1,1,0
36,0,0,0.54,0.91,0,1,2,37.0,2,0,3,7,0,1,2,0,1.0,2,0,0,0,0
37,0,0,-0.82,-1.91,0,1,2,28.0,3,1,2,8,0,0,5,1,1.0,1,0,1,0,1
57,0,0,0.32,1.46,1,1,1,42.0,7,1,2,7,1,0,4,0,0.0,0,1,1,1,0
52,1,0,-0.37,0.62,0,1,1,34.0,7,1,2,6,1,0,1,0,,1,0,1,0,0
49,1,0,-1.38,1.07,0,1,1,31.0,6,1,3,6,0,1,2,1,0.0,2,0,1,0,0
47,0,0,-0.99,0.19,1,1,2,,0,0,5,3,1,1,5,1,1.0,3,0,0,1,0
33,0,0,0.06,0.59,1,0,2,38.0,5,1,5,2,0,1,4,1,2.0,2,0,1,0,0
28,0,0,-0.0,0.71,0,1,3,34.0,7,1,4,5,1,1,5,0,2.0,2,0,1,0,0
39,1,1,-0.38,,0,1,3,29.0,7,1,5,2,1,0,6,0,2.0,1,0,0,0,0
46,0,0,-0.88,-0.98,0,0,0,25.0,1,1,2,9,1,0,2,0,0.0,0,0,1,1,1
24,0,0,-1.35,-1.37,0,1,1,22.0,3,1,1,3,0,0,1,0,0.0,2,0,1,0,1
24,0,1,-1.61,-0.31,0,1,1,15.0,3,1,2,4,0,0,1,1,0.0,1,0,0,0,0
24,0,0,-1.47,-0.89,0,1,1,30.0,1,1,4,7,1,1,3,0,0.0,0,1,1,0,0
24,0,0,-1.75,-0.75,0,1,1,27.0,6,1,4,4,1,0,3,1,2.0,1,1,1,0,0
40,0,0,0.48,1.45,0,1,2,27.0,2,1,4,5,1,0,3,0,0.0,2,0,0,1,0
42,1,0,,1.36,1,1,1,35.0,3,1,1,7,1,0,1,1,0.0,0,1,0,0,1
39,0,0,,-0.29,0,1,3,28.0,0,0,5,4,1,1,5,1,1.0,2,0,1,1,0
27,0,0,-1.15,0.6,0,0,1,40.0,4,0,3,2,0,0,3,0,1.0,2,0,0,0,0
24,1,0,-0.87,-0.45,0,1,1,26.0,1,1,1,6,0,1,4,0,0.0,1,1,1,0,1
46,1,0,-0.72,-0.4,1,1,1,23.0,3,1,4,6,0,0,4,1,1.0,1,0,0,1,0
37,1,0,-2.12,0.27,0,0,1,21.0,1,1,3,7,1,0,3,1,0.0,2,0,1,1,1
28,0,1,0.17,-0.85,1,1,2,33.0,7,1,3,4,0,0,4,0,0.0,0,1,0,0,0
33,0,0,-0.11,-0.36,0,1,2,36.0,1,1,4,5,1,1,3,0,0.0,1,0,1,0,1
33,1,0,0.43,1.24,0,1,0,25.0,5,1,3,6,1,1,1,1,0.0,3,0,0,0,0
34,0,0,,0.07,0,1,0,23.0,1,1,1,2,0,0,3,0,0.0,1,1,0,0,0
29,0,0,0.18,,0,1,2,38.0,0,0,4,2,1,1,2,0,1.0,2,1,1,0,0
36,0,0,-2.5,-0.49,1,1,1,20.0,1,1,1,2,0,0,2,0,0.0,0,0,1,0,1
29,1,0,-3.69,,0,1,2,35.0,0,0,5,2,1,0,3,0,2.0,2,0,1,0,0
45,0,0,0.03,0.17,0,0,3,26.0,1,1,5,3,1,1,5,1,2.0,2,0,1,0,0
38,0,0,-2.88,,0,0,0,,4,1,1,2,0,0,2,1,0.0,2,1,1,0,1
50,0,1,-0.69,0.08,0,1,1,35.0,6,1,1,8,0,0,1,0,0.0,1,0,1,0,0
51,1,0,0.47,0.51,1,1,2,32.0,0,0,3,2,1,1,1,0,0.0,1,1,1,1,0
38,0,0,-0.76,-1.98,0,1,0,27.0,3,1,2,2,0,0,3,0,0.0,1,0,0,0,0
55,1,0,-1.72,-1.1,0,1,1,37.0,5,1,3,8,0,1,2,0,0.0,2,0,1,1,0
59,1,1,-1.33,-0.79,0,1,2,31.0,2,1,2,6,0,1,3,0,0.0,0,0,0,0,0
40,0,0,0.41,0.41,1,0,3,49.0,3,1,4,9,1,1,4,1,1.0,1,1,0,0,1
44,1,0,0.46,,0,1,3,19.0,0,0,5,2,0,1,3,1,2.0,2,0,1,0,0
40,1,0,-1.06,0.71,0,1,3,19.0,2,0,5,4,1,1,5,0,2.0,3,0,0,1,0
48,0,0,-3.51,-1.21,0,0,0,35.0,4,0,1,7,1,0,4,0,0.0,3,0,1,0,0
27,1,0,0.27,0.17,0,0,2,29.0,7,0,5,4,1,1,4,0,2.0,2,0,0,0,0
40,1,0,-0.18,1.83,0,1,2,34.0,7,1,5,7,1,1,4,1,1.0,1,0,0,1,0
41,1,0,0.65,0.09,0,1,3,22.0,7,1,5,4,1,1,3,0,2.0,2,0,1,1,0
57,0,0,-0.4,-1.88,0,1,2,29.0,3,0,4,2,1,0,5,0,2.0,3,0,1,1,0
54,1,0,-0.78,0.38,1,0,2,32.0,0,0,3,5,1,1,6,1,1.0,1,0,1,0,0
43,0,1,-1.9,0.92,0,0,1,26.0,3,1,1,6,0,0,2,1,0.0,1,0,0,0,1
44,0,0,-1.33,0.96,0,1,1,30.0,2,0,2,6,0,1,2,0,0.0,1,1,0,0,0
50,0,0,2.6,-0.27,0,1,2,21.0,0,0,5,2,1,1,5,1,2.0,1,0,0,1,0
26,0,0,-0.43,-0.2,1,1,2,31.0,0,0,5,2,1,1,6,1,1.0,2,0,1,0,1
42,0,0,-1.27,0.06,0,0,0,38.0,4,1,3,6,0,1,4,0,0.0,3,1,0,0,1
41,1,0,0.23,0.04,0,1,2,22.0,3,0,3,3,1,1,4,1,1.0,1,0,0,0,0
55,1,1,-0.73,0.45,1,1,1,21.0,1,1,3,7,1,1,4,1,0.0,1,0,1,1,0
50,0,0,-1.02,-0.75,1,1,0,36.0,6,1,2,3,1,0,4,0,0.0,0,0,0,0,0
51,0,0,-2.18,0.1,1,1,1,21.0,3,1,1,9,1,0,2,0,0.0,3,0,0,0,0
26,0,0,-1.89,-0.56,0,1,2,34.0,6,1,4,5,0,1,6,0,2.0,2,0,1,0,0
53,0,0,-0.66,-0.31,0,1,2,29.0,2,1,3,9,0,0,3,1,0.0,1,1,1,1,0
48,0,1,-0.95,-1.1,0,1,3,26.0,5,0,4,6,1,1,5,1,1.0,2,0,1,1,0
26,1,0,-1.11,-0.83,0,1,1,38.0,1,1,4,4,1,0,2,1,1.0,1,0,0,0,1
47,0,0,-0.2,-2.21,0,1,0,35.0,4,1,2,9,1,0,3,1,0.0,3,0,0,0,1
44,1,0,0.68,-1.59,0,1,2,31.0,1,1,4,5,1,1,5,0,2.0,1,0,0,1,0
28,1,0,,-1.12,0,0,2,16.0,1,1,2,6,0,0,2,0,0.0,3,1,1,0,1
42,0,0,-1.71,0.4,0,0,1,33.0,5,1,4,8,1,0,4,0,0.0,2,0,0,0,0
53,1,0,0.59,0.14,0,1,2,23.0,2,1,3,5,0,0,6,0,0.0,2,0,0,1,0
38,0,0,-2.41,0.81,1,1,3,,1,0,4,4,1,0,5,0,2.0,2,0,1,0,0
33,1,1,-1.16,-0.56,0,1,2,29.0,7,1,3,8,0,1,4,1,1.0,3,0,1,0,0
33,0,1,,-1.45,1,1,3,,0,0,5,2,1,1,5,1,2.0,2,0,0,0,0
49,0,0,-1.41,0.33,1,1,3,27.0,5,1,4,7,1,1,5,1,2.0,1,1,1,0,0
53,0,0,-2.66,-0.2,0,0,0,20.0,5,0,2,3,1,1,3,0,0.0,1,0,0,1,0
52,1,0,-0.29,-0.16,0,1,3,38.0,2,1,4,6,1,1,5,0,1.0,3,0,1,1,0
34,0,0,1.15,-1.79,0,1,1,33.0,4,0,3,5,1,0,3,1,0.0,2,0,0,0,0
39,0,0,1.73,-0.39,0,1,3,34.0,0,0,4,2,1,0,4,1,2.0,2,0,0,0,0
44,0,0,0.23,0.49,0,1,0,38.0,6,1,2,4,0,0,2,1,0.0,1,0,0,0,0
49,0,0,-2.27,-1.39,0,1,0,39.0,2,0,2,2,0,1,1,0,0.0,3,1,1,0,1
41,1,0,-1.04,-2.1,0,1,2,24.0,1,1,1,8,0,1,4,1,0.0,1,0,1,0,1
47,1,0,2.04,0.12,0,1,1,21.0,3,1,4,7,1,1,5,0,1.0,2,1,1,0,1
42,1,1,0.38,-0.75,1,1,2,34.0,7,1,5,8,1,1,4,0,2.0,3,0,0,1,0
25,1,0,-2.97,0.48,0,1,1,27.0,6,1,1,2,1,0,2,0,0.0,3,0,1,0,1
57,1,0,-0.26,-0.6,0,0,1,28.0,7,1,1,9,0,0,3,1,0.0,1,0,1,0,1
34,0,0,,-1.07,0,1,3,22.0,6,1,4,4,0,0,1,1,2.0,2,0,1,0,0
56,1,0,-0.71,0.12,0,0,2,33.0,6,0,4,5,1,0,4,1,1.0,1,0,0,1,0
41,1,0,-0.26,-0.82,1,1,0,31.0,4,1,2,6,1,0,2,1,0.0,2,0,1,0,0
45,0,0,-1.24,-0.22,1,1,2,28.0,7,1,2,2,0,0,3,1,0.0,2,0,1,1,0
55,0,0,-1.2,-1.18,0,1,2,21.0,5,0,3,3,1,0,4,1,0.0,3,0,1,1,0
31,1,0,0.12,,0,1,0,36.0,3,1,2,4,0,0,3,0,0.0,3,0,1,0,0
27,1,1,-0.67,-0.86,0,1,2,31.0,6,0,1,2,0,0,0,1,1.0,1,0,1,0,0
30,1,0,-0.95,,1,1,0,36.0,5,1,1,6,1,1,3,1,0.0,0,1,0,0,1
53,0,0,2.2,-1.74,0,1,3,16.0,1,1,4,3,1,1,4,0,2.0,1,1,0,0,0
27,0,0,-0.13,0.84,1,0,2,29.0,3,1,4,3,0,0,4,0,0.0,1,0,1,0,0
46,0,0,0.36,,1,1,3,25.0,3,0,5,4,1,1,4,1,2.0,1,1,1,1,0
40,1,0,-0.96,-0.4,0,1,2,29.0,6,1,3,4,1,1,6,0,0.0,0,1,1,0,1
27,1,1,-2.8,,0,1,1,35.0,3,0,1,6,0,1,4,0,0.0,3,1,0,0,1
30,1,0,-2.23,-0.05,0,1,2,31.0,6,0,3,3,1,1,5,1,0.0,1,0,0,0,0
53,0,0,0.62,-1.88,1,1,2,29.0,3,1,4,6,1,0,4,0,1.0,1,1,1,0,0
40,0,0,-0.52,-0.4,0,1,3,29.0,6,1,5,6,0,1,3,0,2.0,2,0,1,1,0
45,1,0,2.97,0.84,0,1,3,20.0,1,1,5,4,1,1,3,1,2.0,3,0,1,1,0
36,0,1,-2.63,-0.38,0,0,0,24.0,7,1,2,4,0,0,2,0,0.0,2,1,0,1,0
42,0,0,-2.21,-1.07,0,0,0,36.0,4,1,1,7,0,0,0,1,0.0,2,0,0,0,0
25,1,0,0.01,,0,1,2,26.0,2,0,4,3,1,1,4,0,1.0,2,0,0,0,0
59,1,0,-1.56,0.1,0,1,2,,2,0,4,4,1,0,3,1,1.0,2,0,1,0,0
52,1,0,-1.87,1.77,1,0,2,34.0,2,1,5,7,1,0,3,0,1.0,1,0,1,1,0
45,0,0,0.03,-0.44,0,1,1,34.0,3,1,3,2,0,0,5,1,,2,1,1,0,1
58,0,0,-3.33,0.83,0,1,2,31.0,6,1,2,2,1,0,4,0,0.0,2,0,0,0,0
58,1,0,-0.3,-0.18,0,1,1,26.0,7,0,4,2,0,1,2,0,0.0,1,0,0,1,0
38,0,0,-0.34,0.24,0,1,2,28.0,6,1,3,2,0,0,3,1,2.0,2,0,0,1,0
58,1,0,1.07,-0.77,0,1,3,33.0,5,0,5,2,1,1,4,1,2.0,1,0,1,0,0
35,1,0,-0.63,-0.02,0,0,1,16.0,3,1,1,5,0,1,1,0,0.0,1,0,1,0,0
54,0,0,2.02,0.05,0,1,1,36.0,6,1,1,2,1,0,3,0,0.0,1,0,0,0,0
25,1,0,-0.44,0.18,0,1,3,26.0,6,1,5,4,1,1,4,0,2.0,1,0,0,0,0
36,0,0,,-2.0,0,1,1,,2,1,1,3,1,0,0,1,0.0,1,0,0,0,0
24,0,0,3.01,1.08,0,1,2,29.0,7,1,5,10,1,1,5,1,2.0,2,1,0,0,0
53,1,0,-1.07,,1,1,1,29.0,3,0,1,9,1,0,4,1,0.0,1,1,0,0,0
46,0,0,-1.6,0.33,1,0,2,21.0,6,0,3,2,1,1,4,1,2.0,1,0,1,0,0
26,1,0,-2.05,1.49,0,1,3,30.0,7,1,4,5,1,1,6,0,2.0,1,0,0,0,0
43,0,0,-1.48,-0.26,1,1,0,33.0,6,1,2,6,0,0,3,0,1.0,2,1,1,0,0
32,1,0,-1.87,0.49,1,1,1,17.0,1,0,2,4,1,0,4,1,0.0,1,0,0,0,1
52,0,0,-1.42,0.74,0,1,1,21.0,5,0,4,3,1,0,4,1,2.0,1,0,1,0,0
31,1,0,-2.98,-0.38,0,1,2,34.0,1,1,3,6,0,0,3,1,0.0,1,0,0,0,0
43,0,1,-1.74,-0.18,1,1,2,,6,1,2,4,0,1,3,0,0.0,2,0,1,0,0
48,0,1,-0.76,-0.9,1,1,1,31.0,2,0,3,2,1,1,4,1,0.0,2,1,1,1,0
30,1,1,-2.62,-2.63,0,1,1,25.0,6,1,2,4,0,0,2,1,0.0,0,0,1,0,0
25,1,0,-1.32,-0.94,0,1,2,33.0,7,1,2,4,0,0,3,0,0.0,1,1,1,0,1
55,1,0,-0.72,-1.32,0,1,2,22.0,1,0,5,5,0,1,3,1,2.0,3,1,0,1,0
28,1,0,-0.72,-1.69,0,0,2,28.0,3,1,2,9,1,1,4,1,0.0,1,0,1,0,0
55,0,0,1.48,-0.81,0,0,3,21.0,6,0,3,5,1,1,5,1,2.0,2,0,1,1,0
32,0,0,-0.58,2.18,0,1,2,28.0,3,1,2,2,1,0,2,1,0.0,1,1,1,0,1
52,1,0,-1.34,-1.11,0,1,3,23.0,1,0,5,3,1,1,3,1,2.0,1,0,1,1,0
46,0,0,-0.96,0.33,0,1,2,34.0,0,0,2,3,1,1,5,0,,2,1,1,1,1
58,1,0,0.03,-1.9,1,1,2,32.0,3,0,4,5,1,1,2,0,2.0,3,0,0,1,0
39,1,1,-2.29,,0,1,2,26.0,6,0,4,5,1,1,3,0,1.0,1,0,1,0,1
55,0,0,-2.02,0.49,1,1,1,36.0,5,0,2,7,0,1,5,1,1.0,2,0,0,1,0
41,1,0,-1.82,-1.22,1,1,1,23.0,1,0,3,2,1,0,5,1,1.0,2,1,1,0,0
40,0,0,-1.19,-1.44,0,1,1,29.0,4,1,2,5,1,1,5,1,0.0,3,0,1,0,1
54,0,0,-1.4,-1.12,0,1,1,25.0,3,0,2,4,1,0,2,0,0.0,1,1,1,1,1
54,1,0,-2.47,0.47,1,1,1,33.0,2,0,4,6,1,0,5,0,2.0,3,0,1,0,0
25,0,0,-0.83,0.34,0,1,2,33.0,6,1,5,4,1,1,3,1,1.0,2,0,0,0,1
50,0,1,-1.14,0.69,0,1,2,37.0,2,1,3,7,0,1,3,0,0.0,3,0,0,0,0
55,1,0,0.04,-0.42,0,0,1,29.0,5,1,1,7,0,0,2,1,0.0,0,1,0,1,0
41,0,0,,-1.8,0,1,1,15.0,7,1,1,12,1,0,4,0,0.0,0,0,1,0,0
46,0,0,-2.03,-1.3,1,1,1,26.0,5,1,2,6,1,1,4,0,0.0,1,0,0,0,1
38,1,1,-2.93,-1.55,0,1,0,38.0,5,1,2,5,0,0,0,0,0.0,0,1,1,1,0
56,1,0,-2.05,-0.81,0,1,2,27.0,0,0,5,8,1,1,6,0,1.0,2,0,1,0,0
49,0,0,-3.64,-0.69,0,1,2,17.0,1,1,3,4,1,0,3,1,2.0,1,1,1,1,1
52,1,0,0.5,-0.42,0,1,3,32.0,1,1,5,3,1,1,6,0,2.0,1,0,1,1,0
26,0,0,-0.84,-0.34,0,1,1,32.0,6,1,2,9,1,0,3,0,0.0,2,0,0,0,1
29,0,1,-1.0,-2.06,0,1,1,25.0,6,0,2,7,1,1,2,0,0.0,2,0,1,0,0
48,0,0,0.14,0.86,0,1,2,28.0,1,1,5,5,1,1,4,0,2.0,1,0,1,0,0
27,1,0,-0.52,0.33,0,1,3,24.0,1,1,5,8,1,0,3,1,2.0,0,0,1,0,0
39,0,0,,-0.49,1,1,2,32.0,3,1,3,5,0,1,3,0,0.0,1,0,0,0,0
56,1,0,0.83,-0.58,1,1,2,29.0,5,0,4,5,0,0,4,0,1.0,1,0,1,1,0
37,0,0,0.57,-0.47,1,1,2,22.0,5,0,5,3,1,1,3,1,2.0,2,0,1,0,0
25,1,0,-1.12,,0,0,1,,6,1,2,2,1,0,3,1,0.0,1,1,0,0,0
40,1,0,-2.34,0.17,1,0,1,25.0,7,1,1,6,0,0,2,0,0.0,3,1,0,0,1
29,0,0,-0.5,-0.27,0,1,2,38.0,2,1,3,9,0,0,2,0,1.0,2,0,1,0,0
57,0,0,-0.16,0.25,0,1,2,34.0,6,1,4,6,0,0,6,0,0.0,2,0,1,1,0
50,0,0,,0.13,0,1,3,28.0,5,0,5,4,1,1,5,1,2.0,2,0,1,1,0
59,1,0,-0.92,-0.87,1,1,1,,2,1,1,5,0,0,4,0,0.0,2,1,0,1,0
39,1,0,-0.09,-1.72,0,1,1,35.0,7,1,3,2,1,1,1,0,1.0,3,0,0,0,0
59,1,0,0.49,,1,1,3,28.0,0,0,5,4,1,1,6,0,1.0,1,0,1,1,0
51,0,0,0.35,0.51,0,1,1,34.0,6,1,3,4,1,1,2,0,0.0,2,1,1,1,1
47,1,0,0.23,1.18,0,0,1,38.0,6,1,3,4,1,0,3,0,0.0,3,0,1,0,1
37,1,0,,-0.69,1,1,0,26.0,7,1,2,5,0,0,3,0,0.0,1,0,1,1,0
53,0,0,-1.37,0.23,0,0,1,39.0,5,1,3,9,1,0,6,1,1.0,2,1,0,1,0
59,0,0,0.67,,0,1,3,37.0,3,1,4,5,1,0,6,1,2.0,1,0,1,1,0
29,0,0,0.17,0.63,0,1,2,30.0,6,1,4,2,0,1,5,0,0.0,2,0,1,0,1
52,1,0,,1.31,0,1,2,26.0,6,1,1,4,0,0,3,1,0.0,0,1,1,0,0
43,1,0,,1.49,0,1,2,30.0,5,0,4,4,1,0,2,1,1.0,2,0,0,1,0
37,1,1,-0.76,-0.15,1,1,2,28.0,6,1,2,9,0,0,2,0,0.0,2,1,0,0,0
35,1,0,-2.14,0.55,0,0,1,24.0,2,1,2,2,0,0,2,1,0.0,2,1,1,0,1
31,0,0,-0.8,0.26,0,0,0,32.0,5,1,1,7,0,0,1,0,0.0,2,1,0,0,1
30,1,0,1.02,0.12,0,0,2,23.0,6,0,4,2,1,1,2,0,0.0,3,0,1,0,0
32,1,0,1.89,,1,1,3,27.0,3,0,5,2,1,1,4,1,2.0,3,0,0,0,1
49,0,1,-1.98,-1.63,0,0,0,27.0,4,1,1,2,0,0,2,1,0.0,2,1,0,0,0
34,1,0,1.08,-1.72,0,1,1,21.0,7,1,2,2,0,0,1,0,0.0,2,0,1,0,1
24,0,0,-0.57,0.41,0,1,2,,6,0,4,5,1,1,5,0,0.0,3,1,0,0,0
30,1,0,0.49,-1.04,0,1,1,28.0,6,1,5,3,1,1,3,0,0.0,2,0,0,0,0
55,1,0,-0.68,-0.95,0,1,1,37.0,3,0,3,2,1,0,2,1,0.0,0,0,1,1,0
38,0,0,0.49,-0.62,0,1,1,28.0,7,0,2,2,0,0,3,1,0.0,2,0,1,0,0
59,1,0,-0.52,1.4,0,1,1,27.0,1,1,3,3,1,0,3,1,0.0,3,1,1,1,0
34,1,1,,-0.01,1,1,3,24.0,5,1,5,6,1,0,3,1,2.0,2,0,0,0,0
35,1,1,-0.64,-1.74,0,0,0,29.0,4,1,1,10,1,0,0,1,0.0,1,0,0,0,1
41,1,0,-1.47,-1.33,1,1,0,29.0,6,1,3,6,1,1,1,1,0.0,1,1,1,0,1
28,0,0,0.2,-0.12,0,1,2,33.0,7,0,5,5,1,1,5,0,2.0,3,0,1,0,0
29,0,0,-3.29,-0.48,1,1,0,29.0,6,1,1,8,0,0,0,0,0.0,3,1,0,0,1
52,0,0,0.57,-1.19,0,0,2,42.0,5,0,4,5,1,1,4,0,2.0,3,0,0,1,0
33,0,0,-2.17,0.19,1,1,3,32.0,3,0,5,3,1,1,5,1,2.0,1,1,1,0,0
52,0,0,-1.69,-1.82,1,1,0,23.0,5,1,2,3,0,1,1,0,0.0,3,0,1,0,0
34,1,0,-2.91,-1.34,0,1,0,23.0,5,1,1,8,0,0,0,1,0.0,1,1,1,0,1
52,0,0,-1.67,1.34,1,1,2,32.0,0,0,4,3,1,0,5,0,1.0,2,0,1,1,0
31,1,0,-1.16,-1.35,1,1,0,23.0,5,1,2,2,1,0,2,0,0.0,1,1,0,0,0
49,1,0,-1.37,-0.24,1,1,2,33.0,6,0,3,6,1,1,3,0,1.0,1,0,1,1,0
32,0,0,0.03,0.2,0,1,2,34.0,6,1,2,10,0,0,5,0,0.0,3,1,0,0,0
52,0,0,-1.25,1.64,1,1,1,35.0,6,1,2,7,1,0,4,0,1.0,3,0,0,0,0
34,0,0,-0.34,1.5,0,0,1,24.0,3,1,4,6,1,1,5,1,1.0,3,1,1,0,0
55,1,0,,0.47,1,0,0,35.0,5,0,2,3,1,0,2,0,0.0,1,0,0,1,1
42,0,0,0.04,-1.26,1,1,2,31.0,0,0,2,5,0,0,4,0,0.0,2,0,0,1,0
25,0,0,-0.02,-0.98,0,1,3,25.0,3,1,4,3,0,1,6,1,2.0,0,1,1,0,0
49,1,0,-0.58,-1.34,0,1,1,28.0,4,1,1,2,0,1,3,0,0.0,2,1,0,0,0
59,1,0,0.12,2.33,1,1,1,32.0,2,0,3,3,1,1,3,0,0.0,3,0,1,1,0
31,0,0,0.46,0.47,0,1,1,25.0,0,0,4,2,1,1,3,0,1.0,3,0,0,0,0
51,1,0,-0.12,-0.16,1,1,2,31.0,6,1,3,7,1,0,4,1,1.0,2,0,1,1,0
34,0,0,-0.77,0.0,0,0,1,38.0,3,1,2,2,0,1,2,1,0.0,1,0,0,0,0
43,1,0,0.67,1.26,0,1,2,35.0,3,1,3,5,0,1,4,0,0.0,2,0,0,0,0
30,1,0,-1.0,-0.87,1,1,1,29.0,2,1,1,9,1,0,3,0,0.0,0,1,1,0,1
38,0,0,,,0,1,1,30.0,5,1,2,3,0,0,0,1,0.0,2,0,0,1,0
49,1,0,-0.14,-0.49,0,0,1,26.0,3,1,1,3,0,0,5,0,0.0,1,1,1,0,0
59,1,0,0.6,-1.43,0,1,2,26.0,4,1,3,10,1,0,5,0,1.0,1,1,1,1,1
33,0,1,-1.53,-0.44,0,0,1,20.0,5,1,2,3,1,0,5,0,0.0,2,0,0,0,0
27,1,0,0.55,0.41,1,1,2,31.0,0,0,5,8,1,0,2,1,2.0,2,0,0,0,0
49,0,0,-0.38,0.19,1,1,0,33.0,7,1,3,5,1,0,5,1,0.0,2,0,0,0,1
51,0,0,-0.06,1.45,0,1,2,29.0,0,0,5,2,1,1,3,0,2.0,2,0,0,1,0
37,1,0,-3.03,-1.49,1,1,0,24.0,4,1,1,3,1,0,2,1,0.0,0,0,0,1,1
28,0,0,,0.21,1,1,2,29.0,1,1,4,7,1,0,5,0,1.0,3,0,0,0,0
32,1,0,-1.4,-1.38,0,1,1,37.0,5,0,2,6,1,1,2,0,0.0,1,1,1,0,0
44,0,0,-0.92,-0.26,0,1,1,34.0,2,0,2,2,0,0,4,0,,2,1,0,0,0
28,1,0,-2.17,-1.73,0,1,2,29.0,6,1,2,7,0,0,4,1,0.0,3,1,1,0,0
40,1,0,-3.01,0.37,0,0,2,41.0,3,0,3,5,1,1,5,0,1.0,1,0,1,1,0
35,1,1,-0.78,1.87,0,1,2,45.0,5,0,5,5,1,1,5,0,2.0,3,1,1,0,0
27,0,0,-0.44,0.93,0,1,3,26.0,2,1,3,10,0,0,2,0,1.0,2,0,0,0,0
25,0,0,0.76,-0.42,0,1,3,28.0,0,0,4,2,0,0,4,1,1.0,1,0,1,0,0
30,1,0,1.47,0.87,0,1,1,33.0,3,0,3,3,1,0,1,0,0.0,2,1,1,0,0
50,0,1,-2.44,,0,1,2,24.0,5,0,4,2,1,1,4,0,2.0,2,0,1,0,0
37,1,0,-0.8,,1,1,1,34.0,4,1,1,3,0,0,2,0,0.0,3,1,0,0,1
35,0,0,2.14,2.44,0,1,2,30.0,7,1,3,2,1,1,4,1,0.0,3,0,1,0,0
35,1,0,-2.27,0.32,0,1,1,31.0,6,1,3,4,1,0,4,1,0.0,2,1,1,0,0
24,0,0,-2.31,-0.53,0,1,1,26.0,7,1,1,5,0,0,2,0,0.0,1,1,0,0,1
32,1,1,-0.42,-0.6,1,1,2,24.0,2,0,1,5,0,0,2,0,0.0,0,1,0,0,1
53,1,0,-0.6,0.09,0,1,2,17.0,6,1,2,6,1,0,5,1,0.0,2,1,0,0,0
41,1,0,-0.13,-0.16,0,1,3,38.0,5,1,3,4,1,1,5,0,1.0,2,0,0,0,0
49,0,0,0.04,-0.67,0,1,3,35.0,5,1,2,6,0,0,4,1,1.0,0,0,0,0,0
45,0,0,0.84,-0.11,0,1,3,33.0,7,0,5,3,1,1,4,0,2.0,3,0,1,1,0
24,0,1,-0.98,-1.86,0,0,1,31.0,6,1,2,6,1,0,0,0,0.0,1,0,1,0,0
49,0,0,0.47,0.78,0,1,2,15.0,7,1,5,4,1,0,5,0,1.0,2,0,1,0,0
41,0,0,-1.91,1.04,1,1,1,24.0,6,1,4,2,1,1,4,1,1.0,3,0,0,0,0
35,0,0,0.97,0.74,0,1,2,27.0,1,1,5,4,0,1,4,1,2.0,2,1,1,0,0
26,1,0,0.61,-0.63,0,1,1,23.0,6,1,1,3,0,0,3,0,0.0,1,0,0,0,1
47,1,0,-0.06,-0.52,0,0,0,19.0,4,1,1,4,0,0,3,0,0.0,1,0,1,1,1
44,0,0,0.04,0.37,0,1,1,23.0,7,1,4,3,1,0,3,1,0.0,1,0,1,0,1
45,1,0,1.42,-0.42,0,1,1,29.0,6,1,3,6,1,1,4,0,0.0,1,0,1,0,1
45,0,0,-0.17,1.11,1,1,2,29.0,1,1,4,3,0,0,2,0,0.0,3,1,0,0,0
49,0,0,-0.2,0.56,0,1,0,34.0,1,1,1,4,1,0,1,0,0.0,2,1,0,1,0
52,0,0,1.94,1.05,0,1,3,41.0,0,0,5,6,1,1,5,1,2.0,2,0,0,1,0
58,1,0,-1.61,-0.55,1,0,1,33.0,4,1,1,7,0,0,3,1,0.0,0,1,0,0,0
58,0,0,0.69,-1.7,0,1,2,28.0,0,0,2,3,1,1,3,1,0.0,2,0,1,0,0
56,0,0,-1.75,-2.34,0,1,3,40.0,6,0,3,2,1,1,4,1,1.0,1,0,0,0,0
59,0,0,-2.18,-0.77,0,1,1,20.0,5,1,1,2,0,0,2,1,0.0,2,1,0,0,0
54,1,0,-2.1,-1.04,0,0,1,17.0,6,0,2,2,0,0,5,0,1.0,3,0,0,1,0
38,1,0,-2.48,-0.02,0,1,3,24.0,2,1,5,4,0,1,5,1,2.0,2,0,1,0,0
49,1,0,-1.64,-1.35,0,0,2,34.0,5,1,2,4,0,0,3,0,0.0,2,0,1,0,0
44,1,0,-1.1,-1.42,0,1,1,30.0,1,1,1,2,0,0,2,1,0.0,3,0,0,0,0
34,0,0,-1.17,,0,1,2,22.0,6,1,2,10,0,0,4,1,0.0,1,0,1,0,0
24,1,0,-2.37,-1.5,0,1,0,25.0,1,0,3,3,1,0,2,0,,2,0,1,0,1
29,1,0,-3.22,-0.49,0,0,2,22.0,1,1,4,6,1,1,5,0,1.0,0,0,0,0,0
59,1,0,-1.83,-0.79,0,0,1,22.0,1,1,2,4,1,1,1,0,0.0,1,1,0,1,0
49,0,0,-1.73,0.92,0,0,1,38.0,6,1,3,5,0,0,3,0,0.0,1,0,0,0,0
55,0,0,0.84,,0,0,0,28.0,1,1,1,4,1,0,3,0,0.0,2,0,0,0,0
45,1,0,-0.18,-1.56,0,1,2,40.0,5,1,5,2,1,1,4,1,2.0,3,0,0,0,0
29,0,0,1.27,-0.41,0,1,1,24.0,6,1,3,6,1,1,2,0,0.0,3,1,1,0,1
44,0,1,-2.14,0.27,0,0,2,32.0,6,1,2,3,0,0,4,0,0.0,1,1,1,0,0
57,1,0,0.24,-2.57,0,1,1,30.0,1,1,2,4,0,0,2,0,0.0,3,0,0,1,0
49,1,0,-0.25,1.18,1,1,1,34.0,0,0,4,2,1,1,4,0,2.0,1,0,0,0,0
34,1,0,-2.27,0.14,0,0,0,31.0,3,1,1,8,0,0,2,0,0.0,1,1,0,0,1
46,1,0,-0.3,1.28,0,1,2,35.0,1,0,3,2,1,0,6,1,2.0,3,0,1,0,0
46,1,0,-0.25,0.52,1,0,3,,6,1,5,8,1,1,6,1,2.0,3,0,1,0,0
32,0,0,-1.32,-0.63,1,1,1,22.0,3,1,2,3,1,0,4,0,0.0,2,1,1,0,1
41,0,1,-3.6,-0.34,1,0,1,33.0,3,1,1,8,0,0,3,1,0.0,0,1,0,0,1
56,1,0,1.08,,0,1,1,28.0,1,1,1,5,0,0,3,0,0.0,1,1,0,0,0
44,0,0,0.39,0.79,0,1,3,,5,1,4,5,1,1,5,1,1.0,2,1,1,0,0
55,1,0,-1.88,-0.9,1,1,2,33.0,1,1,3,8,1,1,4,1,0.0,1,1,1,1,0
49,1,0,-0.67,0.14,0,0,0,35.0,6,1,2,3,0,1,1,1,0.0,0,1,0,0,1
28,1,0,-0.71,1.19,0,1,1,26.0,0,0,5,6,1,1,3,0,2.0,3,0,0,0,0
43,0,0,0.57,-0.05,1,1,2,27.0,7,1,1,9,0,0,3,0,0.0,0,1,1,0,1
45,1,1,-1.44,-0.04,1,1,2,21.0,6,1,3,6,1,1,2,1,1.0,3,1,0,1,0
47,0,0,-1.17,0.22,0,0,0,18.0,1,1,2,5,0,1,3,0,0.0,0,0,0,1,1
56,0,0,-1.03,-0.64,0,1,1,28.0,0,0,5,4,1,1,4,0,2.0,3,0,0,0,0
37,0,0,-0.42,-2.36,0,1,1,34.0,3,1,2,3,0,1,1,1,0.0,2,0,1,0,0
48,1,0,-0.77,-1.1,1,1,1,26.0,1,1,3,2,1,1,3,1,1.0,2,0,0,0,1
54,0,0,1.06,,0,1,2,38.0,1,1,4,3,1,1,3,0,2.0,2,1,1,0,0
42,0,0,0.19,0.39,1,1,2,28.0,6,0,5,5,1,1,5,0,2.0,3,0,1,1,0
25,1,0,1.84,-1.09,0,1,1,28.0,5,1,2,6,0,1,6,1,0.0,1,1,0,0,0
56,1,0,-0.39,-0.8,0,1,3,27.0,1,0,4,2,1,0,4,1,2.0,2,0,1,1,0
31,1,0,,0.81,0,1,3,35.0,5,1,5,4,1,1,3,0,1.0,2,0,1,0,0
51,0,0,-1.58,0.28,0,1,1,23.0,2,1,3,6,1,0,2,1,0.0,3,0,0,1,0
50,1,0,-1.95,1.02,0,1,0,28.0,7,1,2,2,1,0,2,0,0.0,1,0,0,1,0
47,0,0,-1.32,-0.13,1,1,2,26.0,0,0,4,7,1,1,2,1,2.0,1,0,0,0,0
51,0,0,1.74,-1.48,0,1,3,26.0,6,0,5,5,1,1,5,0,2.0,3,0,1,1,0
39,1,0,,2.03,0,1,1,29.0,6,1,3,4,1,0,2,1,2.0,1,0,0,0,0
27,0,0,0.12,0.58,0,1,3,28.0,0,0,4,5,1,1,4,1,2.0,3,1,1,0,0
51,0,0,-2.21,,0,1,1,35.0,1,1,3,6,0,0,2,1,1.0,2,0,1,0,0
43,1,1,-1.09,0.76,0,1,2,29.0,3,1,3,3,0,0,3,0,1.0,1,0,1,0,0
55,1,0,-3.81,0.01,1,1,0,32.0,6,1,2,4,0,0,2,1,0.0,1,0,0,1,1
35,0,0,0.25,1.28,0,1,2,30.0,5,0,5,2,1,1,5,1,1.0,3,0,1,0,0
29,0,0,-0.98,0.21,0,1,2,37.0,6,1,4,2,1,1,3,1,2.0,2,0,0,0,0
30,0,0,1.25,-0.52,1,1,2,27.0,6,1,3,3,1,1,1,0,1.0,1,1,1,0,1
49,0,0,0.95,0.33,0,1,3,27.0,6,1,5,3,1,1,5,0,2.0,1,0,1,1,0
27,1,1,-0.91,0.11,0,1,0,33.0,4,1,1,8,1,1,3,1,0.0,2,0,1,0,1
49,1,0,-1.31,-0.73,0,1,1,27.0,5,0,5,6,1,0,3,0,2.0,3,0,1,0,0
32,1,0,0.27,0.11,0,1,2,32.0,6,0,5,7,0,1,3,1,2.0,3,0,0,0,0
29,0,0,2.25,-1.15,0,1,3,43.0,2,0,5,2,1,1,3,1,2.0,3,0,0,0,1
36,1,0,-1.25,0.46,0,0,2,23.0,6,1,4,4,1,1,3,0,0.0,0,0,1,1,1
54,0,0,-1.12,0.11,0,1,2,38.0,0,0,5,2,1,1,5,0,2.0,2,0,1,1,0
26,1,1,-0.44,0.69,0,1,3,26.0,1,1,5,2,1,1,5,1,1.0,1,0,1,0,0
55,1,0,-0.67,0.82,1,1,1,37.0,6,1,2,6,0,0,5,0,0.0,1,0,0,1,0
56,0,0,-0.18,-0.85,0,0,1,33.0,3,1,2,4,0,1,3,0,0.0,2,1,1,0,1
28,0,0,0.1,0.17,1,1,1,33.0,1,0,4,10,1,1,5,1,0.0,3,0,1,0,0
36,1,0,-0.84,,1,1,0,28.0,1,1,2,7,1,0,3,1,0.0,0,1,1,0,0
50,1,0,-1.99,-0.91,1,1,1,27.0,5,1,1,6,0,0,4,0,0.0,2,1,1,1,0
40,1,0,2.29,-0.94,0,1,3,25.0,6,1,5,9,0,1,5,0,2.0,1,0,1,0,0
32,1,0,1.01,1.43,1,0,1,29.0,0,0,3,6,1,1,2,1,0.0,2,1,1,0,0
43,0,0,0.4,-0.36,1,0,2,28.0,0,0,5,6,1,1,6,0,2.0,2,0,0,0,0
32,1,0,0.13,-1.28,0,1,0,30.0,4,1,1,5,0,0,2,0,0.0,2,1,1,0,1
24,0,0,-0.76,,1,0,1,21.0,7,1,3,6,0,1,1,1,0.0,1,0,1,0,0
28,0,0,-2.11,0.41,1,1,1,29.0,2,0,3,4,0,0,4,0,0.0,2,0,0,0,0
56,1,1,-0.62,-0.74,1,1,1,37.0,7,1,1,6,0,0,3,0,0.0,0,1,1,0,1
48,0,0,-1.79,-0.8,0,1,2,35.0,6,0,4,4,1,0,5,1,0.0,3,0,0,0,0
53,0,0,1.09,-0.11,1,1,0,29.0,2,1,1,5,1,0,2,0,0.0,3,1,0,0,0
56,0,0,-2.22,0.53,0,1,1,44.0,6,1,2,8,0,0,4,0,0.0,3,0,1,1,0
30,1,0,0.93,0.36,0,0,1,26.0,6,1,3,6,0,1,2,1,0.0,3,0,0,0,0
44,1,0,2.2,-0.56,0,1,3,28.0,5,0,5,5,1,0,3,1,2.0,1,0,0,1,0
36,1,0,-2.1,-1.19,0,1,2,20.0,3,0,3,4,1,0,3,0,2.0,3,0,0,0,0
33,1,0,-2.8,-1.23,0,0,1,27.0,6,1,1,6,0,0,4,0,0.0,1,0,1,0,1
36,0,0,-0.32,0.15,0,0,1,40.0,6,1,2,6,0,0,3,1,0.0,2,1,1,1,0
30,0,0,1.39,0.43,0,1,3,27.0,6,1,3,7,1,1,3,0,0.0,1,1,0,0,0
44,1,0,0.87,-0.42,0,1,3,20.0,7,1,5,9,1,0,4,1,,3,0,1,0,0
30,0,0,-2.22,-1.41,1,0,0,34.0,4,1,1,4,0,0,2,0,0.0,0,0,1,0,0
28,1,1,0.54,-1.39,0,1,2,31.0,6,1,2,7,0,0,6,0,0.0,2,0,0,0,0
31,0,0,2.5,-0.01,0,1,2,34.0,6,0,5,5,1,1,5,0,2.0,2,0,1,0,0
46,0,0,-1.02,0.75,0,1,3,27.0,1,1,5,6,0,0,5,0,2.0,3,0,1,1,0
43,1,0,-0.23,-0.78,0,1,1,23.0,0,0,3,3,1,1,2,1,0.0,1,1,0,0,0
53,0,1,-1.03,0.79,1,0,0,28.0,3,1,1,7,0,1,0,1,0.0,1,1,1,0,1
59,1,0,-0.84,-1.15,1,0,2,32.0,6,1,3,5,1,0,4,0,1.0,2,1,0,1,0
32,0,0,-1.91,-0.97,0,1,1,,2,1,2,4,1,0,2,0,0.0,2,1,0,0,1
57,0,0,-2.33,-0.42,0,1,1,31.0,6,1,1,7,1,0,1,0,0.0,1,1,1,0,0
34,0,0,-1.97,0.21,0,1,3,26.0,0,0,5,7,1,1,5,1,1.0,2,0,0,0,0
27,1,0,0.92,,0,1,2,32.0,3,1,5,6,1,1,3,0,1.0,3,1,0,0,0
53,0,0,-1.84,0.0,1,1,0,29.0,5,1,1,4,1,0,5,0,0.0,1,0,1,1,0
31,1,0,1.84,0.28,0,1,2,25.0,1,1,5,9,0,0,3,1,1.0,2,0,1,0,0
33,0,1,,1.01,1,1,0,30.0,7,1,2,5,1,0,4,0,0.0,2,0,0,0,0
48,0,0,-0.61,-0.03,0,1,2,27.0,1,1,3,3,1,0,4,0,0.0,1,0,0,1,0
52,1,0,1.59,-0.27,1,1,2,33.0,7,1,5,3,1,1,3,1,0.0,3,0,0,1,0
48,0,1,,0.3,1,1,2,34.0,1,1,3,4,0,1,3,0,0.0,3,1,0,0,0
29,0,0,,-1.96,0,1,2,32.0,7,1,2,5,0,0,4,1,0.0,2,0,0,0,1
31,1,0,0.39,-1.4,0,0,1,19.0,5,1,4,7,0,0,4,0,1.0,2,0,0,0,0
42,0,0,-1.09,0.88,0,1,1,23.0,0,0,4,2,1,0,2,1,1.0,2,0,0,0,0
58,1,0,0.25,-0.48,0,1,3,25.0,0,0,5,2,0,1,5,1,,0,0,1,1,0
30,0,0,0.24,-0.82,0,1,3,24.0,0,0,4,3,1,1,4,0,2.0,0,0,0,0,0
45,1,0,-0.41,0.42,1,1,1,26.0,5,1,4,5,1,1,3,0,2.0,2,1,0,0,1
59,1,0,-0.7,-0.39,0,1,1,35.0,6,1,1,9,0,0,1,0,0.0,2,1,1,1,0
43,0,0,-0.63,0.77,0,0,0,,3,0,2,5,1,1,2,0,0.0,1,1,1,1,1
33,0,0,-1.08,-0.68,1,1,0,26.0,3,1,1,3,1,0,2,1,0.0,0,0,1,0,1
53,0,0,-1.38,1.09,0,1,2,33.0,5,1,2,5,0,1,3,0,0.0,0,1,0,0,1
30,0,0,,-0.61,0,1,3,31.0,5,1,1,8,0,1,6,1,0.0,2,0,0,0,0
37,1,0,-1.56,0.83,0,1,1,29.0,6,0,3,4,1,0,2,1,1.0,1,1,1,1,0
30,0,0,,-0.77,1,1,0,36.0,4,1,1,5,0,0,3,0,0.0,2,1,0,0,1
49,0,0,0.63,-0.76,1,1,2,25.0,6,0,5,4,1,1,5,0,2.0,3,0,1,1,0
59,0,0,0.83,-0.33,1,0,1,29.0,7,1,1,3,1,0,3,0,0.0,0,0,0,0,0
57,0,0,,-0.07,0,1,1,23.0,3,0,2,8,1,0,3,0,0.0,1,0,1,0,0
26,0,0,1.29,-0.04,1,0,2,23.0,0,0,5,5,1,1,5,0,,3,0,1,0,0
58,0,0,,-0.72,1,1,2,21.0,1,1,5,6,1,1,4,0,2.0,2,0,1,1,0
45,0,0,-1.1,1.25,0,1,1,23.0,5,1,2,4,0,0,1,1,0.0,1,1,1,0,0
25,1,0,-1.13,0.06,0,1,1,29.0,3,1,2,4,0,0,3,0,0.0,2,1,1,0,0
28,0,0,0.18,-2.22,0,1,1,27.0,7,1,4,4,1,1,2,1,0.0,2,0,0,0,0
26,0,0,-0.84,0.26,1,1,2,27.0,5,0,5,4,1,1,6,1,2.0,2,0,1,0,0
40,1,0,0.5,0.49,0,1,2,27.0,5,0,4,2,1,0,2,1,1.0,1,0,1,0,1
49,0,0,-0.54,-2.18,0,1,1,40.0,6,1,2,6,1,0,2,1,0.0,1,1,0,1,0
40,0,0,-0.53,-0.81,0,1,1,22.0,2,1,3,4,1,1,3,0,1.0,1,1,1,0,1
24,1,0,-1.82,0.66,1,1,1,22.0,6,1,1,4,0,0,2,0,0.0,2,0,0,0,0
34,1,0,-2.26,0.14,1,1,2,24.0,0,0,4,4,1,1,5,0,2.0,2,1,0,0,0
47,0,0,-0.8,0.22,0,1,1,29.0,5,1,5,5,1,1,4,1,2.0,2,0,0,1,0
41,1,0,0.66,-1.22,0,1,3,32.0,7,1,4,6,1,0,5,0,2.0,2,1,1,0,0
53,1,0,-2.61,-0.96,1,1,2,33.0,6,1,3,4,0,0,1,1,1.0,1,1,1,0,0
51,0,0,-3.13,-1.62,0,1,0,35.0,6,1,1,6,1,1,2,0,0.0,2,0,1,1,0
27,0,0,-1.28,-2.07,1,1,1,28.0,3,0,2,6,1,1,2,0,0.0,1,0,1,0,1
49,0,0,-1.7,-2.66,0,1,1,27.0,6,0,3,5,0,1,5,0,0.0,3,0,1,1,0
24,0,0,3.33,2.06,0,1,2,39.0,5,0,4,2,1,0,3,0,2.0,3,0,1,0,1
25,0,0,-0.9,-0.99,0,1,1,15.0,5,1,1,8,1,0,4,0,0.0,1,1,1,0,1
42,0,0,-0.83,0.26,0,1,2,29.0,0,0,4,3,1,1,6,1,1.0,0,0,1,0,0
59,0,0,1.16,1.19,0,1,2,32.0,1,0,5,6,1,0,2,1,2.0,3,0,0,0,0
59,0,0,-0.81,0.05,0,1,1,40.0,5,1,3,3,1,1,5,0,1.0,1,1,1,1,0
51,1,0,-0.1,-0.04,0,1,3,19.0,0,0,5,6,1,0,5,1,2.0,0,0,0,1,0
43,1,0,0.92,0.1,1,1,1,26.0,6,1,1,7,0,0,3,0,0.0,1,1,1,0,0
50,1,0,-3.73,1.79,0,1,0,21.0,6,1,1,4,0,0,4,0,0.0,1,0,1,0,0
59,1,1,,-0.12,1,1,1,18.0,7,0,2,3,1,1,1,1,0.0,0,1,0,0,0
59,0,0,,-1.72,1,1,1,28.0,1,1,1,3,0,0,4,0,0.0,0,0,0,1,0
49,0,0,-1.47,-1.12,0,1,2,34.0,7,0,4,7,1,1,4,0,0.0,1,0,1,0,0
31,0,0,-1.11,-0.89,0,1,3,36.0,0,0,5,2,1,1,3,0,2.0,2,0,0,0,0
34,0,1,-0.58,-1.06,0,1,2,26.0,4,1,1,10,1,0,5,0,0.0,2,1,0,0,1
36,0,1,-1.65,-1.23,0,1,2,33.0,6,0,4,3,1,1,4,0,1.0,2,0,1,0,0
32,0,1,-0.23,-0.54,0,1,2,28.0,0,0,5,2,1,1,2,0,1.0,3,0,1,0,0
58,0,0,-0.44,-0.11,1,1,2,32.0,0,0,5,2,1,1,4,0,2.0,2,0,1,1,0
45,1,0,0.1,,0,0,1,36.0,0,0,5,6,1,1,4,1,2.0,2,0,1,1,0
38,0,0,-0.92,-1.08,0,1,2,28.0,5,1,2,4,1,1,4,1,1.0,3,1,0,0,0
35,1,0,0.81,0.64,0,1,2,35.0,6,0,5,4,1,1,5,1,,3,0,1,0,0
53,1,0,1.09,0.29,0,1,3,22.0,1,1,5,7,1,1,4,0,2.0,2,1,1,0,0
32,0,0,-1.99,0.42,0,0,1,33.0,1,1,1,7,0,0,2,1,0.0,2,0,1,0,1
50,1,0,,,1,1,2,,5,1,5,5,1,1,4,0,1.0,2,1,0,1,0
38,0,0,-1.12,,1,1,1,35.0,2,1,2,2,1,0,5,0,0.0,1,0,1,0,0
25,1,0,-1.49,-1.72,0,1,2,22.0,6,1,2,6,0,0,3,0,0.0,1,0,1,0,1
43,1,0,-1.79,1.16,0,0,1,28.0,7,1,2,5,0,0,2,0,0.0,3,1,0,0,0
27,0,0,-2.74,-0.89,1,1,1,31.0,6,1,3,3,0,1,3,1,0.0,2,1,0,0,1
57,0,0,-1.59,-1.36,0,0,0,32.0,6,0,2,4,1,0,3,1,0.0,2,0,1,0,0
31,0,0,-0.92,-0.31,0,1,1,30.0,5,1,2,2,0,1,3,1,0.0,1,0,0,0,0
58,1,0,-0.69,2.11,0,1,3,38.0,6,0,5,2,1,1,5,0,2.0,1,0,0,1,0
47,0,0,-0.66,-0.79,0,1,2,21.0,1,1,3,6,0,1,4,1,1.0,1,0,1,1,0
50,1,0,0.74,-0.62,0,1,3,28.0,0,0,5,5,1,1,4,1,2.0,1,0,0,1,0
28,1,0,0.81,,0,1,2,19.0,6,1,2,4,0,0,2,1,0.0,1,1,0,0,0
32,0,0,1.76,0.29,1,1,3,33.0,0,0,5,2,1,1,6,1,2.0,2,0,0,0,0
24,0,0,-0.76,0.05,0,1,3,32.0,7,0,5,2,0,1,5,1,1.0,1,1,1,0,0
40,0,0,-1.09,-0.5,0,1,3,49.0,6,1,4,5,1,0,5,0,1.0,3,0,1,1,0
34,1,0,-2.34,0.18,0,1,1,35.0,7,1,3,6,0,0,3,0,1.0,3,1,1,0,0
27,1,1,0.21,-2.73,0,1,3,31.0,3,1,4,6,1,1,3,0,2.0,3,0,0,0,0
35,1,0,-0.54,-0.44,0,1,1,31.0,4,1,3,3,1,0,3,0,0.0,0,1,1,0,1
44,0,0,1.62,-1.21,0,1,3,27.0,6,1,5,4,1,1,5,0,2.0,1,0,0,1,0
43,0,0,-0.17,1.43,0,1,2,30.0,2,1,4,7,1,1,4,1,2.0,2,0,0,0,0
47,1,0,-1.02,1.01,1,1,2,31.0,5,0,4,4,1,1,3,1,2.0,3,0,1,0,0
53,0,0,-1.1,0.49,0,1,2,17.0,6,1,1,4,0,0,3,0,0.0,0,0,1,1,0
38,1,0,-1.07,1.79,1,1,2,30.0,7,1,2,4,1,0,3,0,0.0,1,1,1,1,0
55,0,0,-1.8,2.46,1,1,1,30.0,6,1,2,2,0,0,1,1,0.0,1,1,1,0,0
31,0,0,,-0.04,1,1,1,40.0,1,1,4,7,1,1,4,0,1.0,1,0,0,0,0
42,0,1,-2.85,-0.84,0,0,0,28.0,4,1,1,8,0,0,2,0,0.0,2,0,1,0,1
59,0,0,1.44,0.77,0,1,2,24.0,5,0,5,2,1,1,4,0,2.0,3,0,1,1,0
24,0,0,-3.17,0.34,1,1,1,31.0,1,1,1,6,0,0,5,0,1.0,1,1,0,0,1
25,1,0,0.19,-2.66,0,1,1,29.0,3,1,1,2,0,0,2,0,0.0,1,0,1,0,1
43,0,0,-0.96,-0.32,0,1,2,28.0,2,0,4,3,1,1,3,0,1.0,2,0,0,0,1
50,1,0,-4.16,-1.1,0,1,2,21.0,1,1,2,5,1,0,0,1,0.0,0,1,1,1,1
28,0,0,-3.11,0.13,1,1,2,28.0,5,1,1,5,0,0,3,1,0.0,1,0,0,0,1
48,1,0,-1.05,0.25,0,1,1,26.0,1,1,2,6,0,0,1,1,0.0,0,0,1,0,0
25,0,0,-1.68,-0.27,1,1,1,28.0,5,1,1,3,0,0,5,0,0.0,1,0,1,0,1
44,1,0,-0.28,-0.82,0,1,1,33.0,1,1,3,4,1,0,4,0,0.0,2,0,0,0,1
31,0,1,-1.74,-0.67,1,1,1,25.0,6,0,3,4,1,1,3,0,0.0,1,0,1,0,0
30,0,1,-0.96,1.64,1,1,0,28.0,1,1,2,3,0,0,1,0,0.0,2,1,0,0,1
59,1,0,-0.96,-2.62,0,1,1,32.0,7,1,2,4,0,0,5,0,0.0,2,0,0,0,0
54,1,0,0.59,,0,0,2,27.0,0,0,5,6,0,1,6,1,2.0,2,0,1,1,0
36,1,0,0.69,1.91,0,1,1,45.0,5,1,5,5,1,1,6,0,2.0,3,0,0,1,0
45,0,1,-0.3,-0.2,0,1,2,30.0,3,0,4,8,1,0,4,0,1.0,1,1,1,1,0
59,0,0,-0.57,0.61,0,1,3,22.0,2,0,4,4,0,1,3,0,2.0,1,0,1,0,0
48,0,0,0.67,-0.91,0,1,1,24.0,4,0,2,4,0,0,1,1,0.0,2,0,0,0,1
50,0,0,-0.98,-0.29,0,1,0,23.0,6,1,3,6,0,0,0,1,1.0,2,1,0,1,0
49,1,0,-1.22,-0.49,0,1,2,24.0,7,0,4,4,0,1,6,0,1.0,2,1,0,0,0
42,1,0,-1.02,,0,1,1,32.0,2,1,4,5,1,1,3,1,0.0,1,0,1,1,1
28,0,0,-0.9,0.43,0,1,0,22.0,1,1,1,3,0,0,2,0,0.0,0,1,1,0,1
24,1,0,0.33,-1.06,1,0,2,27.0,6,1,2,4,1,0,4,0,0.0,2,1,1,0,0
40,1,0,0.09,0.02,0,0,0,36.0,5,0,4,4,0,1,3,1,,0,1,1,1,1
44,1,0,0.02,-0.52,0,1,1,26.0,1,1,3,8,0,0,5,0,0.0,2,1,0,0,0
52,1,1,-2.11,1.68,0,1,1,33.0,6,1,1,7,0,1,1,0,0.0,1,0,1,0,0
25,0,0,-0.09,0.81,1,0,0,19.0,5,1,1,5,1,1,3,0,0.0,1,0,1,0,1
38,0,0,-0.52,-0.78,0,1,1,27.0,6,1,4,8,1,1,3,1,2.0,1,0,1,0,0
36,0,0,-1.08,1.19,0,0,3,24.0,3,0,3,2,1,1,3,0,2.0,3,0,0,1,0
50,0,0,-3.39,0.12,0,1,1,31.0,3,0,1,5,1,0,3,1,0.0,1,0,0,0,0
44,1,0,0.47,1.08,0,1,3,23.0,1,1,4,2,1,0,4,0,2.0,3,0,1,1,1
37,1,0,-1.27,0.84,0,1,2,41.0,6,1,3,3,0,0,4,1,0.0,3,0,0,0,0
49,0,1,-2.35,,0,1,2,19.0,1,1,3,7,0,0,2,0,0.0,0,0,0,0,0
52,1,0,-2.29,0.38,0,1,2,36.0,6,0,2,5,0,0,2,0,0.0,2,1,1,1,0
46,0,0,0.36,-0.25,0,1,3,34.0,6,1,2,6,1,0,6,1,0.0,0,1,0,0,0
54,0,0,-0.33,1.91,1,1,1,31.0,6,1,4,8,1,1,3,0,1.0,1,0,1,1,0
43,1,1,-0.88,-1.12,0,1,1,29.0,0,0,2,5,1,0,4,1,1.0,0,0,1,0,0
54,0,0,-1.44,0.45,0,1,1,40.0,2,1,1,3,1,0,3,0,0.0,1,0,1,0,0
50,1,0,-1.29,-2.09,0,1,0,44.0,4,1,1,6,1,1,1,0,0.0,1,0,0,0,1
47,0,1,-1.37,1.98,0,0,2,28.0,5,1,2,4,0,0,4,0,0.0,2,0,1,0,0
41,0,0,-2.31,0.39,0,1,1,30.0,7,1,2,3,0,0,2,0,0.0,2,0,1,0,0
42,0,0,0.93,-0.47,0,1,3,26.0,3,0,5,8,1,1,4,1,2.0,3,0,0,0,0
48,1,0,-1.22,1.42,0,1,3,22.0,6,1,4,5,1,1,5,1,1.0,2,0,1,0,0
54,0,0,-1.07,1.66,0,1,3,32.0,1,1,3,7,1,0,3,1,2.0,1,0,0,0,0
50,0,0,-0.33,0.3,0,1,1,30.0,3,1,3,5,1,0,2,1,0.0,1,1,1,0,0
37,0,0,1.03,-0.14,0,1,2,19.0,0,0,5,3,1,1,4,1,1.0,1,1,0,0,0
25,0,0,-1.68,-1.35,1,1,1,,6,1,2,8,0,1,2,0,1.0,2,1,1,0,0
58,0,0,-0.16,-1.28,0,1,2,31.0,1,1,1,5,0,0,3,0,0.0,1,0,1,0,0
33,0,0,-0.96,-1.56,0,0,0,25.0,2,1,1,3,0,0,3,0,0.0,2,0,1,0,0
53,0,0,-1.22,0.95,0,1,1,25.0,6,0,2,9,1,1,4,0,0.0,0,0,0,0,0
27,0,0,-1.22,1.0,0,1,0,32.0,5,1,2,2,1,0,2,1,0.0,3,1,1,0,1
33,0,0,-0.12,-1.06,1,1,3,39.0,0,0,5,5,1,0,5,0,0.0,2,1,0,0,0
24,1,1,-1.21,1.04,1,1,1,31.0,0,0,2,4,1,1,3,1,0.0,1,1,1,0,1
37,0,0,0.94,-0.35,1,1,2,34.0,5,0,4,3,0,0,4,1,2.0,3,0,1,0,0
27,1,0,-1.0,-0.87,1,1,0,24.0,2,1,1,2,0,1,2,1,0.0,2,0,0,0,1
56,1,0,-1.5,0.19,1,1,1,27.0,1,1,1,7,1,0,2,0,0.0,2,1,1,1,0
38,0,0,-1.86,-0.36,0,1,0,33.0,5,1,1,7,0,0,3,0,0.0,2,0,0,1,0
33,1,0,-0.81,,0,0,1,21.0,2,0,2,3,0,0,3,1,0.0,3,0,1,0,0
35,0,0,-0.71,-0.33,1,1,2,30.0,5,0,5,3,0,1,6,0,,1,0,1,0,0
26,1,0,-3.01,-1.6,1,0,1,32.0,3,1,2,6,0,1,1,0,0.0,3,0,1,0,1
31,1,0,0.79,-1.8,0,1,1,29.0,1,1,4,6,0,1,3,0,0.0,0,1,1,0,0
26,1,1,-1.47,-0.85,0,1,2,31.0,1,1,2,7,1,0,3,0,0.0,2,1,0,0,0
24,1,0,-1.03,-0.3,0,1,2,29.0,2,1,2,6,0,0,2,0,0.0,2,1,0,0,1
55,1,0,1.39,-1.33,0,0,2,25.0,0,0,5,6,1,1,5,0,2.0,2,0,0,0,0
48,0,0,,-0.22,0,1,1,22.0,2,0,1,8,1,0,2,1,0.0,2,1,1,1,0
37,1,0,0.11,0.04,0,1,2,28.0,7,1,4,10,1,1,5,1,1.0,1,1,1,1,0
33,1,0,-0.17,0.74,0,1,2,37.0,6,1,5,10,1,0,2,1,1.0,2,1,1,0,0
31,0,0,0.39,-0.16,0,1,3,35.0,3,0,5,5,1,1,4,0,2.0,2,0,1,0,0
37,1,0,-1.59,0.6,0,1,0,,5,0,3,4,1,1,3,0,0.0,1,0,1,0,1
33,1,0,1.03,0.85,0,1,3,27.0,5,0,5,2,1,1,6,0,2.0,3,0,0,0,0
53,1,0,1.07,-1.76,0,1,1,26.0,6,1,2,5,0,1,3,0,0.0,2,0,0,1,0
45,0,0,-2.42,1.48,0,0,0,26.0,2,1,1,11,0,1,2,0,0.0,0,0,1,0,0
27,1,0,0.2,1.04,0,1,3,31.0,2,1,2,5,0,0,3,1,1.0,2,1,0,0,0
39,1,0,-0.83,-0.49,0,1,1,35.0,2,1,2,2,1,0,1,1,0.0,2,0,1,0,0
29,1,0,-0.18,-1.08,0,1,2,43.0,0,0,3,4,1,0,3,0,1.0,1,1,0,0,1
29,1,0,0.15,0.82,1,0,2,24.0,3,1,4,4,1,1,5,1,1.0,0,0,0,0,0
46,1,0,-2.63,-0.97,0,1,1,33.0,6,1,1,6,0,0,4,1,0.0,0,1,0,0,1
41,1,0,-1.88,,0,1,1,32.0,7,1,2,2,0,1,1,0,0.0,2,0,0,1,0
30,1,1,-1.97,,0,1,1,27.0,1,1,1,6,0,0,2,0,,0,0,1,0,1
47,0,1,-0.28,0.34,0,0,1,23.0,4,1,1,9,0,0,2,0,0.0,2,1,1,0,1
40,1,1,-2.04,1.2,1,1,1,31.0,3,1,1,5,0,0,2,0,1.0,1,1,1,0,0
38,1,0,,1.0,1,0,0,42.0,4,1,1,3,0,0,3,1,0.0,1,1,0,0,0
24,0,0,-1.06,-0.43,1,1,0,31.0,5,1,2,5,0,0,4,0,0.0,1,0,0,0,1
46,1,0,-0.08,-0.11,0,1,2,24.0,0,0,5,5,1,1,5,1,2.0,2,0,0,1,0
33,1,0,0.16,-0.1,0,0,3,28.0,6,0,5,6,1,1,5,1,2.0,2,0,1,0,0
49,1,0,-1.54,-0.75,0,1,2,22.0,7,1,3,3,1,0,2,1,1.0,3,0,0,0,0
35,1,0,-1.0,-0.86,0,0,2,29.0,6,1,2,7,1,0,3,0,0.0,2,0,1,0,1
47,1,0,-1.59,-0.62,0,1,0,33.0,6,1,2,3,1,1,2,0,0.0,3,0,1,0,1
46,1,0,-0.3,1.86,0,1,3,25.0,5,1,4,3,0,1,4,0,0.0,2,0,0,0,0
29,1,0,,-1.04,0,1,2,15.0,3,1,2,5,0,0,5,1,0.0,0,1,1,0,0
27,1,0,1.71,0.2,0,1,2,31.0,1,1,4,8,1,0,4,0,1.0,2,0,0,0,0
39,1,0,-1.97,0.66,0,0,3,26.0,5,0,5,4,1,1,5,1,2.0,2,0,1,0,0
33,1,0,,,1,1,1,24.0,0,0,3,4,1,1,4,1,0.0,1,0,1,0,0
56,1,0,-0.7,0.04,0,1,1,24.0,6,1,1,7,0,0,2,0,0.0,1,1,1,0,0
28,1,1,-0.67,-0.46,0,1,0,31.0,3,1,2,3,0,0,2,0,0.0,2,1,0,0,0
29,1,1,0.16,-1.24,1,1,1,27.0,3,1,1,3,0,0,5,0,0.0,1,0,1,0,1
41,0,1,-1.62,-1.07,0,0,2,35.0,3,1,2,7,1,1,5,0,0.0,1,0,1,0,1
55,1,0,-0.23,,0,1,3,,7,1,4,6,1,1,4,0,2.0,3,0,0,1,0
39,0,0,-0.61,-0.57,0,1,1,27.0,1,1,1,4,0,0,1,0,0.0,0,0,0,0,0
40,0,0,1.45,0.0,0,1,2,26.0,1,0,5,2,1,1,5,1,2.0,1,0,1,0,0
56,0,0,-2.48,0.4,0,1,1,,1,1,2,7,0,0,3,0,0.0,1,1,1,1,1
45,1,0,0.06,-0.59,0,1,2,28.0,6,1,5,2,0,1,3,1,2.0,3,0,1,0,0
55,1,1,-0.51,0.28,0,1,1,18.0,7,0,3,3,1,1,5,1,0.0,2,1,1,1,0
35,1,1,-1.7,0.86,1,1,2,40.0,2,1,2,2,0,1,5,1,0.0,0,1,1,0,1
30,0,0,-0.54,-2.09,1,0,2,33.0,7,1,1,5,0,0,3,0,0.0,1,0,1,0,1
50,0,0,-2.04,-0.08,0,1,0,26.0,2,1,1,2,0,0,2,0,0.0,0,0,1,0,1
33,0,0,1.02,1.42,0,1,2,18.0,6,1,4,2,1,1,2,1,1.0,3,0,1,0,0
30,1,0,-2.19,0.48,0,1,2,28.0,0,0,5,3,1,1,4,0,,1,0,1,0,0
46,0,0,-1.05,,1,1,1,25.0,4,1,3,6,0,0,3,0,0.0,1,0,1,0,0
51,1,0,-0.32,0.44,1,1,1,29.0,6,0,2,7,0,1,4,1,0.0,2,0,0,0,0
56,0,0,-0.56,-0.54,0,1,3,16.0,5,1,4,9,1,0,4,0,1.0,2,0,0,0,0
29,1,0,-0.21,0.62,0,1,1,26.0,2,1,1,2,0,0,2,0,0.0,2,0,0,0,0
55,1,1,-1.24,0.29,1,1,2,27.0,6,0,2,3,1,1,4,1,1.0,2,1,1,1,0
30,0,0,-0.4,1.81,1,1,1,28.0,7,1,3,3,0,0,3,1,0.0,2,0,0,0,0
48,1,0,-0.1,-0.8,0,0,1,28.0,4,0,3,5,1,0,4,1,1.0,1,1,1,0,0
24,0,0,-0.81,0.35,0,1,1,29.0,5,1,3,4,0,1,4,0,1.0,2,1,1,0,1
42,1,0,,-0.36,0,1,2,38.0,6,1,4,8,1,1,4,0,0.0,2,0,1,1,0
55,1,0,2.01,0.17,0,1,3,26.0,2,0,5,4,1,1,5,0,1.0,3,0,0,0,0
30,0,0,1.56,-0.79,0,1,3,24.0,6,0,5,6,0,1,5,0,2.0,3,0,1,0,0
54,1,0,-0.21,1.06,0,1,2,19.0,2,1,1,7,0,0,5,1,1.0,1,1,1,0,0
26,0,0,-0.43,0.3,0,1,3,26.0,6,0,5,5,1,1,5,0,2.0,3,0,1,0,0
38,1,0,0.35,0.09,0,1,2,21.0,1,0,5,6,1,1,5,0,0.0,1,0,1,0,0
30,0,1,-3.24,,0,1,1,35.0,2,0,3,7,1,0,3,1,1.0,3,0,0,0,0
24,0,0,-2.99,1.27,0,1,1,28.0,5,1,1,6,1,0,3,0,0.0,3,1,1,0,1
33,1,0,1.73,2.01,1,1,2,35.0,5,1,1,7,1,0,4,1,0.0,2,1,1,0,0
57,1,0,-2.4,-1.02,0,0,1,38.0,6,1,2,6,0,1,3,0,0.0,3,1,1,1,1
56,1,0,-0.66,0.76,0,1,1,24.0,7,1,5,4,1,1,3,0,1.0,2,1,1,1,0
30,1,0,-0.28,0.86,1,1,3,27.0,1,1,3,2,1,1,4,0,1.0,2,0,1,0,0
43,0,0,-0.2,-0.19,0,1,2,37.0,2,0,3,4,1,1,3,0,1.0,0,0,1,1,1
29,0,0,-1.19,-0.9,0,1,1,30.0,3,1,1,8,0,0,4,0,0.0,1,1,1,0,1
56,1,0,-1.76,0.32,1,0,0,32.0,4,1,1,5,0,0,1,0,0.0,0,1,1,0,1
31,1,0,-0.87,-1.61,0,1,1,35.0,4,1,3,9,1,0,2,0,0.0,1,0,0,0,0
55,1,0,0.49,0.23,0,1,2,34.0,6,1,2,6,1,1,3,0,0.0,2,0,1,1,0
33,1,0,0.72,-0.63,1,1,3,31.0,6,1,5,3,1,1,4,1,2.0,3,0,1,0,0
29,1,0,0.62,0.11,0,1,2,37.0,0,0,5,2,1,1,4,0,2.0,3,1,0,0,0
57,1,0,-2.76,-2.17,0,1,1,29.0,4,0,4,5,0,0,5,0,1.0,1,0,1,1,0
28,0,0,-0.37,-1.21,1,1,1,32.0,5,1,2,4,0,1,5,0,1.0,2,0,1,0,0
46,1,0,-1.04,-2.67,0,0,1,28.0,4,1,1,6,0,0,5,0,0.0,3,1,0,1,0
46,1,0,,2.49,1,1,2,35.0,1,1,2,6,0,0,2,1,1.0,2,1,1,0,0
36,1,0,0.78,-1.7,0,1,0,25.0,3,1,1,3,1,0,4,0,0.0,0,1,0,0,0
49,1,0,-2.22,0.86,0,0,1,19.0,3,1,4,5,1,1,2,1,2.0,2,0,0,1,0
51,1,0,-0.42,,0,1,2,33.0,1,0,4,3,1,1,5,0,2.0,3,0,1,1,0
46,1,0,0.98,-2.4,0,1,2,23.0,6,1,4,3,1,0,5,0,0.0,2,0,0,1,0
51,0,0,-0.57,0.16,0,1,1,22.0,3,1,3,3,1,1,5,1,0.0,1,0,1,0,0
33,1,0,,2.4,1,1,0,37.0,5,1,2,4,0,1,1,0,0.0,1,0,1,0,0
32,1,0,0.54,-0.96,0,1,0,35.0,5,0,2,7,1,1,3,0,0.0,1,0,1,0,1
41,1,1,-2.84,1.82,0,1,2,27.0,6,0,4,4,1,0,5,0,,1,0,1,0,0
30,1,0,-1.76,1.95,0,1,2,15.0,1,0,4,8,1,0,4,1,0.0,2,0,1,0,0
28,1,0,,-1.09,0,0,3,32.0,1,1,4,6,1,1,4,1,1.0,3,1,0,0,0
29,0,0,-1.71,-1.83,0,0,2,33.0,2,0,3,3,0,1,5,1,1.0,2,0,0,0,0
25,0,0,-1.04,-0.88,0,1,1,32.0,3,1,3,2,1,0,3,1,0.0,1,0,0,0,0
36,1,1,-1.93,1.15,0,1,1,32.0,2,1,5,7,1,1,3,0,1.0,1,0,1,1,0
34,0,0,-0.3,-2.04,0,1,2,28.0,6,0,4,2,0,1,4,0,2.0,3,0,0,0,0
25,0,0,,0.47,0,1,2,27.0,2,1,4,3,1,0,4,0,2.0,2,0,1,0,0
48,0,0,-1.83,,0,1,3,22.0,0,0,5,5,1,1,5,0,2.0,1,0,0,1,0
39,0,0,0.27,-0.6,0,1,3,25.0,3,0,5,3,1,1,4,1,1.0,3,0,1,1,0
34,1,0,-2.88,-0.59,1,1,0,31.0,6,1,3,7,1,1,3,1,0.0,3,0,1,0,0
31,0,0,1.88,-0.2,0,1,1,31.0,6,1,4,4,1,0,4,0,2.0,2,1,0,0,0
41,1,0,,-0.09,0,1,1,,6,1,2,2,0,1,4,0,0.0,3,1,0,1,0
51,0,0,0.05,1.54,0,1,2,21.0,5,0,3,2,1,0,3,1,1.0,2,0,1,1,1
25,1,0,-1.0,-0.68,0,0,0,19.0,6,1,1,4,0,0,2,0,0.0,2,1,0,0,0
35,1,0,0.15,-0.04,0,1,3,27.0,6,0,5,3,1,1,5,0,2.0,1,0,1,0,0
38,0,0,-1.85,0.36,1,1,0,23.0,2,1,1,12,0,0,2,0,0.0,1,1,1,0,0
47,1,0,-1.73,-0.93,0,1,2,30.0,5,0,5,3,1,1,4,0,2.0,1,0,1,1,0
53,1,0,,1.51,0,1,2,21.0,6,1,3,6,1,0,3,0,0.0,2,0,0,0,0
48,0,0,-1.31,-0.85,1,1,3,36.0,3,1,4,2,1,1,3,1,1.0,1,0,1,1,0
46,0,0,,0.37,0,1,2,24.0,6,0,3,2,1,0,4,1,1.0,2,0,0,0,0
52,0,0,-1.74,-1.12,0,1,0,39.0,4,1,1,4,1,1,2,0,0.0,3,0,0,1,0
46,1,0,0.68,-0.1,0,1,3,32.0,5,1,3,4,1,0,4,1,1.0,1,0,1,0,0
41,0,0,2.24,1.98,0,1,2,23.0,0,0,4,6,1,1,4,1,1.0,0,0,0,0,0
48,0,0,-1.97,0.0,1,1,1,42.0,6,1,1,2,0,1,1,0,0.0,2,0,1,0,1
38,0,0,0.0,-0.64,0,1,2,31.0,6,1,5,4,1,0,4,1,1.0,2,0,1,1,0
56,0,0,0.64,-1.03,1,1,2,30.0,1,0,3,3,1,0,6,1,1.0,1,0,0,1,0
33,1,0,0.19,1.0,0,1,0,29.0,3,1,1,7,1,0,4,0,0.0,2,0,0,0,0
47,1,0,-0.56,0.43,0,1,2,32.0,0,0,4,5,1,1,4,0,1.0,2,0,0,0,0
24,0,0,-0.14,-0.45,0,1,3,32.0,0,0,5,4,1,1,5,1,2.0,2,0,0,0,0
50,1,0,0.14,0.84,0,0,0,24.0,7,0,1,3,0,0,3,1,0.0,0,1,1,0,0
29,1,1,-3.37,-1.52,1,0,1,28.0,4,1,3,6,0,1,3,0,0.0,2,0,0,0,1
44,0,0,0.08,-1.06,0,1,1,30.0,3,0,2,5,0,0,3,1,0.0,1,1,1,0,1
31,1,0,-1.67,-0.25,1,1,1,32.0,2,1,3,6,1,1,3,1,0.0,2,0,1,0,0
25,1,1,-1.67,-0.56,0,0,0,33.0,7,1,1,4,0,0,3,1,0.0,2,0,0,0,1
47,1,1,-0.44,-1.7,0,1,3,30.0,2,0,5,7,1,1,4,0,2.0,1,0,1,1,0
48,1,0,-1.45,-0.62,0,1,1,26.0,6,1,3,9,1,1,3,1,0.0,3,1,0,1,0
52,1,0,-0.83,0.3,1,1,1,25.0,2,1,1,6,0,0,3,0,0.0,1,1,0,1,1
51,1,1,-1.29,-0.41,0,1,2,22.0,0,0,4,3,1,1,4,0,1.0,2,0,0,1,1
40,1,0,0.56,-0.14,0,1,2,33.0,6,1,3,2,1,1,4,1,1.0,1,1,0,0,0
57,1,0,-1.04,-0.97,0,1,2,25.0,0,0,5,3,1,1,5,0,2.0,2,0,0,1,0
53,1,0,-1.73,0.26,0,1,1,28.0,6,0,4,7,0,1,4,0,1.0,2,0,1,0,0
25,0,0,-0.25,0.47,0,1,2,30.0,2,0,4,3,1,0,5,1,1.0,1,0,0,0,0
37,1,0,-1.27,1.14,0,1,1,29.0,6,1,1,5,1,0,3,0,0.0,2,0,1,1,0
48,0,0,1.14,-0.42,0,1,2,29.0,6,0,3,4,1,1,2,0,1.0,2,0,0,1,0
47,1,0,-0.78,-0.36,0,0,1,24.0,6,1,3,4,1,0,3,0,1.0,3,1,0,0,0
55,0,1,-1.03,0.61,0,1,1,31.0,0,0,4,4,0,1,4,0,2.0,1,0,1,1,1
44,0,0,-1.77,-0.17,0,0,2,27.0,6,1,4,9,1,1,4,1,1.0,2,0,0,1,0
38,0,0,-0.16,0.61,1,1,2,,7,0,4,4,1,0,3,1,0.0,2,0,0,0,0
29,1,0,-1.54,0.71,1,1,3,36.0,2,0,4,2,1,1,4,1,1.0,2,0,0,0,0
58,1,0,-0.23,-1.01,1,1,3,32.0,2,0,5,7,1,1,3,1,1.0,1,0,1,1,0
40,1,0,-2.24,-1.38,0,0,1,26.0,6,0,1,2,1,0,1,0,0.0,0,0,1,0,0
53,1,0,-0.23,-0.76,1,1,2,28.0,1,1,2,2,0,0,5,0,0.0,2,1,0,0,0
58,1,0,-0.51,-1.74,0,1,2,39.0,6,1,4,6,0,1,5,0,0.0,2,0,0,0,0
48,1,0,1.31,1.92,0,1,3,27.0,6,1,5,6,1,1,4,0,2.0,2,0,0,1,0
29,0,0,-1.46,-1.22,0,1,1,29.0,0,0,5,2,0,1,4,0,2.0,3,0,1,0,0
42,0,0,-0.49,1.13,0,1,1,33.0,5,0,4,2,1,0,5,0,2.0,2,1,1,1,0
38,1,0,,-0.97,0,1,2,30.0,5,0,5,3,1,0,3,1,2.0,1,0,0,0,0
46,0,0,-0.56,1.06,1,1,2,27.0,2,1,4,5,1,1,3,1,2.0,1,0,1,0,1
35,1,0,,1.16,0,1,2,25.0,6,1,4,2,0,0,4,1,1.0,3,1,0,0,1
29,1,0,-0.69,-1.83,1,1,2,29.0,1,1,3,7,1,1,3,0,0.0,2,0,0,0,0
50,1,1,-2.09,-0.13,1,1,2,33.0,3,1,4,3,1,1,2,1,1.0,3,1,1,1,0
56,1,0,0.29,1.77,0,1,2,37.0,6,0,5,6,1,1,3,0,1.0,3,1,1,1,0
25,0,0,1.66,0.08,0,1,2,20.0,1,1,4,9,1,0,3,0,0.0,2,0,1,0,0
31,0,0,-1.84,0.64,0,0,2,40.0,6,1,1,6,1,0,2,0,0.0,1,0,1,0,0
40,0,0,-0.48,,0,1,2,27.0,0,0,4,6,1,1,4,0,2.0,1,1,1,0,1
49,0,0,-0.9,,0,0,0,35.0,4,0,2,2,0,0,1,1,0.0,1,0,1,1,0
33,1,0,0.32,1.17,0,1,1,25.0,0,0,3,3,0,0,3,0,0.0,1,0,1,0,0
44,1,1,-0.84,-0.44,0,1,1,19.0,6,1,1,2,0,0,3,0,0.0,1,0,1,0,0
34,1,0,-0.84,-0.18,0,0,1,21.0,6,1,2,5,0,0,4,0,0.0,1,1,0,0,0
36,1,0,-1.62,-0.49,0,0,0,27.0,6,1,2,5,0,0,1,1,0.0,0,1,1,0,1
38,0,0,-1.3,-1.34,1,1,1,32.0,7,1,3,4,0,1,5,0,0.0,2,0,1,1,1
37,0,0,-0.06,0.6,1,1,2,29.0,6,1,3,4,1,1,4,1,,2,0,0,0,0
34,0,0,-1.43,-0.02,0,1,2,27.0,6,1,3,3,1,0,4,0,0.0,3,0,0,0,0
29,1,0,-2.42,1.08,0,1,2,36.0,5,1,2,4,0,1,2,1,0.0,2,0,1,0,0
44,1,0,-1.46,1.69,0,1,1,29.0,7,1,1,6,0,0,3,0,0.0,0,0,0,0,0
51,0,0,-1.13,-0.56,0,1,1,31.0,6,1,4,4,0,0,4,0,1.0,2,0,1,0,0
34,0,0,,,0,1,1,48.0,6,1,2,2,0,0,1,1,0.0,0,1,1,0,0
34,0,0,-0.14,-0.72,0,1,1,29.0,2,0,3,10,1,1,4,0,0.0,1,0,0,0,0
57,0,0,-1.24,0.59,1,1,0,25.0,4,1,1,2,0,0,4,0,0.0,1,0,0,0,0
34,0,0,,-1.63,0,0,1,32.0,6,1,1,5,0,1,2,0,0.0,1,0,1,0,1
40,0,0,-1.75,0.32,0,1,2,33.0,1,0,4,4,1,1,6,0,2.0,2,1,0,1,0
36,1,1,-1.64,-1.67,1,0,3,,1,1,2,8,0,1,4,1,1.0,0,1,0,0,0
29,0,0,,1.29,0,1,1,30.0,7,1,2,4,0,0,3,0,0.0,0,0,1,0,1
37,1,0,-1.21,0.79,0,1,1,38.0,3,0,5,3,0,1,1,0,0.0,2,0,0,0,0
34,0,1,-1.81,-0.65,0,1,2,37.0,1,1,4,3,1,1,4,0,2.0,1,0,1,0,0
35,0,0,-0.15,1.86,0,1,2,28.0,3,1,5,2,0,1,2,1,1.0,3,0,0,0,0
52,0,0,-0.32,-0.82,0,1,2,25.0,3,1,4,5,1,1,6,0,1.0,2,1,1,0,0
56,1,0,-0.3,,0,1,3,32.0,5,1,5,7,1,1,5,0,2.0,3,0,0,0,0
27,0,0,-2.06,-2.3,0,1,1,,7,1,3,4,0,0,1,1,1.0,3,1,0,0,0
30,1,0,-2.58,0.53,0,0,2,34.0,7,1,3,5,0,1,3,0,0.0,1,0,0,0,1
37,0,0,0.73,-0.53,0,1,2,32.0,6,1,2,2,0,0,5,1,1.0,2,1,1,1,0
43,1,0,-0.99,-0.16,0,1,3,45.0,6,0,5,3,1,1,5,1,2.0,1,1,0,1,0
58,0,0,-1.52,-1.22,0,1,1,38.0,3,1,1,6,1,1,1,0,0.0,1,1,0,0,0
53,1,0,-1.75,-1.36,1,1,1,23.0,6,1,1,6,0,0,2,0,0.0,0,1,0,1,0
24,1,0,0.83,-0.49,1,0,2,26.0,1,1,5,4,1,1,4,1,2.0,2,0,0,0,1
49,1,0,-0.64,1.11,1,1,1,18.0,1,0,2,3,1,0,4,0,0.0,1,1,1,1,0
58,1,0,-1.27,0.31,0,1,3,16.0,7,1,3,2,0,1,4,1,2.0,1,1,1,1,0
30,1,0,-0.75,-1.13,0,0,0,30.0,6,1,1,6,1,1,2,0,0.0,1,1,1,0,0
36,1,0,-1.94,-2.24,0,1,2,22.0,2,1,4,2,1,0,5,0,1.0,2,0,1,1,0
33,1,0,-0.35,1.94,0,1,3,39.0,6,1,4,7,0,1,5,0,2.0,2,0,1,0,0
31,1,0,-4.57,-3.25,0,1,0,36.0,4,1,2,4,1,0,4,0,0.0,2,0,1,0,1
38,1,0,0.2,1.19,0,1,2,27.0,3,0,5,8,1,1,4,0,2.0,1,0,0,1,0
53,1,0,-1.46,0.31,0,1,1,27.0,2,1,2,9,0,0,4,1,0.0,3,0,0,1,0
26,0,0,-0.27,-0.14,0,1,3,38.0,1,1,5,7,1,0,5,1,2.0,1,0,1,0,1
40,0,1,0.66,-0.59,0,1,3,39.0,5,1,4,6,0,1,4,1,1.0,3,0,0,1,0
56,0,0,-2.05,0.51,1,1,1,23.0,3,1,1,6,0,0,4,1,0.0,1,0,1,0,0
27,1,0,-1.41,0.99,0,1,2,23.0,5,1,3,3,0,1,2,0,0.0,1,0,0,0,0
51,1,0,-1.94,1.08,0,0,3,27.0,1,0,4,2,1,0,4,0,2.0,1,0,1,0,0
48,0,1,-1.42,0.93,1,1,1,32.0,7,1,2,5,0,0,3,0,0.0,2,0,0,1,0
31,1,0,-1.27,-1.77,0,1,1,26.0,5,0,1,5,0,0,0,0,0.0,2,1,0,0,1
52,1,0,0.09,-0.78,0,1,1,32.0,7,1,3,4,1,0,2,1,0.0,2,0,1,1,0
32,1,0,-1.08,-0.89,0,1,2,41.0,1,1,1,5,1,0,2,0,1.0,2,0,0,0,0
40,0,0,-0.81,-0.2,0,1,1,21.0,5,1,1,5,0,0,2,0,0.0,0,1,0,0,0
56,0,0,-0.52,0.1,0,1,0,26.0,6,1,2,7,1,0,3,0,0.0,1,1,1,1,1
49,1,0,-0.62,0.81,1,1,2,21.0,3,1,1,3,1,0,3,0,0.0,1,0,0,1,0
41,0,1,-1.25,-0.13,0,1,2,24.0,1,0,3,2,1,1,6,1,0.0,1,0,1,1,0
27,1,0,-0.57,0.52,0,1,1,27.0,2,0,1,7,1,1,1,0,0.0,3,0,1,0,0
27,0,0,-0.01,-0.45,0,1,1,25.0,2,0,3,6,1,1,2,0,0.0,0,0,1,0,0
25,0,0,0.77,2.04,0,1,2,,3,0,4,3,1,0,4,1,1.0,2,0,0,0,0
26,0,0,1.28,-0.89,0,1,0,30.0,3,1,1,3,0,0,2,1,0.0,0,0,0,0,0
31,0,0,-1.9,-0.75,0,1,1,31.0,2,1,3,4,0,0,5,1,0.0,3,0,0,0,0
42,1,0,0.44,0.33,1,1,2,27.0,6,1,5,13,1,1,5,1,1.0,2,0,1,1,0
59,0,0,-0.18,1.22,0,1,2,28.0,0,0,5,2,1,1,5,1,2.0,2,0,1,1,0
54,0,0,0.07,-0.71,0,1,2,27.0,3,0,5,4,1,1,6,0,2.0,1,0,1,1,0
30,1,0,0.64,-0.31,0,0,3,28.0,6,1,4,5,0,0,4,0,1.0,1,0,0,0,0
55,0,0,-0.93,-0.62,0,0,1,32.0,1,1,1,5,0,0,0,0,0.0,1,0,1,1,0
57,1,1,-2.11,-1.05,1,1,2,17.0,2,0,4,5,1,1,3,0,1.0,3,0,1,1,0
45,1,0,-0.98,-0.57,0,1,2,31.0,1,1,4,6,1,1,5,0,2.0,1,1,1,0,1
34,1,0,0.28,-0.7,0,1,2,24.0,0,0,4,2,1,0,4,1,1.0,1,0,1,0,0
36,0,0,-2.23,0.47,0,0,0,27.0,4,1,1,9,0,0,1,0,0.0,1,1,1,0,1
41,1,1,-1.78,0.23,0,1,3,20.0,0,0,5,5,1,1,6,1,2.0,3,0,1,1,0
32,0,1,-2.04,-0.76,0,1,1,27.0,2,1,1,5,1,1,4,0,0.0,0,0,1,0,0
49,0,0,-2.7,1.61,0,0,2,31.0,7,1,1,8,1,0,3,0,0.0,1,0,1,0,1
47,0,0,-1.48,1.72,0,1,2,32.0,7,0,3,3,0,0,3,0,0.0,1,0,0,1,0
30,1,0,1.85,1.71,0,1,2,22.0,1,1,4,3,1,1,4,0,1.0,2,0,0,0,0
25,1,0,,-0.54,0,1,0,31.0,3,1,3,6,0,1,1,0,0.0,2,1,1,0,1
31,1,0,-0.46,0.34,0,0,0,36.0,4,1,3,9,1,1,4,0,0.0,3,0,0,0,0
37,0,0,-2.14,1.89,0,0,1,26.0,6,1,1,6,0,0,3,0,0.0,1,0,1,0,0
33,0,0,-0.47,-0.65,1,0,1,29.0,6,1,1,3,0,1,1,0,0.0,1,1,1,0,1
44,0,0,-0.68,-0.23,0,1,2,17.0,1,1,4,7,1,0,2,0,0.0,1,0,0,1,1
41,0,0,-0.21,-0.61,1,1,0,24.0,1,1,2,5,0,0,3,0,0.0,0,0,1,0,0
38,0,0,-1.56,-0.04,0,0,1,31.0,3,1,1,5,1,0,3,0,0.0,2,1,0,0,0
36,0,0,-1.88,1.57,0,0,0,35.0,6,1,1,6,1,0,2,0,0.0,1,1,0,0,1
50,0,1,-1.2,0.05,1,1,1,25.0,6,0,4,5,1,1,4,1,2.0,2,0,0,1,0
27,1,0,-0.0,-0.5,0,1,3,45.0,1,1,5,4,1,1,3,0,2.0,3,0,0,0,0
36,1,0,-1.08,-0.36,1,0,0,31.0,5,1,1,7,0,0,2,0,0.0,1,0,1,0,0
33,1,0,-1.33,1.17,0,1,1,21.0,1,1,4,9,1,1,3,0,0.0,3,0,1,0,0
51,1,0,-2.0,-3.01,0,0,1,37.0,6,1,2,5,0,0,4,0,0.0,1,0,0,0,1
53,0,0,-2.82,,1,1,1,21.0,7,0,1,3,0,0,3,0,0.0,2,0,0,0,0
54,1,0,-2.02,-1.08,1,1,0,31.0,4,1,1,2,0,0,2,0,0.0,1,0,0,0,0
42,1,0,-2.4,-0.75,1,1,3,23.0,0,0,3,4,1,0,5,1,2.0,2,0,0,0,0
57,1,0,-2.59,-1.94,0,1,0,21.0,5,1,2,4,1,0,3,0,0.0,1,0,1,0,0
58,1,0,-1.03,0.52,0,1,1,35.0,3,1,3,4,0,0,4,0,2.0,1,0,1,1,0
56,1,0,0.36,-0.23,0,1,1,27.0,6,0,5,5,1,1,1,1,2.0,2,0,1,1,0
33,1,0,-1.73,0.2,1,0,0,39.0,3,1,1,4,0,0,4,1,0.0,1,1,1,0,0
37,0,0,1.69,-1.23,0,1,2,23.0,6,0,3,2,1,1,4,1,0.0,3,0,0,0,1
33,1,0,-0.99,-2.16,0,1,0,20.0,2,1,1,3,0,0,2,0,0.0,2,0,0,0,0
47,1,0,-1.11,-1.48,0,1,0,26.0,1,1,1,9,0,0,1,1,0.0,1,1,0,0,0
39,0,0,-1.68,-0.24,0,1,2,46.0,2,0,4,7,1,1,3,0,2.0,2,0,1,0,0
46,0,0,0.66,-1.76,1,1,3,34.0,0,0,5,6,1,1,2,0,2.0,1,0,0,0,0
26,0,1,-1.03,-0.12,1,1,1,32.0,2,1,1,5,0,0,1,0,0.0,2,0,1,0,1
28,0,0,-1.91,1.49,0,1,2,33.0,6,1,2,8,0,1,4,0,0.0,2,1,0,0,1
35,1,0,-1.29,-2.75,0,0,0,26.0,1,1,1,12,0,0,2,0,0.0,1,1,0,0,0
59,1,0,1.16,-0.81,0,1,2,45.0,1,1,3,3,0,0,5,1,0.0,2,0,0,1,0
36,0,0,0.29,-0.11,0,1,3,32.0,1,1,5,3,1,1,4,1,2.0,3,0,1,0,0
33,0,0,0.82,-0.13,0,1,2,31.0,0,0,5,4,1,1,3,1,2.0,2,0,0,0,0
46,0,0,-0.99,1.21,0,1,2,35.0,6,1,3,9,0,1,4,1,1.0,2,1,1,0,0
59,1,0,,-0.61,0,1,0,21.0,7,1,2,5,0,0,1,0,0.0,1,0,1,1,1
29,0,0,,-0.23,0,0,2,24.0,0,0,5,3,1,1,5,0,2.0,2,0,0,0,0
37,0,0,-0.78,-0.47,0,1,2,28.0,6,1,3,3,1,1,5,1,2.0,2,0,0,0,1
55,0,0,-0.17,0.38,0,1,3,35.0,6,1,3,4,0,0,3,0,1.0,2,0,1,1,0
58,1,1,-1.27,1.47,0,1,2,21.0,7,1,2,8,0,0,3,0,1.0,2,0,1,1,0
55,0,0,-1.5,-0.1,0,1,2,29.0,3,1,3,4,1,1,3,1,1.0,2,0,1,0,0
36,1,0,-0.9,1.35,1,0,1,28.0,2,0,2,4,0,0,3,0,0.0,1,1,1,0,1
43,1,1,-2.57,-0.77,0,1,0,20.0,4,1,1,9,1,0,4,0,0.0,2,0,0,1,0
55,0,0,-1.71,-1.28,1,1,1,26.0,6,1,4,4,1,1,1,0,1.0,2,0,1,1,0
39,0,0,0.37,1.09,1,1,1,32.0,6,1,4,9,1,1,3,1,1.0,1,1,0,0,0
55,1,0,-1.87,-0.72,0,0,0,20.0,4,0,3,5,1,0,1,1,0.0,3,1,1,0,0
49,1,0,-0.18,1.49,1,1,3,37.0,2,0,5,3,1,1,4,1,2.0,3,0,0,1,0
30,1,0,-1.62,0.72,0,1,2,32.0,6,1,3,4,1,1,3,0,0.0,1,1,0,0,0
31,0,0,1.43,,0,0,3,31.0,6,0,4,4,1,1,4,1,2.0,3,0,1,0,0
44,0,1,-0.98,-1.02,0,1,2,29.0,3,1,1,5,0,0,2,0,0.0,2,1,0,0,1
44,1,0,-1.3,-0.9,1,1,2,22.0,6,0,5,4,1,1,3,0,2.0,2,0,1,0,0
55,0,0,-0.52,-0.06,0,1,1,25.0,3,1,4,8,1,1,5,0,1.0,2,0,1,1,0
34,0,0,-0.5,-1.98,1,1,1,31.0,4,1,4,8,1,0,4,1,1.0,2,1,0,0,0
49,0,0,-0.04,-1.02,0,1,2,25.0,5,1,5,2,1,0,4,1,1.0,3,0,1,1,0
57,0,0,,-1.01,0,1,1,30.0,6,1,1,8,1,0,2,1,0.0,1,1,1,0,0
49,0,0,-1.96,-1.49,1,1,1,24.0,7,1,1,7,0,0,4,0,0.0,1,0,0,0,0
41,1,1,0.01,,0,1,1,32.0,3,0,1,2,0,0,4,1,0.0,1,1,0,0,0
58,0,1,,0.0,1,1,2,32.0,3,1,4,2,1,0,5,0,1.0,2,0,0,1,0
42,0,0,-1.73,-0.55,0,1,1,19.0,3,1,4,3,1,1,3,0,0.0,0,1,1,0,1
39,0,0,-2.33,-1.27,0,1,3,29.0,1,0,4,2,1,1,6,0,2.0,2,0,0,1,0
51,1,0,,-1.09,0,1,0,20.0,2,1,1,7,0,0,3,0,0.0,2,0,1,0,0
29,1,0,-1.86,0.21,1,1,2,18.0,0,0,4,6,0,1,4,1,1.0,3,0,1,0,0
52,0,0,2.15,-0.27,0,1,2,25.0,3,0,4,3,0,1,3,0,1.0,2,1,1,0,0
32,0,0,-1.8,0.08,0,1,3,46.0,1,1,4,5,1,0,4,0,2.0,2,0,0,0,0
32,1,0,-1.63,-1.0,0,1,1,34.0,3,1,3,5,0,0,3,1,0.0,2,0,0,0,0
27,0,1,1.47,0.4,1,1,1,37.0,6,1,4,11,1,0,2,0,1.0,2,1,0,0,0
45,0,0,0.42,0.6,0,1,2,33.0,2,1,2,5,1,0,4,0,0.0,3,1,1,0,0
28,0,0,-2.48,-1.33,1,1,2,30.0,5,1,4,7,0,1,4,0,2.0,1,1,1,0,1
55,0,0,-0.59,,1,1,2,34.0,7,1,3,8,0,1,6,0,0.0,2,1,0,0,0
26,1,0,-1.07,-1.92,0,1,0,25.0,5,1,1,8,0,0,3,0,0.0,1,1,1,0,0
38,0,0,-1.15,0.88,0,1,3,32.0,1,1,5,6,1,0,5,1,2.0,2,0,0,0,0
39,0,0,0.7,2.28,1,1,3,36.0,3,0,5,3,1,1,6,1,,2,0,1,0,0
28,1,0,-2.24,0.8,0,1,2,33.0,5,1,3,4,1,0,4,0,0.0,2,0,1,0,0
56,0,0,-2.72,-0.25,1,0,1,36.0,5,1,3,3,1,1,2,0,1.0,0,0,0,1,0
55,1,0,1.08,,0,1,3,30.0,1,1,5,5,1,1,6,1,2.0,2,0,0,0,0
58,0,1,-1.19,0.31,0,1,0,39.0,3,0,1,5,0,0,0,0,0.0,1,1,0,1,0
56,0,0,1.95,-1.21,0,1,2,28.0,5,0,5,2,1,1,4,1,2.0,3,0,1,1,0
28,1,1,-1.38,-0.05,0,1,1,42.0,2,0,3,3,0,1,3,1,0.0,0,0,1,0,1
29,0,0,1.62,0.03,0,1,2,32.0,5,0,5,2,1,1,4,1,,2,0,0,0,0
57,0,0,-0.66,-0.17,0,1,3,,0,0,5,2,1,1,6,0,2.0,2,0,1,0,0
31,1,0,0.12,-0.69,0,1,1,22.0,3,1,1,5,0,0,2,0,0.0,2,1,0,0,0
46,0,0,1.16,-0.09,0,1,1,24.0,6,1,2,7,1,0,3,0,0.0,1,0,0,1,0
32,0,0,-1.44,-1.03,0,1,2,23.0,2,1,4,5,1,0,4,0,1.0,2,0,0,0,0
50,1,0,-2.45,-0.78,1,1,2,28.0,5,0,4,6,1,1,3,0,2.0,1,1,0,0,1
54,1,0,-0.95,0.01,1,1,1,21.0,3,1,1,6,0,0,0,1,0.0,0,1,1,1,0
28,1,0,-0.97,-0.31,0,1,1,37.0,3,1,1,5,1,1,5,0,0.0,2,1,1,0,0
58,0,0,-0.35,,0,1,2,30.0,7,0,5,3,1,1,4,1,2.0,3,1,0,1,0
37,1,0,1.09,1.03,0,1,3,29.0,3,0,5,5,1,1,6,1,1.0,3,0,0,0,0
38,1,0,-2.64,,0,0,0,22.0,2,0,1,5,0,1,2,0,0.0,2,1,0,0,1
59,1,0,-0.16,-0.15,0,1,3,24.0,7,1,5,4,1,0,5,1,2.0,3,0,1,1,0
57,1,0,-1.65,0.55,0,1,1,16.0,6,1,3,3,0,1,4,0,0.0,2,1,1,1,0
47,1,0,1.26,1.66,0,1,2,39.0,6,1,3,8,0,1,3,0,0.0,1,1,1,1,0
24,1,0,0.2,-0.49,0,1,0,20.0,0,0,4,4,1,0,4,1,0.0,1,0,1,0,0
36,1,0,-1.28,0.35,0,1,3,21.0,1,1,3,7,0,0,3,0,2.0,2,1,1,0,0
38,0,0,-0.86,-0.36,0,1,0,37.0,5,1,3,8,1,0,4,0,0.0,2,0,0,0,0
56,0,0,-1.55,-1.21,1,1,0,31.0,1,1,1,2,0,0,3,1,0.0,1,1,1,0,0
28,0,1,-2.63,-0.13,0,1,2,30.0,2,0,3,8,1,1,4,1,1.0,3,0,1,0,1
55,1,0,,0.59,0,0,2,31.0,6,1,4,3,0,1,5,1,2.0,2,0,0,0,0
59,1,0,-1.69,-1.1,0,1,1,35.0,2,0,1,4,1,0,2,1,0.0,1,1,1,1,0
32,0,0,3.53,1.18,0,1,3,30.0,0,0,5,8,1,1,6,0,2.0,3,0,1,0,0
31,1,0,,-0.41,1,1,1,20.0,0,0,4,3,1,0,2,1,1.0,2,0,0,0,0
59,1,0,0.46,-0.63,1,1,1,33.0,3,0,2,2,0,1,3,0,2.0,1,0,1,1,0
57,1,0,-0.13,0.81,0,1,2,32.0,5,1,5,3,1,1,3,0,1.0,2,0,0,0,0
39,1,0,-0.99,0.01,0,1,0,36.0,6,1,1,7,0,0,1,1,0.0,3,0,0,0,0
51,0,0,-1.82,-0.99,1,0,0,22.0,1,1,1,4,0,0,1,0,0.0,0,0,0,0,0
59,0,0,-2.67,-1.41,0,1,2,25.0,1,1,3,5,1,0,6,0,0.0,2,0,0,0,0
56,0,0,1.17,1.61,0,1,1,31.0,5,0,3,2,1,1,3,1,0.0,2,1,0,1,0
35,1,0,-1.53,-0.01,0,1,2,23.0,3,1,2,5,0,0,2,0,0.0,1,0,1,0,0
42,1,0,0.34,1.01,1,0,0,15.0,4,1,1,10,0,0,3,0,0.0,3,0,0,0,1
27,0,0,2.02,-0.51,1,1,2,30.0,7,0,4,4,1,1,4,0,0.0,2,0,1,0,0
42,1,0,-1.58,0.15,0,1,2,34.0,5,1,2,2,0,0,3,0,0.0,1,1,1,0,0
25,0,0,-1.57,-1.33,0,1,2,28.0,3,0,3,3,0,0,5,0,2.0,1,0,1,0,0
29,0,0,-1.27,-1.11,1,1,2,32.0,7,1,3,6,1,1,4,0,0.0,2,0,1,0,0
38,1,0,-2.58,-0.45,1,0,2,31.0,0,0,4,4,1,1,4,0,1.0,1,1,0,1,0
28,1,0,-0.2,1.56,0,1,2,29.0,7,0,3,3,0,1,2,1,1.0,3,0,1,0,1
34,1,0,1.48,0.29,0,1,3,30.0,5,1,5,4,1,1,5,1,2.0,1,0,1,0,0
47,0,0,-2.06,0.91,0,0,1,37.0,5,1,2,5,1,1,0,1,0.0,0,1,0,1,0
58,0,0,0.38,2.09,0,1,2,23.0,7,0,5,5,1,1,4,1,1.0,1,0,0,1,0
33,0,0,-0.27,1.01,0,1,3,34.0,5,0,5,3,0,1,5,0,2.0,3,0,1,0,0
46,0,0,-0.63,0.89,0,1,2,22.0,3,1,4,7,0,1,5,1,0.0,3,0,1,1,0
41,1,0,-0.4,0.11,0,1,2,24.0,2,1,4,4,1,1,4,1,1.0,2,0,0,0,0
47,1,0,-0.59,1.27,1,1,1,36.0,6,1,2,7,0,0,2,0,0.0,2,0,0,0,0
28,0,0,-1.27,0.34,0,1,1,22.0,5,0,4,4,1,1,3,0,2.0,2,0,1,0,1
50,0,0,-0.37,1.12,0,1,2,28.0,1,0,4,6,1,1,3,0,1.0,3,0,1,0,0
45,1,0,-1.88,-0.58,0,1,1,43.0,6,1,1,7,1,0,3,0,0.0,1,0,0,0,0
44,1,0,-0.23,0.68,0,1,2,35.0,6,1,4,4,0,0,3,0,1.0,1,1,0,0,0
26,0,0,,0.33,1,1,2,25.0,3,1,3,2,0,1,3,0,0.0,2,0,0,0,0
58,1,0,0.88,-0.26,1,0,2,26.0,0,0,5,4,1,0,6,1,2.0,3,0,0,1,0
30,0,0,-1.37,-1.59,0,0,1,28.0,3,1,2,4,1,0,3,0,0.0,2,0,1,0,1
24,1,0,-1.45,0.38,1,1,3,37.0,0,0,5,6,1,1,5,0,2.0,2,0,1,0,0
29,1,0,-1.37,0.27,1,1,0,23.0,0,0,2,3,1,0,3,0,0.0,2,1,1,0,1
48,1,0,-1.28,-1.26,1,1,1,23.0,3,1,1,5,0,0,4,1,0.0,3,1,0,0,0
28,0,0,,-0.11,1,1,2,33.0,0,0,1,6,1,0,2,0,0.0,3,0,0,0,1
57,0,0,-2.82,,0,1,1,19.0,2,1,2,7,1,0,5,1,0.0,1,1,1,1,0
46,1,0,-0.6,1.01,0,1,3,24.0,6,0,3,9,1,1,3,0,1.0,2,0,1,0,0
35,0,0,-1.0,0.05,0,1,1,28.0,2,1,1,6,0,0,3,0,0.0,1,0,0,0,0
25,0,0,-0.12,0.6,0,0,2,29.0,7,1,3,6,0,0,2,1,1.0,2,0,1,0,1
27,0,0,0.19,-0.33,0,1,1,21.0,7,1,2,5,0,1,0,0,0.0,2,0,1,0,1
48,1,1,,-0.57,0,1,0,31.0,5,1,1,2,1,0,1,0,0.0,2,1,0,0,1
41,0,0,,-0.07,0,1,2,32.0,7,0,5,5,1,1,6,0,1.0,3,1,0,0,1
48,0,0,-0.32,-0.63,0,1,1,25.0,6,1,2,5,0,0,6,0,0.0,3,0,0,0,0
38,0,0,-1.84,-0.5,0,0,1,39.0,3,1,1,3,0,0,2,1,0.0,3,1,1,0,0
31,0,1,-0.47,0.26,0,1,2,31.0,6,1,1,5,0,0,5,1,1.0,1,0,1,0,1
55,1,0,-0.47,0.53,1,1,2,23.0,1,0,4,3,1,1,4,1,1.0,2,0,1,0,0
41,1,0,-1.04,0.27,0,1,2,39.0,6,1,2,6,1,0,2,0,0.0,1,0,0,1,0
57,0,0,-2.03,-0.39,0,1,2,26.0,4,1,3,5,0,1,4,0,0.0,2,0,0,0,0
30,0,0,0.13,1.3,0,0,2,30.0,0,0,4,5,0,1,5,0,2.0,1,0,1,0,0
45,1,0,0.23,1.38,1,1,2,26.0,2,1,5,5,1,1,5,1,2.0,3,0,0,1,0
34,1,1,-0.62,-0.03,0,1,1,33.0,7,1,2,9,1,0,4,0,0.0,1,0,1,0,0
34,1,0,-1.97,,0,1,2,26.0,3,0,4,2,1,0,4,0,1.0,2,0,1,0,0
52,0,0,0.82,1.48,0,1,3,26.0,1,0,5,5,1,1,5,0,2.0,2,0,1,1,1
24,0,0,-0.37,,0,1,2,28.0,1,0,5,6,1,1,4,1,2.0,3,0,0,0,0
42,0,0,-1.78,-1.31,0,1,1,26.0,4,1,3,8,1,1,4,0,1.0,2,0,1,1,0
40,0,0,-1.65,-0.54,0,1,0,35.0,6,1,2,3,1,0,4,0,1.0,1,0,1,0,0
58,0,0,-1.32,0.07,1,1,2,21.0,6,0,4,7,0,1,5,0,2.0,2,0,1,1,0
25,0,0,-0.66,-0.57,0,0,2,29.0,3,1,1,6,0,1,2,0,0.0,1,1,1,0,1
57,1,1,-1.38,-1.0,0,0,2,30.0,1,0,4,2,1,1,5,1,1.0,3,0,1,1,0
59,0,0,-0.11,-0.97,0,1,3,28.0,0,0,5,2,1,1,3,0,2.0,3,0,1,1,0
31,0,0,-1.29,-1.12,0,1,1,35.0,4,1,3,6,0,1,3,1,0.0,0,0,0,0,1
46,0,0,-1.12,-0.76,0,1,1,20.0,6,1,2,3,0,0,3,0,,1,0,0,0,1
53,1,1,-1.82,-1.83,0,1,3,32.0,6,1,5,3,1,1,3,0,2.0,2,0,0,1,0
59,1,0,-3.28,0.66,1,1,1,22.0,3,1,2,2,0,0,4,0,1.0,0,0,0,0,0
36,0,0,1.72,0.78,0,0,0,26.0,5,1,1,6,1,1,2,0,0.0,1,1,1,0,0
33,1,0,-0.78,0.42,1,1,2,,3,1,2,8,0,0,4,0,1.0,3,0,0,0,0
37,0,0,2.35,-2.36,1,1,2,27.0,5,1,1,4,0,1,5,1,0.0,3,1,1,0,0
34,1,0,-0.69,-0.29,0,1,2,26.0,5,1,3,8,0,0,3,1,1.0,2,1,1,0,0
45,1,0,-0.42,0.43,1,1,2,39.0,6,0,4,3,1,1,5,1,2.0,0,0,0,0,0
57,1,0,-1.09,1.15,0,1,1,30.0,5,1,3,4,1,0,2,1,1.0,2,0,1,1,0
42,0,0,0.04,2.07,0,0,2,32.0,7,0,3,7,1,1,5,0,,2,0,1,0,0
53,1,0,-0.86,-0.17,0,1,1,22.0,3,1,2,2,0,0,4,1,0.0,1,1,1,1,0
57,1,0,-2.74,-0.1,0,0,1,33.0,0,0,1,4,0,1,3,0,0.0,1,0,0,1,0
59,0,0,-1.97,0.39,0,1,1,39.0,2,1,3,5,0,1,2,0,1.0,2,1,1,1,0
56,1,0,-2.15,-0.69,1,1,1,34.0,5,1,3,7,1,1,3,0,1.0,2,1,1,1,0
37,1,0,-0.85,-0.95,1,0,1,21.0,5,0,2,5,1,1,2,0,0.0,2,0,0,0,1
40,1,0,-0.65,0.7,0,1,2,26.0,5,1,2,5,1,0,2,1,1.0,2,1,1,0,0
33,1,0,-0.49,0.58,0,1,2,30.0,6,0,3,4,0,1,1,1,0.0,1,0,1,0,0
53,1,1,-1.65,-0.14,1,1,1,26.0,2,1,5,4,1,1,3,1,2.0,2,0,1,1,0
45,1,1,-3.03,-1.75,0,1,0,44.0,6,0,2,2,0,0,1,1,0.0,1,1,1,0,0
56,1,0,0.91,-2.16,1,1,2,26.0,6,0,4,3,1,1,4,1,2.0,0,0,0,0,0
56,1,0,-0.75,-0.25,0,1,1,29.0,3,0,2,2,0,0,0,1,0.0,1,0,0,0,1
50,0,0,-0.17,-0.22,1,1,2,25.0,3,1,2,7,0,0,3,1,1.0,2,0,0,1,0
59,0,0,0.77,-0.19,0,1,1,30.0,1,0,5,3,1,1,3,0,1.0,1,0,0,1,0
49,0,0,-3.34,0.72,0,1,1,37.0,3,1,2,4,1,1,3,1,0.0,1,1,1,1,0
29,1,0,-0.33,0.2,0,1,2,30.0,6,0,4,4,1,1,5,0,2.0,2,0,1,0,0
44,0,0,0.67,-2.08,0,1,2,28.0,7,1,3,6,0,1,6,1,1.0,1,0,1,0,0
50,0,0,-2.56,1.82,1,1,0,23.0,5,1,2,5,0,1,2,1,0.0,2,1,1,1,0
48,0,0,-1.85,-2.53,0,1,1,36.0,2,1,4,4,0,0,5,0,1.0,2,0,0,1,1
38,1,0,-1.95,-0.65,0,0,2,28.0,6,0,3,4,0,0,3,0,0.0,1,1,1,0,0
29,1,0,-2.6,-1.18,1,1,2,28.0,6,1,2,2,1,0,1,1,0.0,2,1,0,0,1
40,0,0,0.04,0.39,1,1,2,15.0,3,1,3,8,1,0,5,0,1.0,2,1,0,0,1
31,1,0,,-1.39,0,0,1,28.0,6,1,3,5,1,0,4,0,1.0,2,1,0,0,0
52,1,0,-1.48,0.72,1,1,3,27.0,0,0,5,7,1,0,4,1,2.0,3,0,0,0,0
37,0,0,-2.15,-0.25,0,0,3,18.0,0,0,5,7,1,1,6,1,,1,0,0,0,0
59,0,0,-1.03,0.78,0,1,3,35.0,1,0,5,4,1,1,4,1,2.0,2,0,1,1,0
57,0,0,0.23,-2.57,0,1,1,26.0,1,1,2,4,0,0,3,0,0.0,2,0,1,0,0
53,0,0,-2.73,-0.46,0,1,0,40.0,6,1,1,2,0,0,4,0,0.0,0,1,0,0,1
34,0,0,,0.44,1,1,1,37.0,3,1,1,5,0,0,1,1,0.0,2,0,1,0,1
36,0,0,-1.43,-1.39,0,0,1,25.0,2,0,1,2,1,0,1,0,0.0,3,0,1,0,0
28,1,0,-1.49,0.37,1,1,3,37.0,3,1,5,6,1,1,6,1,2.0,2,0,0,0,0
27,1,0,0.51,0.02,0,1,0,39.0,3,1,1,8,1,0,2,0,0.0,2,0,1,0,1
40,0,0,-0.1,0.31,0,1,2,26.0,2,0,5,4,1,1,4,1,2.0,1,0,1,0,0
35,0,0,-1.37,-0.54,0,1,2,23.0,1,1,2,2,0,0,4,1,0.0,1,1,1,0,0
36,0,0,-0.91,0.71,0,1,2,16.0,6,1,4,8,1,0,4,0,1.0,1,1,0,0,0
50,0,0,-1.99,0.09,1,1,1,31.0,1,1,1,3,1,0,4,0,0.0,1,0,0,0,0
59,0,1,-1.86,0.11,0,1,3,,6,1,2,9,0,0,2,1,0.0,2,0,1,0,0
24,0,0,2.5,-0.52,0,1,2,31.0,1,1,5,3,1,0,5,0,2.0,2,0,1,0,0
37,0,0,0.97,-0.92,1,1,3,26.0,6,0,5,2,1,1,5,1,1.0,1,0,1,0,0
32,1,0,-1.19,0.3,0,1,2,24.0,6,1,2,5,1,0,5,0,1.0,2,1,1,0,0
44,1,0,-1.07,-0.97,0,1,1,26.0,1,1,1,6,0,0,2,0,0.0,3,1,0,0,0
30,0,0,-1.59,1.34,1,1,2,21.0,0,0,3,3,1,0,3,0,2.0,3,0,1,0,0
58,0,0,0.87,2.1,0,1,2,26.0,7,0,5,5,1,1,4,1,2.0,3,0,0,1,0
46,0,0,-5.35,-1.57,1,0,0,25.0,4,1,1,7,0,0,0,0,0.0,2,1,1,0,1
56,0,0,-1.8,-1.0,1,1,1,29.0,5,1,2,3,0,0,2,0,0.0,0,1,0,1,0
46,0,0,-1.57,0.5,0,1,2,30.0,0,0,5,2,1,1,4,0,1.0,2,0,0,0,0
56,0,0,-0.35,0.04,0,0,1,23.0,2,1,1,3,1,1,1,0,0.0,2,0,0,0,1
36,1,0,,-0.13,0,1,1,36.0,5,1,3,8,0,0,2,1,0.0,2,0,1,0,0
52,1,0,-2.98,0.48,0,1,1,28.0,6,0,3,7,1,1,2,1,2.0,3,0,1,0,1
37,1,0,-1.04,0.69,0,0,0,38.0,2,0,4,3,1,1,2,1,0.0,1,0,1,1,0
37,1,0,-1.23,-0.95,0,0,1,30.0,6,1,2,4,0,0,4,1,0.0,3,0,1,0,1
38,1,0,0.11,-1.11,0,1,0,29.0,6,1,1,6,1,0,1,1,0.0,1,1,0,0,0
51,0,0,-1.05,-2.05,1,1,0,26.0,1,1,2,2,0,0,4,0,0.0,3,0,0,1,0
52,0,0,-1.06,-1.79,0,1,1,33.0,2,1,3,6,0,0,3,1,1.0,0,0,1,1,0
45,1,0,-0.58,-0.97,0,1,2,29.0,2,0,4,5,0,0,5,1,2.0,2,0,0,1,0
33,1,0,-3.72,-0.52,0,0,2,34.0,3,1,2,6,1,0,2,0,1.0,1,1,0,0,1
37,1,0,-1.59,0.78,0,1,2,39.0,5,1,4,9,1,0,4,0,1.0,2,1,1,0,0
43,0,0,-2.92,0.59,0,1,2,25.0,3,0,4,4,1,1,6,1,2.0,2,0,0,0,0
43,1,0,1.82,0.45,0,1,3,33.0,2,0,4,5,1,0,5,0,2.0,0,0,0,0,0
40,1,0,-1.79,,1,1,1,33.0,6,1,2,6,0,1,3,0,0.0,1,0,0,0,1
55,0,0,0.1,2.21,1,1,2,32.0,5,1,4,4,1,0,3,0,2.0,3,0,1,0,0
24,0,0,-1.9,-1.29,0,1,3,26.0,5,1,3,5,0,1,5,1,0.0,3,0,0,0,0
26,1,0,-1.69,-0.43,0,1,1,27.0,5,1,2,6,1,0,4,1,0.0,1,1,0,0,0
31,1,0,-1.85,0.08,1,1,1,25.0,2,1,1,7,0,0,5,0,0.0,0,1,1,0,1
56,1,0,-0.05,-1.1,1,1,2,25.0,6,1,4,5,1,1,5,1,2.0,2,0,1,0,0
30,1,0,-1.05,-0.4,0,1,2,24.0,3,0,3,3,1,1,6,0,0.0,1,0,1,0,0
49,1,0,-1.64,-1.54,1,1,2,28.0,3,1,3,2,0,1,3,1,1.0,3,1,0,0,1
58,0,0,-2.96,-0.28,0,1,1,24.0,1,1,5,2,1,1,4,0,1.0,2,0,1,1,0
35,0,0,1.9,1.46,0,1,2,32.0,5,1,4,7,1,1,4,1,,1,1,1,0,0
54,1,0,,0.23,0,1,2,29.0,5,1,5,3,1,0,4,0,1.0,3,0,1,1,0
38,0,1,-2.21,1.75,0,1,1,30.0,3,1,2,3,0,1,2,0,0.0,2,0,0,0,1
41,1,0,-1.49,,0,1,1,27.0,6,1,4,5,1,0,2,0,1.0,3,0,0,0,0
39,0,0,0.94,-1.5,0,1,2,29.0,6,0,4,2,1,1,3,0,1.0,3,0,1,1,0
34,0,0,-1.22,-1.09,0,0,2,28.0,1,0,5,5,0,1,3,0,1.0,3,0,1,0,1
39,0,0,-1.01,1.49,0,1,2,34.0,6,0,5,7,1,1,5,1,1.0,1,0,0,0,0
29,1,0,-1.02,-0.28,1,1,1,26.0,3,1,2,5,0,0,4,1,0.0,1,0,1,0,1
24,1,0,0.29,-1.65,0,0,2,,7,1,2,2,0,0,3,1,0.0,1,0,1,0,0
35,0,0,-1.35,0.7,1,1,2,21.0,2,1,1,11,0,1,2,1,0.0,0,0,0,0,0
30,0,0,-0.76,1.52,0,1,1,33.0,2,1,4,6,0,0,4,0,2.0,3,1,1,0,0
38,0,0,-1.54,1.31,0,0,0,26.0,3,1,2,7,1,0,2,1,0.0,1,1,1,0,0
39,1,0,-0.84,0.56,0,1,3,24.0,2,0,5,6,1,1,4,1,2.0,3,0,1,0,0
44,0,0,0.65,0.93,0,0,1,22.0,6,1,1,3,0,0,2,0,0.0,0,1,0,0,1
27,0,0,-2.19,,0,1,1,22.0,4,1,2,9,0,0,3,0,0.0,2,0,1,0,0
49,0,0,-1.17,-1.22,1,1,0,26.0,2,1,1,10,0,0,3,0,0.0,1,1,0,1,1
29,0,0,-1.32,1.1,1,1,2,38.0,5,1,4,6,1,1,3,0,1.0,2,0,0,0,0
32,0,0,-0.42,-0.39,0,1,2,25.0,6,1,2,5,1,0,4,1,0.0,2,1,1,0,0
57,1,1,-1.82,,0,1,1,16.0,6,1,2,6,1,1,2,0,0.0,2,1,1,0,0
54,1,0,-1.2,-1.2,0,0,1,31.0,4,1,1,8,1,0,4,0,0.0,1,1,1,0,0
44,0,0,-1.38,-0.49,0,1,1,22.0,2,1,1,6,0,0,2,0,0.0,1,1,1,0,1
32,0,0,-1.72,-1.02,0,1,2,34.0,1,0,5,5,1,0,4,1,2.0,2,0,1,0,0
56,0,0,-1.7,0.47,1,1,0,26.0,6,1,1,4,1,1,1,0,0.0,2,0,0,0,1
59,0,0,-3.5,1.72,0,1,0,27.0,6,1,2,6,0,0,2,0,0.0,2,0,0,0,1
47,0,0,-0.63,0.7,1,1,2,36.0,5,1,3,4,1,0,4,0,0.0,2,0,1,0,0
33,0,0,-0.88,0.15,0,1,3,33.0,6,0,5,7,1,1,6,1,2.0,3,0,0,0,0
36,0,0,-1.15,-0.55,0,1,2,22.0,1,1,3,5,0,1,3,1,1.0,2,0,0,0,0
24,0,1,-1.73,-0.83,0,1,1,22.0,6,1,2,9,1,1,3,0,0.0,2,1,1,0,1
53,0,0,-0.87,1.13,1,1,1,18.0,1,1,3,5,1,1,5,0,0.0,2,0,0,1,0
58,1,1,-4.64,-0.89,0,1,1,45.0,1,1,1,3,1,0,3,1,0.0,1,0,1,1,1
44,1,0,-2.06,-2.94,1,1,0,24.0,4,1,1,5,1,0,3,0,0.0,2,0,1,0,0
43,0,0,-1.11,2.83,0,1,0,36.0,3,1,2,4,0,0,3,0,0.0,1,1,0,0,0
42,1,0,0.33,0.04,0,1,1,26.0,7,1,1,4,0,0,1,0,0.0,2,1,0,0,0
34,0,0,1.5,-0.63,0,0,1,23.0,3,0,1,2,0,0,2,0,0.0,2,0,1,0,1
27,0,0,1.62,-0.68,0,1,2,29.0,6,1,4,8,0,0,4,1,2.0,2,0,1,0,1
34,1,0,-1.88,0.45,0,1,1,27.0,6,1,3,7,1,0,6,0,0.0,2,0,0,0,0
31,0,0,,-1.25,0,1,2,34.0,6,1,3,6,0,0,3,0,1.0,0,1,0,0,0
51,1,0,-0.17,-0.88,0,0,1,34.0,7,1,1,4,0,0,1,0,0.0,1,0,1,0,0
25,0,0,-0.25,0.33,0,0,1,25.0,3,1,3,4,0,0,3,1,0.0,3,0,1,0,1
55,0,0,-1.05,-0.97,0,1,1,20.0,3,1,3,6,0,1,0,0,0.0,1,1,1,0,0
27,1,0,-0.88,-1.35,0,1,1,22.0,1,1,2,4,1,0,2,0,0.0,1,0,1,0,1
42,1,0,0.22,-0.46,0,1,3,15.0,2,0,5,3,1,1,5,0,2.0,3,1,0,1,0
56,1,0,-2.11,-0.54,0,0,1,27.0,6,1,1,7,0,1,5,1,0.0,2,1,0,0,1
33,0,0,-0.65,-0.94,1,1,1,29.0,4,0,3,3,1,1,5,0,0.0,3,0,1,0,0
52,1,0,-1.78,-0.21,0,1,2,22.0,3,0,5,5,1,1,5,0,1.0,1,0,1,1,0
27,0,0,2.39,0.34,1,1,2,21.0,1,1,5,2,1,1,4,0,1.0,3,0,1,0,0
31,1,0,-1.34,-1.39,1,0,1,29.0,4,1,3,8,0,0,3,1,0.0,2,0,0,0,0
56,0,0,-0.11,0.2,0,1,2,25.0,6,1,3,5,1,1,3,1,0.0,1,0,1,1,0
32,1,0,-0.25,,0,1,2,28.0,2,0,4,4,1,1,5,0,2.0,1,0,0,0,0
47,1,0,-0.95,-0.3,0,0,1,27.0,6,1,2,7,0,0,2,0,0.0,2,0,1,0,0
41,0,0,-0.76,-0.89,0,1,0,30.0,5,1,1,4,0,0,2,0,0.0,2,0,1,0,0
30,0,0,-0.02,-2.07,1,0,1,26.0,6,1,1,5,0,0,1,0,0.0,0,0,1,0,0
35,1,0,-0.53,0.29,1,1,1,26.0,2,0,4,6,0,1,3,1,1.0,0,0,1,0,1
45,0,0,-0.15,,0,1,1,18.0,5,1,2,9,1,0,3,0,0.0,2,0,0,1,0
43,0,0,0.43,0.32,0,1,3,29.0,1,1,5,4,1,1,5,1,2.0,1,0,0,0,0
53,1,0,-1.96,-1.25,1,1,2,30.0,3,1,4,5,1,1,2,0,0.0,2,0,1,1,0
31,1,0,-1.1,-1.59,0,1,2,28.0,6,1,1,3,0,0,2,0,0.0,1,1,0,0,0
41,1,0,,0.91,0,0,3,40.0,5,0,5,3,0,1,5,0,1.0,3,0,0,1,0
38,1,0,0.38,0.4,0,1,3,30.0,1,0,4,2,1,1,5,0,2.0,0,0,1,0,0
30,1,1,-0.17,0.14,0,0,2,28.0,6,1,4,2,1,0,5,0,0.0,3,0,0,0,0
56,1,0,0.04,0.91,0,1,3,32.0,0,0,5,10,1,1,6,0,2.0,2,0,0,1,0
34,1,0,0.13,0.65,0,1,3,42.0,5,1,4,4,0,1,4,0,1.0,2,0,1,0,0
40,0,0,-0.5,0.03,0,1,2,31.0,7,0,3,4,1,0,3,0,1.0,2,0,1,1,0
47,0,0,-1.12,1.38,0,1,2,16.0,5,1,4,5,0,1,2,1,1.0,2,0,1,1,0
55,1,0,0.16,1.46,0,0,1,32.0,6,1,1,6,0,0,1,0,0.0,2,1,0,1,0
29,1,0,0.23,1.26,1,1,2,24.0,5,1,4,7,1,0,3,0,2.0,3,0,1,0,0
43,0,0,1.16,0.59,0,1,1,17.0,6,1,2,5,1,0,3,0,0.0,1,1,0,0,1
26,0,0,-0.65,0.1,0,1,2,39.0,6,0,4,8,1,1,2,0,0.0,2,0,0,0,0
39,1,0,-1.76,-0.21,0,1,2,38.0,6,1,1,5,0,0,2,1,0.0,0,0,0,0,1
59,0,0,-3.6,0.57,0,1,0,24.0,2,1,2,6,0,1,3,0,0.0,0,1,0,1,1
42,1,0,2.6,-0.5,1,1,3,24.0,6,0,5,4,0,1,4,1,2.0,3,0,1,0,0
58,1,0,-0.4,-0.24,1,1,1,30.0,2,1,2,4,1,1,2,0,0.0,1,0,1,0,0
50,0,0,0.86,-0.54,0,1,3,,7,0,5,7,1,1,5,1,2.0,2,0,1,0,0
34,1,0,0.97,-0.25,0,1,1,28.0,2,1,2,8,0,1,5,0,1.0,1,0,1,0,0
59,1,0,-0.24,-0.84,0,1,2,25.0,2,1,4,6,0,1,3,1,1.0,1,1,1,1,0
49,0,0,-1.58,-0.32,0,0,1,27.0,6,1,3,5,0,0,3,0,0.0,3,0,0,0,0
25,0,1,-0.82,-0.65,0,0,0,21.0,2,1,1,3,0,0,2,1,0.0,2,0,1,0,1
52,0,0,-0.73,0.97,0,1,3,34.0,3,1,3,8,0,0,6,1,1.0,2,0,0,0,0
42,1,1,-2.77,1.22,0,1,2,36.0,6,1,5,4,1,1,3,1,1.0,3,0,0,0,0
59,0,0,1.57,0.63,0,1,2,28.0,1,0,5,2,0,1,5,0,2.0,2,0,0,1,0
48,1,0,-1.81,-1.5,0,1,1,29.0,1,0,4,9,1,1,2,0,0.0,1,1,0,0,0
28,1,0,-1.18,0.06,0,0,1,33.0,4,1,5,4,1,0,4,1,1.0,2,0,0,0,0
38,1,0,0.5,0.86,0,1,2,29.0,2,1,4,3,1,0,4,1,2.0,2,0,1,1,0
51,1,0,-2.71,-0.35,0,1,2,39.0,2,1,4,4,1,1,2,1,0.0,2,0,1,0,0
44,1,0,-0.07,0.83,0,1,2,21.0,0,0,5,2,1,1,3,1,2.0,3,0,0,1,0
25,1,0,-0.11,0.92,0,1,2,34.0,3,1,4,8,1,0,5,0,1.0,3,0,0,0,0
25,1,1,,-1.64,0,1,1,28.0,3,1,4,7,1,1,1,0,1.0,2,0,1,0,0
34,1,0,-0.51,0.7,0,1,1,22.0,0,0,1,5,0,0,1,0,0.0,2,0,1,0,1
34,0,0,0.44,-0.23,1,1,2,42.0,5,0,4,6,0,1,5,0,1.0,0,0,1,0,0
44,0,1,-0.17,-1.39,1,1,0,43.0,5,0,4,2,1,0,3,0,1.0,2,1,1,1,0
37,1,0,1.29,0.14,1,1,2,28.0,0,0,4,3,0,0,5,1,2.0,3,0,0,0,0
34,1,0,-1.52,-0.57,0,1,1,32.0,3,1,2,2,1,0,3,0,0.0,3,0,0,0,1
38,1,0,-2.5,0.59,0,1,0,26.0,6,0,1,3,0,0,2,0,0.0,1,1,0,0,0
30,0,0,-2.29,0.35,0,0,1,27.0,5,1,1,6,0,0,1,0,0.0,2,1,1,0,1
48,0,0,0.32,0.52,0,1,2,22.0,3,1,4,7,0,0,5,1,2.0,2,1,0,0,0
25,0,0,-1.47,-1.56,0,0,0,21.0,4,1,2,7,0,0,3,0,0.0,2,1,0,0,0
56,1,0,-1.91,-0.65,0,1,1,40.0,1,1,1,5,0,1,3,0,0.0,3,0,1,0,0
51,1,0,0.39,-0.49,0,0,2,29.0,6,1,2,9,1,0,2,1,0.0,1,0,0,1,0
26,1,0,0.48,0.71,1,1,2,29.0,7,0,5,5,1,1,2,0,2.0,1,0,1,0,0
47,1,0,0.82,1.2,1,1,1,24.0,7,1,2,6,0,0,2,0,0.0,1,1,1,1,0
40,0,0,0.07,0.53,0,1,3,30.0,2,1,4,4,1,1,5,0,2.0,3,1,1,0,0
45,0,0,0.08,-0.85,0,1,1,20.0,3,1,4,8,0,0,5,1,0.0,2,1,1,1,0
38,1,0,-1.45,-0.61,0,1,1,24.0,1,0,2,2,1,1,3,1,0.0,2,1,0,0,0
34,0,0,-3.57,,0,1,0,22.0,2,1,2,5,1,0,1,0,0.0,2,0,0,0,1
58,1,0,-1.38,1.06,0,1,1,37.0,3,0,3,2,0,1,5,1,0.0,2,0,0,1,0
30,0,0,-1.83,-0.29,1,1,1,19.0,5,0,2,2,1,0,1,0,0.0,1,0,0,0,1
49,0,0,-2.91,0.42,0,1,0,22.0,1,1,1,3,0,0,0,0,0.0,0,0,1,1,0
42,0,0,-1.15,-1.82,0,1,0,17.0,7,1,1,5,0,0,3,1,0.0,2,1,0,0,0
58,1,0,0.08,-0.73,1,0,1,24.0,1,1,2,9,1,0,4,0,0.0,2,0,0,1,0
41,1,0,-0.55,0.79,0,1,3,26.0,0,0,5,5,1,0,4,0,2.0,3,0,0,1,0
42,1,0,0.29,-2.34,0,1,2,35.0,6,0,5,2,1,0,5,1,1.0,2,0,0,0,1
55,0,0,-1.42,0.99,0,1,1,28.0,6,1,3,4,1,0,3,1,0.0,3,0,1,1,0
46,1,0,-0.56,0.37,0,0,2,27.0,3,1,4,7,1,1,4,0,2.0,2,0,1,1,0
40,0,0,-1.67,-0.09,0,0,1,31.0,5,1,2,5,1,0,2,1,0.0,1,0,0,0,0
54,0,0,0.33,-1.98,0,1,3,26.0,2,0,5,4,1,1,6,1,2.0,3,0,1,1,0
54,0,0,0.29,0.93,1,1,2,43.0,1,0,4,2,1,1,4,0,2.0,3,0,0,1,0
25,1,0,0.63,1.1,0,0,0,25.0,4,1,1,10,0,0,1,0,0.0,1,0,1,0,1
32,1,0,-0.67,-0.19,0,1,3,31.0,3,1,5,5,1,1,5,1,2.0,2,0,1,0,0
57,1,0,-1.59,-0.75,1,1,0,34.0,5,1,1,7,1,0,4,0,0.0,1,0,0,1,0
56,1,0,0.25,-0.55,0,1,2,25.0,1,1,1,7,0,0,4,1,0.0,0,0,1,1,0
41,0,0,-0.62,0.73,0,1,3,30.0,6,0,4,7,1,1,5,0,2.0,1,0,1,1,0
37,1,0,-0.24,0.83,0,1,2,26.0,6,1,2,2,0,0,3,1,0.0,2,1,1,0,1
58,0,0,-1.55,0.4,0,1,1,31.0,1,0,2,6,1,0,4,0,0.0,1,0,0,0,0
25,1,0,0.0,-0.36,0,1,3,30.0,0,0,3,3,1,1,3,1,2.0,1,0,1,0,0
24,1,0,-0.5,0.84,0,0,1,28.0,3,1,1,2,1,0,2,0,0.0,1,0,0,0,0
46,0,0,1.12,-1.16,0,1,2,22.0,6,1,4,3,1,0,5,0,1.0,2,0,0,0,0
27,1,0,-1.04,1.24,0,1,2,40.0,6,0,5,4,1,1,4,0,1.0,1,0,1,0,0
31,0,0,0.4,1.38,0,1,2,33.0,6,1,5,2,1,1,4,0,2.0,2,0,0,0,0
26,0,0,-1.2,-0.65,1,1,2,19.0,3,1,1,12,0,0,3,1,0.0,0,0,1,0,0
57,1,0,-2.86,1.58,0,1,1,26.0,2,0,2,5,0,0,2,0,0.0,1,0,0,0,0
26,0,0,-1.91,0.74,1,1,1,20.0,5,1,1,4,0,1,1,0,0.0,0,1,1,0,0
56,1,0,-0.87,0.06,1,1,3,34.0,1,0,5,2,1,1,4,1,2.0,2,0,1,1,0
28,1,0,0.11,-0.36,1,1,2,29.0,6,0,4,7,1,1,4,1,2.0,3,0,1,0,0
56,1,0,-1.39,0.76,1,1,2,29.0,1,0,4,8,0,1,4,0,2.0,1,0,0,1,0
35,0,0,-0.65,-0.74,0,1,1,24.0,2,1,3,3,1,0,3,0,1.0,1,0,0,0,0
39,1,0,-1.11,1.27,0,1,0,27.0,5,1,2,5,0,0,5,0,0.0,1,0,0,0,0
28,1,0,-0.59,-1.42,1,0,0,34.0,4,0,1,3,0,0,1,1,0.0,0,0,0,0,1
34,0,0,-1.15,2.36,0,1,2,35.0,5,1,3,5,1,0,5,1,2.0,1,0,0,0,0
29,0,0,-2.08,0.28,1,1,2,34.0,3,0,4,3,1,1,5,0,2.0,2,0,0,0,0
31,1,0,-0.27,-1.58,0,0,0,20.0,7,1,1,4,0,0,2,1,0.0,2,0,0,0,1
40,0,0,-1.4,1.21,0,1,1,28.0,6,1,3,5,1,1,2,0,0.0,2,1,1,0,1
41,0,0,0.44,-0.56,0,1,2,31.0,6,1,2,2,0,1,4,1,0.0,0,0,1,1,0
46,0,0,-0.62,-1.97,1,1,2,,5,1,3,4,0,1,2,0,1.0,2,1,0,1,0
57,0,0,-0.74,1.71,0,1,2,19.0,5,1,2,7,1,1,2,0,0.0,2,0,0,1,0
25,0,0,0.32,2.72,0,1,2,21.0,5,1,4,10,1,1,5,1,2.0,2,0,1,0,0
33,1,0,0.14,0.43,0,0,2,38.0,3,1,3,6,1,1,4,0,1.0,1,0,0,0,0
44,0,0,-1.43,0.39,1,1,0,22.0,3,1,1,7,1,0,2,0,0.0,3,0,1,0,1
40,1,0,-0.95,,1,1,3,29.0,5,1,3,5,1,0,3,0,1.0,1,0,1,0,0
44,1,0,-0.06,0.68,1,1,3,28.0,0,0,5,6,1,1,5,1,2.0,1,1,0,1,0
34,0,0,-2.09,,1,1,3,28.0,0,0,5,3,1,1,4,1,1.0,3,0,1,0,0
35,0,0,0.75,,1,1,2,27.0,6,1,4,4,0,0,2,1,1.0,1,0,1,0,0
49,0,0,-1.22,-0.21,1,1,3,34.0,0,0,4,8,0,0,4,1,2.0,2,0,0,1,0
30,1,0,-0.6,0.07,0,1,3,29.0,5,0,5,6,0,1,4,1,2.0,3,0,0,0,0
27,0,0,-1.65,-1.46,0,1,1,25.0,5,1,1,6,0,0,1,0,0.0,1,1,0,0,1
46,1,0,-0.1,0.95,0,1,1,29.0,1,0,4,4,1,0,3,1,2.0,2,1,1,1,0
44,1,0,-0.75,0.01,0,1,2,21.0,7,0,3,6,1,1,4,0,1.0,2,0,1,1,0
52,1,0,0.61,0.78,0,1,2,32.0,1,1,5,10,1,0,6,0,1.0,1,0,0,1,0
47,1,0,-0.38,0.32,0,1,1,25.0,6,1,2,8,0,0,2,0,0.0,2,1,1,0,0
34,0,0,-1.25,-2.2,0,1,1,25.0,6,0,5,5,1,1,3,0,2.0,1,1,1,0,0
41,0,0,-2.12,0.2,0,0,1,32.0,2,1,1,10,0,0,0,0,0.0,3,0,0,0,1
42,0,0,-0.54,0.81,0,1,3,27.0,1,0,4,4,0,1,5,0,1.0,1,0,0,1,0
27,0,0,-0.37,-1.11,1,1,1,27.0,3,1,1,9,1,0,3,0,0.0,2,0,1,0,0
27,0,0,0.46,0.07,1,1,2,36.0,3,1,5,7,1,1,4,0,1.0,1,0,0,0,0
58,0,0,-0.61,-0.59,0,0,0,23.0,2,1,1,3,0,0,2,0,,2,1,0,0,0
52,0,0,-0.9,,1,1,2,32.0,7,1,3,7,0,0,5,1,0.0,3,1,1,0,0
53,0,1,0.42,-0.16,0,1,3,35.0,2,0,4,4,1,1,6,1,2.0,1,1,1,1,0
47,0,0,-0.94,-1.99,0,1,0,36.0,6,1,1,6,0,0,2,1,0.0,0,1,0,1,1
54,0,0,-0.91,-0.99,1,1,3,42.0,1,0,4,4,1,0,4,1,2.0,3,0,1,0,0
39,1,0,-0.9,0.53,1,1,2,25.0,7,1,3,9,1,1,2,0,0.0,1,0,0,0,0
29,1,0,0.4,0.43,0,1,1,24.0,2,0,4,6,1,1,5,0,1.0,2,0,1,0,0
45,1,0,0.39,2.13,1,1,0,34.0,3,0,1,8,0,0,1,1,,3,0,1,0,0
25,1,0,-2.81,-0.15,1,1,2,35.0,5,1,2,3,0,0,4,1,0.0,2,0,1,0,1
58,1,0,-0.07,-1.73,0,1,2,24.0,1,1,4,3,1,1,5,1,2.0,1,0,0,1,0
45,0,0,-1.86,1.52,0,1,3,32.0,6,0,5,3,0,1,4,0,2.0,3,0,0,1,0
44,0,0,-1.02,1.11,0,1,2,45.0,2,0,5,4,1,1,5,0,2.0,3,1,1,0,0
49,0,1,-1.15,-1.02,1,0,1,30.0,5,1,1,4,0,0,4,0,0.0,1,0,1,0,0
39,0,0,-0.25,,1,0,2,35.0,5,1,4,8,1,1,4,1,1.0,1,0,0,0,1
46,0,0,-1.31,0.3,0,1,2,38.0,5,0,4,3,1,0,4,0,1.0,1,0,0,1,0
40,1,0,-0.66,-0.79,0,1,2,44.0,0,0,5,3,1,1,4,0,2.0,1,0,1,0,0
31,0,0,0.32,0.22,0,0,1,30.0,1,1,3,3,0,1,2,1,0.0,2,1,0,0,0
30,1,0,-1.1,-0.82,0,0,1,37.0,1,1,1,3,0,0,1,0,0.0,2,0,0,0,1
29,0,0,-0.38,-1.45,0,1,2,24.0,2,1,4,5,0,0,3,0,0.0,0,0,0,0,0
56,1,0,0.2,-0.33,0,1,1,29.0,1,1,2,5,0,1,0,0,1.0,2,0,0,0,0
37,0,1,-0.21,0.58,0,1,2,26.0,7,0,3,6,0,1,4,0,2.0,3,1,0,1,0
43,1,0,-1.78,-0.28,0,0,0,18.0,5,1,1,4,0,0,2,0,0.0,3,0,1,0,0
31,0,0,0.39,-0.56,1,0,1,19.0,5,0,5,2,1,0,3,1,1.0,2,0,1,0,0
38,1,0,-1.11,0.39,0,1,2,32.0,3,1,2,5,0,0,3,0,0.0,1,1,0,0,0
41,0,0,-0.05,,0,1,2,32.0,2,1,5,5,1,0,5,1,1.0,3,0,1,0,0
57,1,0,-2.95,-1.05,1,1,1,23.0,5,1,2,11,0,0,4,0,0.0,1,1,1,1,0
56,1,0,-1.99,-0.0,0,1,0,38.0,2,1,1,3,1,0,2,0,0.0,3,1,1,0,1
43,1,0,0.02,,0,1,2,22.0,3,0,5,5,1,1,4,1,2.0,2,0,1,1,0
35,0,0,-2.63,1.01,1,1,0,,4,1,1,2,0,1,2,0,0.0,2,0,1,0,1
29,1,0,-0.76,0.9,1,1,2,27.0,5,0,4,2,1,1,4,0,2.0,1,0,0,0,1
58,0,0,-3.04,0.57,1,1,1,30.0,7,1,1,4,0,0,2,0,0.0,3,1,0,1,0
48,0,0,-0.16,-1.92,0,0,1,34.0,2,1,2,4,1,1,1,1,0.0,3,0,0,0,0
36,0,0,0.63,-0.02,0,1,1,34.0,4,1,2,6,0,0,3,1,0.0,3,0,1,0,0
58,1,0,-2.13,0.74,1,0,1,33.0,1,0,2,2,1,1,5,1,0.0,2,1,1,0,0
48,0,0,-2.64,-1.79,0,1,2,32.0,3,1,2,6,0,0,2,0,0.0,1,1,0,0,0
53,1,0,-0.35,-1.01,0,1,1,21.0,6,1,2,5,0,1,3,0,0.0,2,0,0,1,0
33,0,0,-0.62,-0.85,0,1,0,36.0,1,1,3,3,1,0,1,0,1.0,1,1,0,0,1
37,1,0,0.5,1.14,1,1,3,23.0,5,1,5,4,1,1,5,0,2.0,3,0,0,1,0
38,0,0,-0.01,,0,0,2,28.0,3,1,2,6,0,0,2,1,0.0,2,0,1,0,0
53,1,0,-0.22,-0.76,0,1,2,27.0,0,0,4,4,1,0,6,1,1.0,1,1,0,1,0
54,0,0,1.56,-1.09,1,1,3,31.0,7,1,5,4,1,1,6,0,2.0,2,0,0,0,0
41,1,0,0.95,,0,1,1,26.0,3,0,3,2,0,1,3,1,0.0,2,0,0,1,0
45,1,0,1.38,-1.81,0,1,2,28.0,6,1,2,6,0,0,3,0,0.0,2,0,1,1,0
38,1,0,1.55,-0.89,1,1,2,39.0,3,1,2,7,0,0,4,0,0.0,2,0,1,1,0
38,0,1,-2.29,-0.82,0,0,1,21.0,7,1,2,4,0,0,2,1,0.0,3,0,1,0,0
43,1,0,0.85,-0.03,0,1,2,29.0,2,0,4,3,0,0,4,1,0.0,2,0,1,0,0
56,0,0,-0.16,0.58,0,1,2,22.0,3,1,4,5,1,1,4,0,1.0,2,0,1,0,0
26,1,0,-2.65,0.13,1,1,3,33.0,6,1,3,10,1,1,4,1,2.0,1,0,1,0,0
34,1,0,,-0.6,0,1,3,25.0,3,0,5,4,1,1,4,1,2.0,3,0,0,0,0
33,0,0,-1.05,-0.12,0,1,3,29.0,3,1,4,5,1,1,5,0,2.0,3,0,0,0,0
45,1,0,,,0,1,2,21.0,7,1,3,6,1,1,3,0,1.0,1,0,1,1,1
44,0,0,-2.06,-0.54,1,0,1,37.0,5,1,3,8,0,0,2,0,0.0,2,0,0,1,0
56,1,0,1.12,-0.27,1,1,2,29.0,6,1,4,4,0,1,6,1,1.0,2,0,1,1,0
28,0,1,-2.5,0.58,0,1,1,30.0,6,0,2,4,1,0,2,0,0.0,0,0,1,0,1
49,1,0,-1.16,0.97,0,1,1,34.0,6,0,5,6,1,1,5,1,1.0,3,0,1,0,0
38,1,1,0.06,,0,1,1,21.0,6,0,3,5,1,1,3,0,1.0,2,1,0,0,0
26,0,0,-0.43,-0.08,0,1,1,25.0,5,0,3,3,0,1,2,0,0.0,2,1,1,0,0
53,0,0,1.09,0.53,1,1,1,30.0,2,0,2,4,0,1,3,1,0.0,1,0,1,0,0
24,0,0,0.57,-0.24,1,1,3,18.0,0,0,3,8,1,1,5,0,1.0,3,0,0,0,1
56,0,0,0.88,-0.38,0,1,2,,5,1,4,11,1,1,5,1,1.0,0,0,1,1,0
33,0,0,-1.51,1.06,0,1,1,24.0,6,1,5,4,1,0,3,0,2.0,1,1,1,0,0
30,1,0,-0.94,-0.22,0,0,0,22.0,4,1,1,3,1,1,0,0,0.0,1,0,1,0,1
34,1,0,,0.02,1,1,3,27.0,1,0,5,5,1,1,2,0,1.0,3,1,1,0,0
58,0,0,-1.63,,1,1,2,32.0,2,0,4,6,1,0,6,0,2.0,1,0,0,0,0
52,1,0,,-1.52,0,1,3,33.0,5,0,5,3,0,1,5,1,2.0,3,0,0,1,0
40,0,0,-0.12,0.25,0,1,3,40.0,6,1,5,5,1,0,5,1,2.0,1,0,1,0,0
36,1,0,0.31,0.67,1,1,3,29.0,1,1,5,2,1,1,4,1,2.0,1,0,1,0,0
29,1,0,,-1.07,0,1,2,30.0,5,0,4,3,1,0,3,0,2.0,2,1,1,0,0
43,0,0,-0.44,0.89,0,1,2,29.0,6,1,3,7,0,1,5,0,1.0,3,1,0,1,0
51,0,0,1.58,-0.44,0,1,1,31.0,7,1,3,3,0,1,3,0,0.0,2,0,1,0,0
27,0,0,-3.31,,1,1,2,31.0,1,1,3,4,1,1,4,0,0.0,2,0,0,0,0
27,0,0,,0.23,0,1,1,35.0,7,1,1,5,1,0,4,1,,2,1,1,0,1
51,1,0,-1.63,-0.36,1,1,0,35.0,5,1,1,4,0,0,2,1,,1,1,1,0,0
50,0,0,1.46,-0.09,0,1,3,32.0,6,0,5,9,1,0,5,0,1.0,2,1,1,1,0
39,1,0,-0.19,0.9,1,1,3,38.0,0,0,5,4,1,1,6,1,2.0,3,0,0,0,0
49,1,0,-0.86,1.49,1,1,2,29.0,5,0,4,2,1,0,2,0,2.0,1,0,0,0,1
42,1,0,-2.63,0.48,0,1,3,25.0,5,1,3,7,1,0,3,0,0.0,2,1,1,1,0
46,0,0,-0.88,-0.43,1,1,1,26.0,2,1,4,5,1,1,4,0,1.0,0,0,0,0,0
30,1,0,-1.95,-1.99,0,0,0,28.0,3,0,1,3,1,0,1,0,0.0,1,0,0,0,0
53,0,0,-1.17,0.44,0,1,1,22.0,5,1,2,4,1,0,4,0,0.0,1,0,1,0,0
52,0,0,,0.11,0,1,2,25.0,5,1,5,5,1,1,5,0,1.0,2,1,1,0,0
53,1,0,0.63,-0.72,0,1,2,22.0,0,0,5,4,1,1,3,0,2.0,2,1,0,0,0
30,0,0,-1.69,-0.78,0,1,1,31.0,3,1,1,2,1,0,5,0,1.0,3,1,1,0,0
39,1,0,-1.73,1.4,0,1,1,31.0,1,1,3,4,0,1,3,0,1.0,3,0,1,0,0
34,0,0,-0.36,0.93,1,1,2,18.0,7,1,4,6,1,1,4,0,2.0,2,0,1,0,0
42,0,0,-1.21,0.87,1,1,1,25.0,7,0,1,2,0,0,1,0,0.0,2,1,0,1,0
39,1,0,-1.79,1.04,0,1,2,40.0,2,0,4,2,1,0,4,0,1.0,2,0,0,0,0
39,1,1,-1.04,0.08,1,0,1,33.0,1,1,2,3,0,1,3,0,0.0,3,0,0,0,1
56,1,0,-2.79,-1.29,0,0,0,32.0,1,1,1,5,0,0,2,0,0.0,1,1,1,0,0
46,1,1,-0.65,-0.59,1,1,0,25.0,4,0,3,6,1,0,3,0,0.0,1,0,0,0,1
58,1,1,,0.48,0,1,2,31.0,6,1,2,6,0,1,4,0,0.0,1,0,0,1,0
42,0,0,-2.13,-0.29,0,1,2,29.0,5,1,2,4,1,0,4,0,0.0,0,0,1,1,0
50,1,0,2.96,0.25,0,1,3,24.0,0,0,4,6,0,1,5,0,2.0,0,0,0,1,0
34,1,0,-0.48,0.46,0,1,2,26.0,0,0,3,3,1,0,5,1,1.0,2,0,1,0,0
40,0,0,-0.12,0.71,0,1,0,26.0,2,1,1,3,1,1,3,1,0.0,2,1,0,1,0
39,1,0,-0.83,0.85,1,1,1,20.0,6,0,3,4,1,0,4,0,0.0,1,0,0,1,0
51,0,0,1.5,-0.3,0,0,3,21.0,5,0,5,3,1,1,6,0,2.0,1,0,0,1,0
44,1,0,-0.05,-1.42,0,1,0,28.0,5,1,3,9,1,1,3,0,1.0,3,1,1,0,0
35,1,0,-1.29,1.36,0,1,1,24.0,3,1,2,6,1,0,3,0,0.0,2,0,1,0,0
52,0,0,,0.06,1,1,1,27.0,7,1,1,3,0,0,4,0,0.0,0,0,0,1,0
52,0,0,,-0.39,0,1,1,19.0,3,0,3,3,0,0,5,1,0.0,2,0,0,0,0
28,1,0,-0.49,-1.8,0,1,3,34.0,6,0,5,5,0,1,5,1,2.0,1,0,1,0,0
38,1,0,-0.03,0.77,0,1,3,41.0,7,0,5,2,1,1,5,1,1.0,2,0,1,0,0
44,0,1,,,0,0,0,35.0,4,1,1,5,0,0,1,1,0.0,2,1,1,0,1
56,1,0,-0.96,-0.54,0,0,1,36.0,7,1,1,5,0,0,1,0,0.0,0,0,1,0,0
57,0,0,-0.06,0.13,0,0,0,33.0,2,1,1,6,1,1,4,0,0.0,0,0,1,0,1
32,0,0,0.35,1.31,0,1,2,31.0,6,0,3,3,1,0,5,1,1.0,2,0,0,0,0
38,0,0,0.66,-1.37,0,1,2,30.0,0,0,3,3,0,1,3,1,1.0,2,0,0,0,0
29,1,0,-0.19,0.27,0,1,0,24.0,4,1,1,14,1,0,0,0,0.0,2,1,1,0,1
26,0,1,,-0.95,0,1,2,33.0,1,1,4,6,1,1,2,1,0.0,2,1,0,0,1
36,0,0,-0.62,-1.12,0,1,3,33.0,0,0,5,4,1,1,6,0,1.0,2,0,1,0,1
54,0,0,-0.51,-0.21,0,0,2,26.0,0,0,5,7,0,1,6,0,1.0,3,0,1,1,0
38,0,0,-0.85,1.11,1,1,1,32.0,3,1,1,2,0,0,1,0,0.0,1,0,1,1,0
31,1,0,-1.98,-0.96,0,0,1,25.0,5,1,2,2,0,0,4,1,0.0,3,0,0,0,1
32,1,0,-1.31,,1,0,1,25.0,4,0,1,6,0,1,3,1,0.0,1,0,1,0,0
49,1,1,-2.76,-1.66,0,1,2,34.0,2,1,2,4,1,0,1,0,0.0,3,0,0,1,0
43,1,0,-3.51,0.26,0,0,1,32.0,7,1,1,2,0,0,1,0,0.0,0,0,1,0,1
40,0,0,2.86,-0.87,0,0,3,28.0,7,1,4,2,1,1,5,1,2.0,2,0,0,1,0
37,1,0,-0.87,-0.48,0,1,2,27.0,1,1,4,8,1,0,4,1,2.0,1,1,0,0,0
57,0,0,1.31,0.96,0,1,2,30.0,3,0,5,4,1,1,3,1,2.0,2,0,1,1,0
29,0,0,0.06,-0.86,0,1,1,18.0,6,1,2,9,1,0,3,1,0.0,1,1,0,0,1
51,0,0,-1.82,0.16,1,0,0,24.0,6,1,1,8,0,0,1,0,0.0,0,0,1,0,1
59,0,0,0.41,0.05,0,0,0,21.0,3,1,1,7,1,0,3,1,0.0,2,0,0,1,0
52,1,0,-1.41,,0,0,2,29.0,6,0,4,4,1,1,3,1,2.0,2,0,0,1,0
43,0,0,-0.4,-0.96,0,1,1,36.0,1,0,5,4,1,1,1,1,2.0,2,0,1,1,0
45,0,0,0.17,0.16,1,1,1,32.0,3,0,4,2,1,0,4,0,2.0,2,0,1,0,0
54,1,0,-0.93,-0.36,0,0,1,26.0,6,1,2,6,0,0,3,0,0.0,2,1,1,0,0
29,1,0,,-0.45,0,1,1,25.0,5,1,2,7,0,1,2,0,0.0,1,1,0,0,0
53,0,0,-3.07,0.54,0,1,2,24.0,6,1,2,4,0,1,4,1,0.0,2,1,1,1,0
30,0,0,0.73,-1.2,0,1,2,41.0,0,0,5,4,1,1,4,1,2.0,3,0,1,0,0
29,1,0,0.89,-0.59,0,1,2,29.0,1,1,5,6,1,1,6,0,2.0,1,1,1,0,0
25,1,0,-0.56,0.05,0,1,3,30.0,0,0,5,3,1,1,6,1,2.0,2,0,1,0,0
27,0,0,0.47,1.42,1,1,2,16.0,1,1,3,6,1,1,4,0,1.0,1,1,0,0,0
46,1,0,-0.02,-1.75,0,0,1,22.0,0,0,5,3,1,1,4,0,2.0,3,0,0,1,0
27,1,0,0.67,0.1,0,1,2,29.0,5,1,3,6,0,1,3,1,0.0,2,0,1,0,0
48,1,0,-0.07,-0.36,0,1,1,26.0,5,1,2,6,0,0,2,0,0.0,1,0,0,0,1
27,0,0,-1.09,0.66,0,0,1,30.0,6,0,3,6,1,1,2,0,1.0,1,0,0,0,0
31,1,0,2.18,-0.74,1,1,3,30.0,3,1,4,3,0,0,4,0,0.0,2,1,0,0,0
37,1,0,-1.03,-0.15,0,1,3,33.0,0,0,5,2,1,0,6,0,2.0,1,0,1,0,0
54,0,0,-3.64,-0.84,0,1,2,18.0,6,0,5,4,0,1,5,0,2.0,2,0,0,1,0
29,1,0,-3.17,-0.36,0,1,2,22.0,0,0,5,2,1,1,2,0,2.0,1,0,0,0,1
36,1,0,0.5,0.69,0,1,3,28.0,6,0,5,2,1,1,3,0,2.0,2,0,0,0,0
27,0,0,-2.76,0.47,0,1,2,25.0,0,0,5,2,1,0,5,1,1.0,3,0,1,0,0
31,1,0,-0.89,-0.21,1,1,2,27.0,5,1,5,5,1,0,3,0,1.0,2,0,1,0,0
43,1,0,0.69,0.79,0,1,2,30.0,7,1,3,4,1,0,5,1,2.0,1,1,0,1,0
51,0,0,-4.01,2.25,0,1,0,25.0,5,0,2,5,1,1,2,1,0.0,0,0,0,1,0
42,1,0,-1.1,-0.97,0,0,2,30.0,5,1,2,4,0,0,2,0,0.0,2,0,0,0,0
46,0,0,-0.4,0.59,0,1,1,32.0,6,1,5,4,1,1,2,0,2.0,2,0,1,0,0
36,0,0,-2.96,-0.21,0,1,1,29.0,1,1,1,3,1,0,1,1,1.0,2,0,1,0,1
31,0,1,,0.99,0,1,1,33.0,6,0,3,10,1,0,4,0,0.0,1,0,1,0,0
47,0,0,-0.38,,0,0,2,16.0,6,0,5,5,0,1,4,1,2.0,2,0,0,1,0
53,0,0,0.11,0.91,0,1,2,25.0,7,0,3,6,1,1,2,1,0.0,2,1,0,0,0
45,0,0,-0.88,-0.28,1,1,2,34.0,3,1,2,5,1,1,2,1,0.0,2,0,0,0,0
27,0,0,-0.79,-0.25,0,1,3,24.0,3,1,4,5,1,1,2,0,0.0,3,0,0,0,1
59,1,0,-0.33,0.06,0,1,1,23.0,6,0,3,3,1,1,5,1,1.0,2,1,0,1,0
30,0,0,0.34,-0.02,1,0,0,28.0,5,0,2,4,0,1,0,0,1.0,2,0,0,0,0
43,0,0,0.4,-1.16,1,0,1,29.0,2,1,1,8,1,0,6,1,0.0,2,1,1,0,1
51,0,0,0.68,0.09,1,1,3,26.0,1,0,5,3,0,1,5,0,1.0,3,0,0,1,0
59,1,0,0.78,1.4,0,1,2,40.0,1,0,5,3,0,1,3,0,1.0,3,0,1,1,0
43,0,0,-2.1,-2.02,0,0,0,31.0,4,1,1,7,0,0,1,0,0.0,2,0,0,0,1
57,1,0,,,0,1,0,24.0,1,1,1,8,0,1,2,0,0.0,2,1,0,1,0
39,0,0,0.31,1.0,0,1,3,20.0,0,0,4,6,0,1,1,0,2.0,3,1,1,0,0
26,1,0,0.12,0.03,0,1,2,31.0,0,0,5,5,0,1,3,0,2.0,1,0,0,0,0
29,1,0,-0.49,-0.49,0,1,1,23.0,7,1,1,5,0,0,4,0,0.0,1,0,0,0,1
56,1,0,1.28,-0.01,0,1,2,42.0,0,0,4,5,1,1,4,0,2.0,3,1,1,1,0
27,1,0,-0.73,-1.03,0,1,2,32.0,0,0,3,2,1,1,5,0,1.0,2,0,1,0,0
57,0,0,-3.04,-1.07,1,0,0,32.0,4,1,1,6,1,0,4,0,0.0,1,0,1,0,0
39,0,0,-1.62,1.61,0,1,2,30.0,2,1,3,2,0,0,6,0,1.0,1,0,1,0,0
58,0,0,,-0.07,0,1,2,36.0,7,1,5,2,1,1,3,1,1.0,3,0,0,1,0
59,1,0,-1.03,-0.09,1,1,2,15.0,7,1,3,4,1,0,5,0,1.0,3,0,0,1,0
26,1,0,-1.94,-0.95,1,1,1,22.0,3,0,4,7,1,1,1,1,0.0,1,1,0,0,0
46,0,0,-0.21,0.46,1,1,2,35.0,3,0,5,2,1,0,6,1,2.0,1,0,0,1,0
25,1,0,-0.86,-0.99,0,1,3,38.0,3,0,5,4,0,1,6,0,2.0,1,0,0,0,0
35,1,0,0.29,-0.22,0,1,2,22.0,0,0,4,2,1,0,6,0,2.0,3,0,0,0,0
58,1,0,1.74,-2.66,0,1,3,18.0,2,1,5,8,1,0,5,1,2.0,3,0,0,1,0
59,1,0,0.59,-0.08,0,0,1,30.0,1,1,3,3,1,1,2,0,0.0,0,1,1,0,0
28,0,0,-1.82,0.06,0,1,1,32.0,1,1,3,6,1,0,3,0,1.0,1,1,1,0,0
59,1,0,-1.17,-0.85,0,1,3,30.0,5,1,3,8,1,0,5,0,0.0,1,0,1,1,0
30,0,0,-1.78,-0.48,0,1,3,29.0,0,0,5,6,1,1,5,1,2.0,2,0,0,0,0
36,1,0,1.28,-0.62,1,1,3,18.0,1,1,5,3,0,1,6,1,2.0,3,0,0,0,0
42,1,0,-0.81,-0.11,0,1,1,27.0,4,0,2,6,0,0,4,0,0.0,3,0,1,0,0
31,0,0,1.46,-0.56,0,1,2,28.0,3,1,4,6,1,1,4,1,1.0,1,0,1,0,1
26,1,1,-0.4,1.28,1,1,2,26.0,1,1,3,5,1,0,3,1,0.0,2,0,1,0,0
30,1,0,-0.52,1.49,0,0,3,17.0,0,0,5,6,1,1,6,1,2.0,1,0,1,0,0
26,1,1,-3.29,-0.04,0,1,1,33.0,1,1,3,4,1,0,1,0,0.0,1,0,1,0,0
45,1,0,-0.4,1.44,0,1,1,34.0,2,0,3,4,1,1,4,0,0.0,2,0,1,0,0
47,0,0,2.19,1.43,0,1,3,24.0,6,1,4,5,0,1,5,0,2.0,1,0,0,0,0
35,0,0,0.38,0.3,0,1,2,28.0,7,1,3,5,0,1,3,0,2.0,1,0,1,0,0
54,0,0,-1.49,-1.15,0,1,0,26.0,3,1,1,5,0,0,1,0,0.0,2,1,0,1,0
52,0,0,0.96,0.43,0,1,3,26.0,3,1,5,8,1,1,4,0,2.0,3,0,1,1,0
36,1,0,0.46,0.21,0,1,2,32.0,6,1,4,8,1,1,2,0,1.0,2,0,0,0,0
36,0,0,0.49,,0,1,1,32.0,5,1,2,5,1,0,3,1,0.0,0,0,0,0,0
38,0,0,-1.21,1.99,0,1,3,35.0,1,0,4,3,0,0,4,0,2.0,1,0,1,0,0
45,0,0,0.12,0.62,1,1,2,35.0,1,1,4,5,1,0,4,0,0.0,1,0,0,1,0
54,1,0,-2.09,-1.21,0,1,2,28.0,3,1,4,7,1,0,4,1,2.0,3,1,0,1,0
32,1,0,-3.34,0.15,0,1,1,46.0,5,1,1,4,1,0,1,0,0.0,2,1,1,0,1
35,0,0,0.58,0.04,0,1,3,38.0,1,1,4,2,1,1,5,1,1.0,2,1,0,0,0
41,0,0,0.91,0.42,0,1,1,25.0,2,1,4,7,0,1,3,0,0.0,2,1,1,0,0
33,0,1,-1.69,-0.42,0,1,1,30.0,2,1,1,5,0,0,2,0,0.0,2,0,1,0,0
47,1,0,-0.48,-1.28,1,1,2,17.0,2,0,4,2,1,0,3,1,,2,0,0,1,0
26,1,0,0.02,0.44,1,1,2,29.0,4,0,4,4,1,0,4,1,1.0,2,0,1,0,0
59,0,0,1.32,1.86,0,0,3,39.0,6,0,5,6,1,1,5,1,2.0,0,0,0,1,0
34,0,0,0.65,-0.43,0,1,2,46.0,5,1,4,4,1,1,6,0,2.0,2,0,0,0,0
34,1,0,-0.0,-0.16,0,1,2,28.0,1,0,4,2,1,1,3,0,1.0,2,0,1,0,0
33,0,0,0.19,1.03,1,1,2,31.0,1,0,3,2,1,1,5,1,1.0,0,0,1,0,0
51,1,0,-0.4,-0.73,0,1,0,33.0,6,1,1,9,0,1,3,1,0.0,2,0,1,1,0
30,1,0,-1.83,0.16,0,1,2,41.0,4,1,3,8,0,0,3,1,1.0,1,0,0,0,0
45,1,0,0.61,-0.01,0,1,3,23.0,0,0,5,6,1,0,5,0,1.0,3,1,0,0,0
48,1,0,-1.64,-0.75,0,1,2,45.0,2,0,5,3,1,1,6,1,1.0,2,0,1,1,0
51,1,0,0.64,-0.68,0,1,2,27.0,6,0,3,7,0,1,3,1,0.0,3,1,0,0,0
43,1,0,0.44,,1,1,1,22.0,6,1,4,7,0,0,5,0,1.0,2,0,1,1,0
46,0,0,-1.12,-0.23,0,0,1,27.0,6,1,1,3,0,0,4,0,0.0,0,0,0,0,0
40,1,0,-1.55,-1.41,1,0,0,24.0,5,1,1,4,0,0,2,0,0.0,1,0,1,0,1
27,1,0,0.72,0.1,0,1,2,32.0,3,1,3,9,1,0,4,0,0.0,2,1,1,0,0
24,1,0,,-2.23,0,1,2,19.0,3,1,4,6,1,0,3,1,2.0,3,0,0,0,0
32,0,0,0.29,0.73,0,1,3,30.0,1,1,5,5,1,1,1,0,2.0,3,1,0,0,0
49,1,0,0.0,0.75,0,1,2,33.0,6,0,4,5,0,1,4,0,0.0,2,1,1,1,0
49,0,0,-0.5,-0.94,0,1,1,38.0,5,0,2,3,1,0,4,1,0.0,3,0,1,1,0
45,0,0,0.31,-0.2,0,1,2,33.0,1,1,1,6,0,0,1,0,1.0,2,1,1,0,0
50,1,0,-2.6,,1,1,1,38.0,6,0,3,5,1,0,3,0,0.0,3,0,1,0,0
52,1,0,-0.44,-0.34,0,1,1,25.0,3,0,5,5,1,1,5,0,2.0,2,0,1,1,1
46,0,0,-2.34,-0.2,0,1,3,31.0,0,0,5,5,1,1,4,0,2.0,3,0,1,0,0
41,0,0,-0.07,-0.16,0,1,1,16.0,3,1,4,6,1,0,4,1,0.0,3,0,1,0,0
31,0,0,-1.56,-0.7,1,1,2,28.0,6,1,2,8,0,1,3,1,0.0,2,0,0,0,0
28,1,0,-0.22,0.24,1,0,2,31.0,7,0,4,5,0,1,3,1,2.0,3,1,0,0,0
27,0,1,-2.51,0.73,1,0,0,32.0,4,1,2,2,0,0,4,0,0.0,3,0,1,0,1
27,1,0,-1.91,0.28,1,1,1,20.0,7,1,2,3,1,1,2,0,0.0,2,1,1,0,1
50,1,0,-1.62,-0.37,1,1,0,,6,1,2,3,0,0,1,1,0.0,2,1,1,0,1
48,1,0,-1.1,0.96,0,1,1,27.0,6,1,1,6,0,0,3,0,0.0,1,0,1,0,0
46,0,0,-0.33,0.97,0,1,0,26.0,6,1,2,7,0,0,4,0,0.0,0,0,0,0,0
42,1,1,-1.95,0.78,0,1,2,33.0,3,1,3,3,0,0,4,0,0.0,2,1,1,0,0
44,0,1,-1.53,0.16,0,1,1,28.0,6,1,1,6,0,0,2,0,0.0,2,0,1,0,1
33,1,0,-0.28,0.33,0,1,1,30.0,5,1,3,6,0,1,4,0,0.0,1,1,1,0,0
24,1,0,-0.94,0.65,0,1,2,26.0,6,0,4,4,0,1,2,1,2.0,2,0,1,0,0
53,1,0,-0.16,1.07,0,1,2,35.0,1,1,3,8,1,0,2,1,2.0,1,0,0,1,0
46,1,0,-2.09,-0.78,0,1,2,36.0,6,0,3,2,1,1,3,0,0.0,1,1,1,0,0
58,1,0,-1.42,-0.16,1,1,2,27.0,7,0,4,5,1,0,5,1,1.0,1,0,0,1,0
52,1,1,-0.25,,1,1,1,46.0,2,1,2,5,0,0,3,0,0.0,1,1,1,0,1
37,1,0,-3.32,0.01,0,1,1,24.0,7,1,3,5,1,1,3,1,0.0,3,0,1,0,0
40,0,0,-0.77,0.07,0,1,2,35.0,3,1,4,7,1,0,4,1,1.0,3,0,0,0,0
37,1,0,-0.89,0.7,0,0,1,23.0,1,0,2,3,0,1,2,0,0.0,1,0,0,1,0
25,1,0,0.12,-0.88,0,1,2,34.0,1,1,5,8,0,1,2,1,0.0,1,1,1,0,1
31,1,1,-1.15,0.77,1,1,1,33.0,6,1,2,2,0,1,3,1,0.0,2,0,1,0,1
34,1,0,,-1.01,0,1,2,23.0,5,1,3,5,0,0,4,0,0.0,2,0,1,0,0
55,1,0,-1.63,-0.62,0,1,1,28.0,2,1,1,6,0,0,1,0,0.0,1,1,1,1,0
30,0,0,-0.99,-1.51,1,1,3,40.0,5,0,5,6,1,1,4,1,1.0,1,1,0,0,0
25,0,0,1.4,-0.48,0,1,2,24.0,3,0,4,7,1,0,2,0,2.0,2,1,0,0,0
46,0,0,-0.09,0.39,0,1,1,31.0,3,1,2,5,1,0,4,1,1.0,1,1,0,0,0
34,1,0,,0.01,1,1,1,31.0,6,1,2,4,0,0,4,0,0.0,1,0,1,0,0
28,1,0,-1.05,-0.42,0,0,1,29.0,6,1,2,12,0,0,2,0,0.0,3,0,0,0,0
37,0,0,-1.29,0.34,0,1,2,19.0,6,1,3,7,1,1,5,1,0.0,3,0,1,0,1
25,1,0,-0.81,0.35,1,0,1,34.0,5,1,3,9,0,1,2,0,1.0,1,0,1,0,0
40,1,0,-2.08,-1.25,0,1,1,29.0,7,1,2,3,1,0,2,0,1.0,1,1,0,0,0
53,0,0,0.98,0.99,0,1,2,36.0,2,0,3,3,1,0,5,1,0.0,3,0,0,1,0
44,0,0,-2.05,0.32,0,0,2,30.0,2,1,1,6,1,0,3,0,0.0,2,0,1,1,0
57,0,0,-1.82,-1.47,1,1,2,29.0,0,0,4,5,1,1,2,1,1.0,3,0,1,1,0
59,1,0,3.26,1.68,0,1,2,31.0,5,0,5,4,1,0,3,0,2.0,0,0,1,1,0
54,1,0,-0.54,-0.3,0,1,2,23.0,5,1,4,3,1,1,4,1,1.0,2,0,1,0,0
51,0,0,-1.23,-1.08,0,1,3,38.0,6,1,4,7,0,1,4,1,2.0,2,0,1,0,0
45,1,0,-0.09,-1.46,0,1,1,27.0,3,1,2,6,1,0,2,1,0.0,2,1,1,1,0
27,0,0,-1.85,,1,1,1,27.0,0,0,5,5,1,1,3,0,1.0,1,0,0,0,1
36,1,0,-1.77,-0.66,0,1,1,37.0,5,1,2,2,0,0,2,0,1.0,1,0,1,0,1
56,0,0,-0.27,-1.01,0,0,1,30.0,7,1,1,6,0,0,2,0,0.0,2,1,0,0,0
26,0,0,1.94,-1.14,0,1,1,28.0,2,0,4,6,0,1,2,0,2.0,2,0,1,0,0
51,1,0,0.8,-0.34,0,0,2,31.0,1,0,4,2,1,0,2,1,1.0,2,1,0,1,0
38,0,0,-0.13,1.34,0,1,1,33.0,2,0,2,9,1,1,2,0,1.0,0,0,1,0,1
57,1,0,0.63,-0.88,0,1,1,28.0,3,1,2,4,0,1,3,0,0.0,0,1,1,1,0
30,0,0,-0.93,-0.43,0,1,2,35.0,2,1,3,3,1,0,4,1,0.0,2,0,1,0,0
39,0,0,-3.02,0.31,0,1,0,21.0,3,1,1,5,1,0,2,0,0.0,1,1,1,0,0
53,1,0,-1.25,1.7,1,1,3,31.0,5,0,3,3,1,1,2,1,1.0,2,1,1,1,0
38,1,0,,0.25,0,1,2,34.0,3,0,5,4,1,1,6,1,1.0,2,0,1,1,0
54,1,1,-3.05,0.2,0,1,1,33.0,3,1,1,2,0,0,2,0,0.0,0,0,1,0,0
37,1,0,-0.54,0.82,0,1,2,16.0,0,0,4,5,1,1,1,0,1.0,2,0,0,0,0
40,1,0,-1.07,0.31,0,1,0,28.0,7,0,2,4,1,0,1,0,0.0,2,1,1,0,1
49,0,0,-0.85,-1.92,0,0,0,22.0,3,1,1,6,0,0,2,1,0.0,0,1,0,1,0
35,1,0,-0.27,-0.95,0,1,1,37.0,3,1,2,12,0,0,1,0,0.0,1,0,1,0,0
53,1,0,0.15,0.61,0,1,2,27.0,0,0,3,3,0,0,5,1,0.0,2,0,0,0,0
49,0,0,2.66,-0.64,0,1,1,36.0,5,1,3,7,1,1,2,0,2.0,0,0,1,1,0
55,1,1,0.23,-1.24,0,1,2,22.0,6,1,5,2,0,1,3,0,1.0,2,0,1,1,0
46,1,0,1.66,-0.21,0,1,3,31.0,0,0,5,2,1,1,2,0,2.0,2,0,1,1,0
55,1,0,0.06,0.61,1,0,3,29.0,1,0,5,5,1,1,5,1,1.0,2,0,0,1,0
44,0,1,0.83,0.33,0,1,1,46.0,1,0,2,5,1,0,2,0,0.0,1,1,1,0,0
40,1,0,-1.86,-0.13,0,0,1,36.0,5,1,2,3,0,0,2,0,,1,0,1,0,0
57,0,0,0.43,-1.95,0,1,1,36.0,7,1,3,5,1,0,4,0,0.0,2,0,1,0,0
39,0,1,,0.19,1,1,2,41.0,3,1,4,7,1,0,2,1,0.0,1,0,0,1,1
34,1,0,1.13,-1.23,0,1,3,31.0,3,1,5,5,1,1,6,0,2.0,2,0,1,0,0
53,0,0,0.26,0.54,0,1,2,28.0,6,1,4,4,1,1,2,0,1.0,2,1,1,1,0
35,1,0,0.96,0.35,1,1,1,28.0,6,1,4,3,1,0,5,1,1.0,2,0,1,0,0
24,0,0,0.43,-0.49,0,1,2,31.0,2,1,5,5,1,0,3,1,2.0,1,0,0,0,0
25,1,0,-0.65,-1.45,0,1,2,15.0,1,1,3,5,1,0,6,0,1.0,3,0,1,0,1
50,0,0,0.2,0.95,1,1,1,29.0,3,1,2,7,1,0,2,0,0.0,3,1,1,1,0
31,0,0,-1.17,0.27,0,1,3,30.0,6,0,4,4,1,1,5,1,2.0,2,0,1,0,0
37,1,0,-3.22,-1.19,0,1,1,28.0,6,1,1,7,0,0,1,0,0.0,0,0,1,0,1
40,0,0,-3.12,1.38,1,0,2,20.0,6,1,3,2,1,1,5,1,0.0,3,1,1,0,1
37,1,0,0.76,-0.22,1,1,0,28.0,6,1,1,3,0,0,2,1,0.0,1,1,1,1,0
53,1,0,-0.44,-0.75,0,1,1,20.0,2,0,3,2,1,0,5,0,0.0,3,0,0,0,0
54,0,0,-0.41,0.88,1,1,1,40.0,3,1,2,3,0,1,5,0,1.0,1,0,1,0,0
30,0,0,-0.56,0.86,0,1,2,27.0,0,0,5,5,1,1,5,0,2.0,0,0,0,0,1
26,0,0,,,0,1,2,17.0,6,1,4,5,0,1,3,0,0.0,3,0,1,0,1
42,1,0,-1.77,,1,1,1,28.0,5,0,2,3,0,0,4,1,0.0,1,0,1,1,0
54,0,0,-0.32,-1.06,0,1,1,34.0,2,0,5,7,1,1,4,0,0.0,1,0,0,1,1
35,1,0,-2.07,-1.01,1,1,3,30.0,0,0,5,5,1,1,3,0,2.0,2,0,0,0,0
38,0,0,-2.75,-0.5,0,1,2,24.0,6,1,3,4,0,0,4,0,,1,0,1,0,0
52,0,0,-2.68,,0,0,1,25.0,6,1,1,6,0,0,2,0,1.0,1,0,0,0,1
39,0,0,-1.57,0.18,0,1,2,27.0,6,0,3,4,1,0,3,1,2.0,2,0,1,0,0
46,1,0,1.42,-0.02,0,1,2,26.0,1,1,5,5,1,1,5,1,0.0,3,0,1,1,0
55,0,0,2.32,-0.05,0,1,2,21.0,7,1,3,4,1,0,3,0,0.0,1,0,1,0,0
25,1,0,0.58,1.46,0,0,1,29.0,6,1,3,8,1,1,4,1,0.0,3,1,0,0,1
25,1,0,-4.1,-1.25,0,1,3,21.0,6,1,3,2,1,1,5,1,1.0,2,0,1,0,0
29,1,0,,-0.12,0,0,0,35.0,6,1,1,5,0,1,2,0,0.0,0,0,0,0,0
42,0,0,-1.25,-1.32,0,0,2,35.0,7,1,2,5,1,0,3,0,0.0,2,0,0,0,0
51,1,0,-1.95,1.33,0,1,2,23.0,7,1,5,2,1,0,2,0,2.0,2,0,0,1,0
28,0,0,1.97,-1.05,0,1,3,25.0,5,1,4,8,1,1,4,1,1.0,2,0,1,0,0
48,0,0,-1.43,1.71,0,0,1,26.0,3,1,2,4,0,1,2,0,0.0,1,0,0,0,0
26,1,0,-1.11,-0.91,0,1,3,29.0,3,0,5,2,0,0,5,1,2.0,2,0,1,0,0
28,1,1,-2.3,0.05,1,1,1,31.0,6,1,1,7,1,0,2,0,0.0,2,1,1,0,1
57,0,0,-1.56,0.25,1,1,1,32.0,6,1,1,3,1,0,1,0,0.0,1,0,0,0,0
34,1,0,0.55,0.92,0,1,2,32.0,0,0,5,3,0,1,4,1,1.0,2,1,1,0,0
38,1,1,-0.78,-1.09,0,1,1,38.0,1,1,4,7,1,0,3,0,1.0,1,0,1,0,0
33,0,0,-1.86,-1.37,0,1,0,29.0,7,1,2,5,1,1,3,0,0.0,3,0,0,0,0
36,0,1,-3.4,-0.65,0,1,3,21.0,6,1,2,4,0,0,3,1,0.0,2,0,0,0,0
40,1,0,-2.09,0.43,1,1,1,19.0,7,1,1,7,0,0,4,1,0.0,1,1,0,1,0
31,1,0,-0.61,-0.09,0,0,0,39.0,3,1,3,4,1,0,4,1,0.0,1,0,1,0,0
24,0,0,-1.44,0.98,0,1,2,32.0,6,1,3,8,0,0,3,0,0.0,2,1,0,0,1
49,0,0,-0.21,-0.85,0,1,2,30.0,6,0,4,4,1,1,2,0,2.0,1,1,1,0,1
43,1,0,-0.96,-0.43,0,1,1,32.0,3,0,2,2,1,0,5,0,1.0,0,0,1,1,0
43,0,0,0.57,-0.18,0,1,1,30.0,1,1,3,4,1,1,5,0,0.0,1,1,1,0,0
29,1,0,-0.64,-0.31,0,1,1,32.0,7,1,2,5,1,0,1,0,0.0,1,0,0,0,0
49,0,0,0.41,0.49,0,1,2,27.0,0,0,3,8,0,1,3,0,2.0,3,1,0,1,0
50,0,1,-0.91,1.3,1,1,2,35.0,5,0,5,4,1,1,3,0,2.0,2,0,1,1,0
41,0,0,1.88,-0.53,0,1,3,26.0,6,1,5,4,1,1,4,0,0.0,1,0,0,1,0
43,0,0,-0.53,-0.4,1,1,3,24.0,6,0,5,5,1,1,5,1,,2,0,1,1,0
37,0,0,-1.13,0.36,0,1,2,19.0,2,0,5,4,1,1,4,1,2.0,3,1,0,1,0
52,0,1,-0.08,0.15,0,1,0,28.0,6,1,2,3,1,0,2,0,0.0,3,1,0,0,0
57,1,0,-1.1,1.06,1,1,2,37.0,1,0,4,6,1,0,3,0,2.0,2,0,1,1,0
46,0,0,-1.85,-0.01,0,1,2,26.0,6,1,3,4,1,0,2,0,1.0,2,0,0,0,1
27,1,0,-2.25,-0.38,0,1,1,21.0,1,1,2,2,1,1,5,0,0.0,3,0,1,0,0
56,1,0,-0.95,1.73,0,1,2,31.0,6,1,4,6,1,1,3,1,0.0,1,0,1,1,0
43,0,1,-2.0,0.07,0,1,1,25.0,6,1,1,5,0,0,3,1,0.0,1,0,0,0,0
58,1,0,0.1,0.7,0,1,2,38.0,1,0,4,5,0,1,4,1,0.0,1,1,0,1,0
50,0,0,0.73,-1.52,0,1,2,35.0,2,0,5,4,1,1,4,0,0.0,3,1,0,0,0
46,0,0,-1.15,-0.4,0,1,1,21.0,6,1,1,4,0,0,2,0,1.0,2,0,1,1,0
35,0,0,0.86,1.11,0,1,3,28.0,0,0,4,7,0,1,4,0,1.0,2,1,0,0,0
46,1,0,0.41,0.1,0,1,1,24.0,1,1,4,8,1,1,2,1,1.0,2,0,0,1,0
32,0,0,-1.44,-0.69,0,1,2,22.0,4,1,4,12,1,1,4,0,2.0,3,0,0,0,0
36,0,0,-2.16,-2.15,1,1,2,29.0,7,1,1,5,0,0,3,0,0.0,2,0,1,0,1
47,1,0,,-0.39,1,1,0,34.0,5,1,1,10,0,0,2,1,0.0,1,1,1,0,0
57,1,1,-4.16,,0,1,1,29.0,3,1,1,5,0,1,1,0,0.0,0,1,1,1,1
43,0,1,-1.45,-0.25,1,1,2,26.0,7,1,1,7,0,0,3,0,0.0,3,0,1,0,0
53,1,0,-1.6,-0.38,1,1,0,16.0,4,1,1,9,0,0,2,1,0.0,1,0,1,0,0
39,1,0,0.69,-0.58,1,1,1,25.0,3,1,1,4,0,0,3,0,0.0,1,1,1,0,1
32,0,0,0.89,,0,1,2,32.0,3,1,4,9,0,0,5,0,0.0,2,0,1,0,1
27,0,0,-1.31,-0.12,1,0,1,21.0,3,1,2,5,0,0,3,0,0.0,1,0,1,0,0
33,1,0,0.16,0.33,0,1,1,37.0,3,1,2,5,1,0,4,1,0.0,1,0,1,0,0
28,1,0,-1.23,0.52,1,1,2,25.0,6,1,1,2,0,0,3,1,0.0,3,0,1,0,1
50,0,0,0.38,0.78,0,1,2,30.0,0,0,5,3,1,1,2,0,2.0,1,0,0,1,0
27,0,0,-2.38,-0.27,0,0,2,27.0,6,1,5,4,1,0,4,0,1.0,1,0,0,0,0
36,0,0,-1.39,0.12,0,1,1,22.0,1,0,3,6,0,1,3,0,1.0,2,0,1,0,0
55,1,0,0.03,-1.2,0,1,2,32.0,3,1,5,6,1,1,6,0,1.0,1,0,1,1,0
53,0,0,-0.83,0.24,0,1,1,25.0,1,1,4,8,1,0,4,0,1.0,1,1,1,0,0
54,1,0,1.11,-2.02,1,1,2,24.0,5,0,4,4,1,1,5,1,,2,0,0,1,0
57,0,0,-0.19,-1.61,0,1,2,15.0,6,1,3,3,1,0,5,1,0.0,3,1,1,1,0
42,0,0,0.33,0.19,1,1,2,37.0,3,0,4,5,1,1,3,1,0.0,2,0,0,1,0
28,1,0,,,0,1,3,29.0,1,1,5,10,0,0,3,1,,1,0,0,0,0
31,1,0,-0.58,-1.31,0,1,2,36.0,2,1,3,6,0,0,2,0,0.0,0,1,0,0,1
42,0,0,0.31,0.46,1,1,1,33.0,6,1,3,9,0,1,4,0,0.0,1,0,1,0,0
31,1,0,0.94,-0.34,1,1,0,36.0,2,1,2,7,1,0,1,0,0.0,2,0,0,0,0
55,0,0,-2.41,1.2,0,1,3,26.0,6,0,5,6,1,1,4,1,2.0,2,1,0,1,0
39,1,0,,1.2,0,1,1,21.0,3,1,1,10,0,0,4,0,0.0,1,1,0,0,0
43,0,0,-0.31,-2.25,0,1,2,34.0,1,0,4,2,1,1,4,0,1.0,1,0,1,0,0
28,1,0,1.54,1.98,0,1,3,30.0,6,0,5,6,1,1,4,1,2.0,2,0,0,0,0
29,1,0,-0.28,0.06,1,0,1,26.0,4,0,1,2,0,1,3,1,0.0,1,0,1,0,0
52,0,0,-0.95,0.67,0,1,3,33.0,0,0,5,3,1,1,5,1,2.0,2,0,1,1,0
52,1,1,-1.33,-0.35,0,1,2,31.0,7,0,4,5,0,0,3,1,2.0,1,0,0,1,0
45,0,0,0.12,0.42,1,1,1,33.0,1,1,3,4,1,0,2,1,0.0,2,0,0,0,0
31,1,0,-1.66,0.19,0,0,1,23.0,3,1,2,2,0,0,1,0,0.0,1,1,1,0,1
40,1,0,0.1,0.84,0,1,3,35.0,3,0,4,2,0,1,5,0,1.0,3,0,1,0,0
41,0,0,-2.12,-0.49,0,0,0,29.0,4,1,1,6,1,1,2,0,0.0,0,0,1,0,0
33,1,0,-0.19,0.47,0,1,1,36.0,6,1,3,8,1,1,3,1,0.0,2,1,1,0,0
58,1,0,0.5,0.74,0,1,3,35.0,0,0,4,2,1,1,5,1,2.0,1,1,0,1,0
39,1,0,-3.26,-1.87,0,1,2,33.0,7,1,5,4,1,1,5,0,1.0,3,0,0,1,1
56,0,0,1.1,-0.45,0,0,1,28.0,6,1,2,10,0,0,4,1,0.0,0,1,1,0,0
42,0,0,2.18,0.08,0,1,3,33.0,7,0,5,2,1,1,4,0,1.0,2,1,1,1,0
45,0,0,-3.53,-0.63,0,1,1,36.0,6,1,1,2,0,0,2,0,0.0,2,1,0,0,1
59,1,1,-1.44,,1,1,0,33.0,7,1,4,4,1,1,4,0,0.0,0,0,1,1,0
29,0,0,-1.89,1.69,0,0,3,30.0,5,0,5,8,1,1,2,0,2.0,2,0,1,0,0
45,0,0,-2.9,0.06,0,1,3,33.0,3,1,3,2,1,1,4,0,1.0,2,0,0,0,0
37,0,0,0.11,-0.03,1,1,2,26.0,3,0,2,2,1,0,2,0,0.0,2,0,1,0,0
30,1,0,0.74,-0.13,0,1,0,38.0,6,1,1,4,0,0,3,0,0.0,2,1,0,0,1
32,1,0,-0.04,-1.49,0,1,3,19.0,3,1,5,4,0,1,6,1,2.0,2,0,1,0,0
30,0,0,0.46,-1.12,0,0,0,29.0,6,1,1,3,0,0,3,0,0.0,1,0,0,0,1
48,1,0,-0.92,-0.79,0,1,2,27.0,0,0,5,7,1,1,5,1,1.0,3,0,0,0,0
46,0,0,-2.86,0.56,0,1,1,25.0,6,1,1,5,1,0,1,0,0.0,2,0,1,0,0
51,1,1,-1.33,-0.4,0,1,2,31.0,1,1,4,9,1,0,6,1,1.0,3,1,0,1,0
53,1,0,-2.09,-0.32,0,0,1,22.0,7,1,1,4,1,0,2,0,0.0,1,0,1,0,0
46,0,0,-0.85,,0,1,0,42.0,1,1,1,7,0,0,1,0,0.0,1,0,1,1,0
35,0,1,-0.07,-0.43,0,1,2,21.0,1,1,2,5,1,0,4,0,,1,1,1,0,0
45,1,0,-2.3,1.92,0,1,1,23.0,6,1,2,4,1,1,3,1,0.0,2,0,1,0,0
46,1,0,-2.31,0.02,1,1,1,23.0,6,1,3,6,1,0,3,0,0.0,1,1,0,1,0
35,0,0,0.78,1.39,1,1,3,30.0,6,0,4,3,1,0,5,1,2.0,1,1,1,0,0
55,1,0,-1.37,-0.88,0,0,1,35.0,7,0,2,5,1,0,3,1,1.0,1,0,0,1,0
40,1,0,0.67,-1.12,0,1,3,32.0,2,0,4,7,0,1,3,1,2.0,3,1,0,0,0
41,1,0,-2.14,0.64,0,1,1,38.0,6,1,1,8,1,0,1,1,0.0,1,1,1,0,1
59,0,0,-1.21,0.06,1,1,3,24.0,3,1,3,11,1,1,4,1,2.0,2,1,0,1,0
40,1,1,0.3,0.62,1,1,2,33.0,5,1,4,6,1,1,6,1,2.0,3,1,0,1,0
56,1,0,0.56,1.79,0,1,2,27.0,3,0,4,3,1,0,4,0,1.0,3,0,1,1,0
36,0,0,1.59,0.25,0,1,3,30.0,0,0,5,2,1,0,6,1,2.0,2,0,0,0,0
49,1,0,-0.4,0.46,0,1,2,36.0,5,0,5,4,1,1,5,1,2.0,2,0,0,1,0
58,1,0,0.67,-0.51,1,1,2,19.0,6,1,2,2,0,1,4,0,1.0,1,1,0,1,0
55,0,1,,-0.12,1,1,0,41.0,1,1,1,5,1,1,2,0,0.0,1,1,1,0,0
30,1,0,0.31,0.33,0,1,2,28.0,7,0,5,4,1,1,1,0,2.0,2,0,1,0,0
49,0,0,-2.17,0.23,0,0,1,19.0,5,1,1,6,1,0,3,0,0.0,2,0,1,0,1
31,0,0,0.01,0.2,0,1,1,25.0,1,1,3,6,1,0,2,0,0.0,1,1,1,0,1
47,1,0,-1.26,-1.73,0,1,1,30.0,6,1,2,4,1,0,4,0,0.0,1,0,1,0,0
50,0,0,1.54,1.43,0,1,2,25.0,1,0,3,4,1,1,4,1,,1,0,0,0,0
51,1,0,-0.38,0.07,0,0,2,17.0,0,0,4,3,1,1,6,0,0.0,1,0,1,1,0
55,0,0,-0.59,1.57,1,1,2,30.0,6,1,4,3,0,1,5,1,0.0,2,0,1,0,0
32,1,0,,-0.76,0,1,2,25.0,1,1,5,6,1,1,2,1,2.0,2,0,1,0,0
29,1,0,-0.28,-0.52,0,1,2,33.0,1,1,4,4,1,1,3,0,1.0,1,0,1,0,1
58,1,0,-1.43,-0.3,0,1,3,23.0,6,1,3,8,1,1,4,0,2.0,2,1,0,1,0
47,1,0,-2.14,-0.43,1,1,2,43.0,0,0,4,5,1,1,2,0,1.0,3,0,0,0,0
39,1,1,-2.72,0.1,0,0,1,32.0,6,0,1,4,0,0,2,0,1.0,1,1,1,0,0
39,1,0,,1.07,0,1,2,30.0,6,0,4,2,1,1,3,0,2.0,0,0,1,1,0
25,1,0,-1.45,1.11,1,0,0,33.0,1,1,1,6,0,1,2,1,0.0,2,1,0,0,1
59,1,0,-0.2,-0.73,1,1,1,18.0,5,1,1,4,1,0,4,0,0.0,2,0,1,1,1
30,0,0,-1.03,-0.62,0,0,2,26.0,0,0,4,5,1,0,3,0,1.0,2,1,0,0,1
49,0,0,2.53,0.75,0,1,2,40.0,5,0,4,3,0,1,5,0,2.0,3,0,0,1,0
47,1,0,-2.01,-1.08,0,0,2,27.0,0,0,4,3,1,1,4,0,1.0,3,1,1,1,0
58,0,0,0.45,0.73,0,1,2,29.0,7,1,5,6,0,1,5,1,0.0,3,1,0,1,0
47,1,0,0.12,-0.26,0,1,2,26.0,1,1,4,7,1,1,3,0,1.0,2,1,0,1,0
57,1,0,-1.61,-0.62,0,1,0,,6,1,2,2,1,0,2,0,0.0,2,1,0,1,0
43,1,0,,-2.75,0,1,2,28.0,1,1,5,7,1,1,3,0,1.0,3,0,0,1,0
43,1,0,1.75,0.33,0,1,2,21.0,1,0,5,4,1,1,5,1,0.0,2,0,0,0,0
42,1,0,0.41,0.39,0,0,2,44.0,4,1,2,5,0,0,4,0,0.0,2,0,0,0,0
57,0,1,-0.46,-1.44,0,0,2,21.0,5,1,1,2,0,1,2,1,0.0,3,0,1,0,0
46,1,0,,,0,1,1,28.0,7,0,3,3,1,0,3,0,1.0,1,1,1,1,1
56,1,0,-0.4,0.32,0,1,1,24.0,0,0,2,5,1,0,3,1,0.0,3,0,0,0,0
49,0,0,0.93,-0.47,1,1,3,25.0,0,0,5,4,1,1,4,1,2.0,0,1,1,1,0
43,1,1,-0.69,,1,1,1,,3,1,1,3,0,0,2,0,0.0,1,0,0,0,1
31,0,0,-2.36,0.8,0,1,1,26.0,3,0,3,3,0,0,2,0,0.0,0,0,1,0,1
47,1,0,-0.36,0.08,0,1,1,35.0,6,1,3,2,1,1,4,0,0.0,0,1,1,0,1
31,1,1,-1.16,0.29,0,1,2,18.0,7,1,1,4,0,0,2,0,0.0,3,0,0,0,0
50,0,0,,-0.44,0,1,1,37.0,6,0,2,2,0,0,3,0,0.0,2,0,0,1,0
25,1,0,-0.68,0.79,0,1,2,36.0,1,0,4,4,1,0,4,0,1.0,1,0,0,0,0
39,1,0,-2.01,-1.73,0,1,0,32.0,3,0,4,3,1,0,3,0,1.0,1,0,1,0,1
45,1,0,-1.69,0.67,0,1,2,30.0,6,0,3,3,0,1,5,1,2.0,1,1,1,1,0
37,0,0,-0.4,1.05,0,1,2,31.0,3,1,2,8,0,0,4,0,0.0,1,0,0,1,0
37,1,0,,-1.01,0,1,0,38.0,6,1,1,5,0,0,2,0,0.0,3,1,0,1,1
25,0,0,-1.76,-1.04,1,1,0,19.0,2,1,1,2,0,0,4,0,0.0,2,0,0,0,1
57,0,1,-0.76,1.52,0,1,2,33.0,3,0,3,6,1,1,3,1,0.0,2,0,1,1,0
25,1,0,-3.33,0.21,1,1,1,25.0,6,1,2,7,0,0,3,0,0.0,2,0,1,0,0
36,0,0,-3.05,-1.62,0,1,2,34.0,2,0,3,8,1,1,4,1,2.0,2,0,0,0,0
56,1,0,0.17,,0,1,2,25.0,7,0,4,5,1,1,5,0,2.0,3,0,0,0,0
44,1,0,0.3,-1.74,0,1,3,33.0,2,0,4,2,1,1,4,1,2.0,1,0,1,1,0
41,0,0,0.66,-0.16,1,1,2,20.0,0,0,5,4,1,1,3,0,1.0,2,0,1,0,0
36,1,1,-3.35,-0.13,0,1,3,19.0,2,0,3,5,1,1,5,0,2.0,3,0,0,0,0
26,0,0,0.63,,1,1,2,28.0,1,1,1,6,0,1,1,1,0.0,2,1,0,0,1
36,1,0,-0.87,0.01,0,1,3,38.0,5,1,4,4,1,1,2,0,2.0,2,0,0,0,0
43,1,0,-0.86,1.66,1,0,2,32.0,1,0,5,3,1,1,3,1,2.0,3,0,0,0,0
37,1,0,-0.42,-0.15,1,1,1,32.0,5,1,1,5,1,1,4,0,0.0,2,0,1,0,0
41,0,0,-0.51,-2.01,0,1,2,34.0,6,1,3,4,1,0,4,0,0.0,1,0,0,0,0
45,1,0,1.64,0.68,0,1,1,27.0,3,0,5,4,1,1,4,1,1.0,2,0,0,1,0
39,1,0,0.52,0.17,0,1,1,33.0,1,1,5,5,1,1,5,1,0.0,2,0,1,0,0
37,1,0,1.17,-0.27,1,1,2,26.0,3,1,3,5,1,0,3,1,0.0,1,1,0,0,0
55,1,1,-1.36,1.04,0,1,2,27.0,6,1,4,4,1,1,2,1,2.0,2,0,1,0,0
29,1,0,0.07,0.57,0,0,0,28.0,5,1,1,3,0,0,1,0,0.0,1,0,1,0,0
43,1,0,-2.78,-0.88,0,1,3,26.0,1,0,4,7,1,1,4,0,2.0,1,0,0,0,0
29,1,0,-1.07,0.09,0,1,1,29.0,5,1,2,2,0,0,3,0,0.0,1,1,1,0,1
28,0,0,-2.67,0.74,0,1,0,27.0,4,1,2,8,1,0,0,1,0.0,2,1,1,0,1
42,0,0,-0.01,0.14,0,1,2,25.0,3,1,5,5,1,1,5,0,2.0,1,0,1,1,0
25,1,0,0.2,-1.23,1,1,3,28.0,1,0,5,4,0,1,3,1,2.0,1,0,0,0,0
39,0,0,-0.02,,0,1,0,30.0,7,0,2,3,1,0,1,0,0.0,2,1,0,0,0
34,1,0,-1.05,-0.57,0,1,0,22.0,1,1,1,3,1,0,5,0,,0,1,1,0,1
55,1,0,-1.15,,0,1,1,32.0,1,1,5,5,1,1,3,0,2.0,3,0,0,1,0
31,0,0,,-0.98,1,1,2,26.0,1,1,4,7,1,0,5,1,2.0,1,0,1,0,0
25,1,0,-0.36,0.24,1,0,2,30.0,5,1,3,3,0,1,5,0,0.0,3,1,0,0,0
26,1,0,-1.56,-0.76,0,1,2,25.0,3,1,2,5,0,0,4,0,0.0,1,1,0,0,0
33,1,0,0.62,0.71,0,1,1,35.0,2,1,3,8,1,0,2,0,1.0,1,1,1,0,0
24,1,0,-1.62,1.09,0,1,1,35.0,3,1,1,2,0,0,2,1,0.0,2,0,1,0,0
48,1,0,,0.09,1,1,1,23.0,6,1,3,3,0,1,4,0,0.0,3,0,0,1,0
25,1,0,-1.82,-1.21,0,1,2,32.0,2,1,1,3,0,0,2,0,0.0,2,0,1,0,0
48,1,0,-0.25,-0.93,0,1,1,38.0,7,1,2,7,0,0,3,0,0.0,2,0,0,1,0
32,1,0,-1.58,-0.08,0,1,0,23.0,2,1,1,6,0,0,2,0,0.0,2,0,1,0,1
26,0,0,0.15,0.06,1,1,1,24.0,1,0,1,4,1,1,3,0,0.0,3,1,1,0,0
37,0,0,,-0.71,0,1,1,33.0,7,1,2,3,0,0,2,0,0.0,3,1,1,1,1
32,1,0,-0.95,-0.46,1,1,1,21.0,6,1,1,6,0,0,4,1,0.0,2,1,1,0,0
42,1,0,1.81,0.56,1,1,2,24.0,3,0,4,4,1,0,4,1,2.0,0,0,0,1,0
32,0,0,-1.29,0.89,0,1,0,23.0,6,1,2,4,0,0,2,0,0.0,1,0,0,0,0
57,0,0,0.07,0.05,0,1,2,33.0,5,0,5,5,1,1,4,1,2.0,1,1,1,0,0
58,0,1,-1.22,0.51,0,1,2,25.0,3,1,3,4,0,0,6,1,0.0,2,0,1,0,0
36,1,0,-1.53,-0.02,0,1,2,27.0,6,0,4,5,1,1,5,0,1.0,3,1,0,0,0
57,0,0,0.93,0.21,1,0,1,25.0,6,1,3,6,0,0,3,1,0.0,2,0,1,1,0
59,0,0,-0.05,-0.67,1,1,3,36.0,2,1,4,2,1,0,6,1,1.0,1,0,1,0,0
59,0,0,-0.64,0.45,0,1,2,24.0,5,0,5,6,0,1,2,0,2.0,2,0,0,1,0
35,0,0,-1.2,1.35,0,1,2,21.0,3,0,4,7,0,1,3,1,2.0,2,0,1,0,0
29,1,0,2.02,,0,1,2,20.0,0,0,5,5,1,1,4,1,0.0,3,0,0,0,0
47,0,0,-1.35,,0,1,1,33.0,7,1,1,10,1,1,1,0,0.0,2,1,1,1,0
49,0,0,-0.34,-0.83,0,1,2,34.0,5,0,5,3,1,0,3,1,2.0,2,0,0,0,0
41,0,0,1.17,0.4,0,1,3,36.0,5,1,5,6,1,1,5,0,1.0,2,1,0,1,0
42,1,0,1.4,-2.07,0,1,2,21.0,5,0,4,10,0,1,3,1,2.0,2,0,0,1,0
37,1,0,-1.56,0.47,0,1,1,28.0,5,0,2,4,1,1,3,1,0.0,2,0,1,0,0
51,1,0,0.34,1.42,0,1,2,44.0,2,1,4,9,0,0,4,0,1.0,3,1,1,1,1
53,0,0,0.12,-0.63,0,1,2,27.0,7,0,3,2,1,0,1,0,0.0,1,0,1,0,0
31,1,0,-0.21,-0.18,0,1,3,26.0,5,0,5,10,1,0,4,1,1.0,2,1,1,0,0
55,1,0,-1.56,0.78,1,1,0,29.0,6,0,2,4,0,0,2,1,1.0,1,0,1,0,1
25,0,0,-0.71,-1.36,0,1,3,32.0,4,1,5,5,1,1,3,1,2.0,1,0,1,0,0
48,1,0,0.23,0.29,1,1,1,32.0,2,0,2,5,1,1,2,0,0.0,1,0,1,1,0
28,1,0,0.28,-0.69,0,1,3,25.0,0,0,5,3,1,0,6,1,2.0,2,0,0,0,0
31,1,0,-1.25,0.31,0,0,0,25.0,3,1,1,9,0,0,1,0,0.0,2,1,0,0,0
42,1,1,-2.22,-0.34,0,1,0,27.0,1,1,3,8,1,1,3,1,0.0,2,1,0,1,0
33,0,0,0.3,-2.85,0,1,0,25.0,6,0,3,2,1,1,2,0,0.0,1,0,1,0,0
59,1,0,-0.16,-1.07,0,1,1,22.0,6,1,4,6,1,0,4,1,1.0,2,1,1,0,0
50,0,0,-1.6,-0.19,0,1,2,40.0,2,0,3,2,1,1,4,0,2.0,1,0,1,0,0
25,0,0,-0.63,1.85,0,1,3,27.0,3,1,4,4,1,1,6,1,2.0,2,0,0,0,0
35,1,0,-0.31,-0.5,0,1,1,27.0,6,1,1,2,1,0,3,0,0.0,1,0,1,0,1
45,1,0,-2.55,-0.74,0,1,1,27.0,1,0,4,2,1,1,4,1,1.0,0,1,1,1,0
29,0,0,-1.01,0.13,0,1,1,29.0,7,1,2,3,0,0,2,0,0.0,1,0,0,0,0
31,1,0,0.51,-3.18,1,0,3,32.0,3,1,3,6,1,0,5,1,1.0,2,1,0,0,1
25,0,0,-0.24,1.25,1,1,1,26.0,1,1,4,5,1,0,1,1,0.0,3,0,1,0,1
26,0,0,0.62,0.6,0,1,3,36.0,1,1,4,8,1,0,6,0,2.0,1,0,1,0,0
58,0,0,-2.85,-0.61,0,1,3,33.0,7,1,3,2,0,1,3,0,1.0,3,0,0,1,0
46,1,0,-1.73,0.7,0,1,3,28.0,2,1,4,2,0,1,4,1,2.0,2,0,0,1,0
34,0,0,0.06,0.12,0,1,1,25.0,6,0,2,4,0,1,4,1,1.0,0,1,1,0,0
37,0,0,0.3,-0.07,0,1,2,36.0,1,0,5,5,1,1,5,1,1.0,2,1,0,0,0
42,0,0,,0.61,0,0,3,28.0,1,0,5,3,1,1,4,1,2.0,1,0,0,0,0
50,0,1,-1.37,-0.35,0,1,1,22.0,6,1,1,3,0,1,3,0,0.0,2,0,1,0,0
34,1,0,0.53,0.23,0,1,2,35.0,1,0,5,2,1,1,5,0,0.0,2,0,0,0,0
37,0,0,-0.72,0.62,0,1,2,25.0,0,0,5,9,1,0,4,1,2.0,3,0,0,1,0
41,0,0,-0.96,-0.32,1,0,2,34.0,5,1,5,4,1,1,4,0,1.0,3,0,1,1,0
27,0,0,-1.69,-0.07,0,1,2,15.0,6,0,5,4,1,1,4,1,2.0,3,1,1,0,0
31,1,0,1.07,-1.27,0,1,2,27.0,3,1,3,10,1,1,3,0,0.0,1,0,0,0,0
50,0,0,,-1.23,0,1,2,36.0,1,0,5,3,1,1,4,0,2.0,1,0,0,0,0
53,0,1,0.06,-1.96,0,1,1,29.0,7,1,1,2,0,0,3,0,0.0,2,1,0,0,1
47,0,0,-2.36,0.18,0,0,2,33.0,6,1,2,4,0,0,4,1,1.0,2,1,1,0,0
57,1,0,-0.67,-0.49,1,1,2,24.0,6,0,2,4,0,0,3,1,0.0,2,0,1,1,1
56,1,1,-1.88,-1.12,0,1,3,31.0,6,1,5,4,1,0,4,0,1.0,1,0,0,1,0
47,0,0,,,1,1,3,,6,0,5,6,1,1,3,1,2.0,2,0,1,0,0
49,1,0,2.01,-1.24,1,1,0,30.0,3,0,2,4,0,1,4,0,0.0,2,0,1,1,0
35,1,0,0.84,0.08,1,1,2,41.0,3,1,3,4,1,0,1,1,0.0,2,1,1,0,0
24,1,0,-1.52,0.97,0,1,3,37.0,6,1,4,4,0,0,4,1,0.0,0,0,0,0,0
33,1,0,-1.86,,0,1,1,34.0,6,1,4,7,1,0,3,0,0.0,2,1,1,0,1
53,0,0,-0.93,-0.33,0,0,2,34.0,7,0,2,4,1,0,2,0,0.0,1,1,1,1,0
50,1,0,-1.18,-0.44,0,1,0,24.0,5,0,1,5,1,0,4,0,0.0,2,0,1,1,0
43,0,1,-0.5,-1.9,0,0,2,26.0,2,1,3,4,1,0,4,0,0.0,2,0,1,0,1
44,0,0,-0.79,,1,0,0,20.0,4,1,1,6,0,1,2,1,0.0,2,1,1,0,1
24,1,0,-0.58,1.24,1,1,2,21.0,5,1,3,3,0,1,4,1,1.0,1,0,1,0,1
30,1,1,-1.14,0.15,0,1,2,24.0,3,1,4,7,1,0,3,1,2.0,2,1,1,0,0
52,0,0,-1.1,1.18,0,1,2,29.0,6,0,5,6,0,0,5,1,1.0,2,1,1,1,0
57,1,0,0.77,-1.82,1,1,3,22.0,5,0,5,3,0,0,4,0,2.0,3,1,1,0,0
51,1,0,-2.9,-0.02,0,1,2,29.0,0,0,5,2,1,1,3,0,2.0,2,0,1,1,0
31,1,0,-0.2,-1.67,1,1,1,28.0,5,1,5,6,0,1,3,0,0.0,3,1,0,0,1
59,1,0,0.1,-2.11,1,1,2,22.0,5,1,5,9,1,1,4,0,1.0,2,0,1,0,0
41,0,0,-0.41,-0.84,1,1,2,38.0,7,1,5,5,1,1,5,1,2.0,2,0,0,1,0
41,1,0,-0.03,1.64,1,1,1,21.0,3,1,2,3,0,1,0,1,0.0,1,1,1,0,0
38,1,0,-0.06,-1.07,0,1,1,36.0,5,1,1,7,1,0,0,0,0.0,1,0,1,0,0
52,0,0,-0.07,0.71,1,1,1,15.0,4,0,5,2,1,1,4,0,1.0,1,0,1,1,0
49,1,0,2.06,-0.36,0,1,2,28.0,5,1,3,6,1,1,5,1,0.0,1,1,0,0,0
49,1,0,-0.96,1.29,0,0,2,22.0,0,0,5,4,1,1,5,1,2.0,2,0,0,0,1
24,0,0,-1.5,0.5,0,1,1,25.0,7,1,2,5,0,1,1,0,0.0,2,1,1,0,0
41,0,0,-0.86,1.3,0,1,2,40.0,7,1,4,8,1,1,6,1,1.0,3,0,1,1,0
28,1,0,0.26,-0.74,0,1,2,27.0,5,1,1,5,0,0,5,0,0.0,1,0,0,0,0
30,0,0,-0.7,,0,1,0,22.0,5,1,2,2,0,1,2,1,0.0,2,1,0,0,1
50,0,0,-2.44,0.1,0,1,3,32.0,0,0,4,5,1,0,4,0,1.0,3,1,1,0,0
39,0,0,-0.39,2.6,0,1,3,27.0,5,0,5,2,1,1,5,1,2.0,2,0,0,1,0
56,1,0,-1.07,0.88,1,0,2,30.0,3,1,4,6,1,1,4,1,1.0,3,1,0,1,0
29,0,0,0.91,-0.4,1,1,2,24.0,6,1,1,7,0,0,1,1,0.0,1,0,0,0,0
58,0,0,-1.09,2.09,0,1,2,24.0,0,0,5,3,1,1,3,0,2.0,1,0,0,1,0
34,0,0,-0.4,2.1,0,1,2,24.0,6,1,4,9,0,0,4,0,0.0,3,0,1,0,1
47,1,0,-1.97,-0.58,0,1,2,34.0,2,1,5,5,0,1,4,0,2.0,1,0,0,0,0
55,0,0,-0.05,0.26,1,1,3,28.0,6,1,4,5,1,0,5,0,2.0,2,1,1,0,0
29,0,0,1.19,-0.56,0,1,1,23.0,5,1,2,5,1,0,3,0,0.0,1,0,1,0,1
33,1,0,-2.15,-1.83,0,0,1,30.0,2,1,1,6,1,0,2,0,0.0,2,0,0,0,0
34,1,0,1.06,0.24,1,1,3,29.0,3,0,5,3,0,0,6,1,2.0,2,0,1,0,0
53,1,0,-0.47,-3.07,0,1,3,32.0,6,1,4,5,1,1,4,1,2.0,2,0,0,1,0
57,0,0,-0.99,-0.1,1,1,1,26.0,5,1,2,10,0,1,3,0,0.0,2,1,1,0,0
25,0,0,-0.11,-0.23,0,1,2,29.0,0,0,2,2,1,1,4,0,0.0,0,1,1,0,1
52,0,0,,-0.32,0,1,0,32.0,3,1,1,10,0,0,3,0,0.0,1,1,1,0,1
41,0,0,-1.19,-0.15,0,1,1,23.0,3,0,5,3,0,1,5,0,2.0,2,0,0,1,0
49,0,0,-1.79,-0.53,0,1,1,34.0,6,1,3,2,0,1,4,0,0.0,3,0,0,1,0
50,1,0,,-1.97,1,1,1,29.0,5,0,1,2,1,0,4,0,0.0,0,0,0,1,0
47,1,0,1.05,-1.34,0,1,2,22.0,0,0,5,3,1,1,6,0,2.0,3,0,0,0,0
55,1,0,-0.2,-0.32,1,1,0,22.0,5,1,1,5,0,0,4,0,0.0,1,1,0,1,1
31,0,0,,0.01,1,1,2,28.0,6,0,5,6,1,1,4,1,1.0,3,0,0,0,0
24,0,0,0.33,0.76,0,1,2,26.0,6,1,3,10,0,0,3,0,1.0,2,0,1,0,0
42,1,0,,-0.5,0,1,2,34.0,0,0,4,3,1,0,6,0,0.0,2,0,0,1,0
52,1,0,-1.22,-1.09,0,1,1,,2,1,4,6,0,1,1,1,1.0,2,0,0,0,0
31,1,0,-1.0,-0.41,0,1,1,31.0,3,1,3,2,1,1,3,1,0.0,3,1,0,0,0
56,1,0,0.14,-2.14,1,1,3,24.0,1,1,5,5,1,1,6,0,2.0,2,0,0,1,0
28,0,0,-1.7,0.16,0,1,1,29.0,3,0,4,5,0,1,3,1,1.0,1,0,1,0,0
29,0,0,-1.9,0.63,1,1,1,37.0,0,0,5,2,1,1,4,0,1.0,2,1,1,0,1
55,1,0,-2.18,1.14,0,1,1,28.0,1,1,2,6,0,1,3,0,0.0,3,1,1,0,0
25,1,0,-1.47,0.18,0,0,2,26.0,6,1,3,3,1,0,5,0,1.0,1,0,1,0,0
59,0,0,-0.58,-1.07,0,1,2,24.0,2,1,5,10,1,1,6,0,2.0,2,0,1,1,0
31,0,0,-0.26,-0.79,0,1,1,29.0,6,0,3,6,0,0,5,1,1.0,3,1,1,0,1
29,1,0,-0.34,-0.12,0,1,2,37.0,0,0,5,2,1,1,4,1,2.0,1,0,0,0,0
32,1,1,-0.29,-0.96,1,1,1,21.0,5,1,1,5,0,0,1,0,0.0,2,1,0,0,0
53,1,0,-0.48,-1.43,1,1,1,29.0,3,0,1,3,0,0,4,0,0.0,2,0,1,0,0
30,0,1,-1.09,-0.63,1,1,3,19.0,6,0,4,2,1,1,5,1,2.0,0,0,1,0,1
46,1,0,-0.38,0.87,0,1,0,27.0,6,1,3,6,1,1,1,0,0.0,2,0,0,0,0
45,1,1,-1.0,0.35,0,1,2,31.0,3,0,4,6,1,1,5,1,0.0,1,1,1,1,0
47,0,1,-2.37,,0,1,1,20.0,5,1,1,2,1,0,4,0,0.0,1,0,1,0,0
33,0,0,-0.53,,0,1,2,26.0,2,1,3,4,1,0,3,0,0.0,1,0,1,0,0
52,0,0,-0.12,1.27,0,1,2,31.0,5,1,3,6,0,0,4,1,0.0,2,0,1,1,0
49,0,0,0.4,0.25,0,1,1,30.0,0,0,3,3,1,1,3,1,0.0,3,0,0,1,0
47,0,0,1.35,0.14,0,0,1,31.0,3,1,1,7,0,0,1,0,0.0,1,0,1,0,1
42,0,0,0.71,-0.16,0,1,1,23.0,1,1,3,4,0,0,5,1,0.0,2,0,1,1,0
41,0,0,-1.53,-2.5,0,1,2,31.0,6,1,4,2,1,0,5,0,1.0,3,0,1,0,0
40,1,0,,1.36,1,1,2,25.0,3,0,4,6,1,1,4,0,1.0,1,1,0,0,0
55,0,1,-0.2,0.04,0,0,1,33.0,5,1,1,3,1,0,1,0,0.0,2,0,1,1,0
55,0,0,-0.89,-1.12,0,1,1,15.0,3,1,3,2,0,0,4,0,1.0,3,0,1,0,0
32,1,0,-1.19,2.05,0,1,2,27.0,2,1,4,5,1,1,4,1,1.0,3,0,0,0,0
45,0,1,0.34,-0.24,0,0,2,30.0,1,1,1,6,0,0,3,1,0.0,0,1,0,0,1
50,0,1,-1.25,-0.39,0,1,1,37.0,7,0,4,6,0,1,4,1,0.0,3,1,0,0,0
33,1,0,-0.51,-1.0,0,1,2,30.0,6,1,4,3,1,0,3,0,1.0,3,0,1,0,0
30,1,0,-1.92,-0.89,0,1,1,30.0,1,1,1,6,0,0,1,0,0.0,1,1,0,0,0
27,1,0,-2.72,-1.63,0,1,2,31.0,6,1,4,6,0,1,3,0,1.0,2,0,1,0,0
29,0,0,-1.07,-0.39,0,1,3,37.0,3,0,5,2,1,1,4,1,2.0,2,1,1,0,0
43,1,0,-1.11,,0,1,2,27.0,0,0,4,4,1,1,5,0,2.0,2,1,0,1,0
41,0,0,-2.86,0.37,0,1,1,21.0,5,1,2,6,0,0,3,0,1.0,0,0,1,0,0
50,1,0,-0.07,-1.76,0,1,2,,1,0,5,6,1,1,3,0,2.0,3,0,0,1,0
53,0,0,-0.29,,0,1,2,33.0,1,1,3,9,0,0,5,0,0.0,1,1,0,1,0
48,0,0,-0.14,-1.5,0,1,1,30.0,6,1,1,4,1,0,1,0,0.0,2,1,0,1,0
40,1,0,-1.69,0.72,0,1,2,27.0,2,1,2,3,0,0,4,0,0.0,1,1,0,0,1
52,0,0,-2.9,0.57,0,1,1,25.0,7,1,3,7,0,0,2,1,1.0,0,0,1,0,0
56,1,0,-0.76,-1.93,1,1,2,30.0,6,1,4,6,1,0,5,0,0.0,0,0,1,0,0
52,0,0,-2.63,-0.54,0,1,1,30.0,6,1,1,5,0,0,3,0,0.0,2,1,1,0,1
47,1,0,-0.85,1.22,1,0,2,32.0,5,1,2,5,0,0,4,0,0.0,1,1,1,0,0
42,1,0,,,0,1,2,22.0,6,1,4,6,0,0,3,1,0.0,2,0,0,0,0
34,0,0,-1.43,-0.53,0,1,2,18.0,3,1,2,4,0,0,4,0,1.0,1,0,0,0,0
33,1,0,-1.27,0.17,1,1,1,24.0,5,1,1,2,1,0,3,0,0.0,1,0,1,0,0
56,1,1,-3.24,0.78,0,1,2,21.0,5,1,4,7,1,1,3,1,1.0,2,0,0,1,1
53,0,0,-1.27,1.58,1,1,2,21.0,7,1,2,9,1,0,5,0,0.0,0,1,0,1,1
55,1,0,1.84,-0.37,0,1,3,38.0,1,1,5,2,1,0,5,1,2.0,3,0,1,0,0
39,1,0,-0.18,1.18,0,1,2,15.0,5,0,2,5,0,0,6,0,0.0,3,0,1,0,0
51,1,0,-2.02,-0.73,1,0,0,32.0,6,1,2,3,1,1,4,0,0.0,2,0,1,0,0
29,0,0,,-0.7,1,1,2,34.0,3,1,3,3,1,0,2,0,1.0,0,1,1,0,1
56,1,0,-1.0,-0.36,0,1,1,35.0,6,1,2,4,1,0,2,0,1.0,1,1,1,1,0
56,0,0,-0.38,-0.02,1,1,1,31.0,3,0,2,4,0,0,2,0,1.0,1,1,0,1,0
46,0,0,-2.22,0.49,0,1,0,37.0,1,1,1,8,1,0,1,0,0.0,2,1,1,1,1
31,0,1,,-0.04,0,1,1,40.0,5,1,5,2,1,1,6,0,2.0,1,0,0,0,0
52,0,0,-2.97,-0.61,1,1,1,27.0,3,1,3,7,1,0,4,0,1.0,2,1,0,0,0
29,1,0,0.62,-0.8,0,1,1,32.0,0,0,5,8,0,1,4,0,0.0,2,0,1,0,1
25,0,0,-1.14,0.65,0,1,2,37.0,0,0,5,9,1,1,6,1,2.0,3,0,1,0,0
30,0,0,0.5,0.02,0,1,3,24.0,1,1,4,7,1,1,6,0,1.0,3,1,0,0,0
40,0,0,-0.35,0.2,0,0,1,28.0,6,0,3,5,1,1,4,1,2.0,3,0,1,0,0
31,0,0,-0.07,0.29,1,1,2,25.0,7,1,3,7,1,0,4,0,1.0,1,0,0,0,0
48,1,0,-0.46,1.45,0,1,2,32.0,5,1,5,5,0,1,3,0,2.0,3,0,0,0,0
33,1,0,1.29,1.02,0,1,2,18.0,1,1,3,6,0,1,2,0,1.0,0,0,0,0,0
51,0,0,-0.76,0.81,0,1,3,38.0,5,0,5,3,1,1,4,1,2.0,2,0,1,1,0
44,1,0,0.57,-0.41,0,1,0,32.0,6,0,1,2,0,0,2,0,0.0,1,1,1,0,1
46,1,0,-1.05,-1.54,0,0,0,33.0,6,0,1,3,1,0,4,0,0.0,1,1,0,1,0
31,0,0,-0.02,-0.42,0,0,2,15.0,2,0,5,2,1,1,4,1,2.0,1,0,1,0,0
45,0,0,-0.87,-0.19,0,1,2,23.0,1,0,3,5,1,0,3,1,1.0,2,1,0,0,0
55,0,1,-0.38,-0.62,0,1,3,38.0,7,1,5,3,1,1,4,0,2.0,3,1,0,0,0
44,0,1,-0.87,0.54,1,0,2,28.0,6,1,4,7,0,1,5,1,1.0,3,0,0,1,0
39,0,0,1.84,0.13,0,0,2,19.0,0,0,5,5,1,1,3,1,1.0,2,0,0,0,0
45,1,0,-1.78,-0.92,0,1,2,30.0,6,1,4,5,0,0,4,1,1.0,1,0,1,0,0
41,0,0,-0.82,1.26,0,1,2,33.0,0,0,3,2,1,1,3,1,0.0,3,1,1,0,0
24,1,1,,0.26,0,1,1,32.0,0,0,2,4,1,1,3,0,1.0,1,0,0,0,0
48,1,0,-0.82,0.16,0,1,2,28.0,6,1,5,2,1,1,4,1,2.0,2,1,1,0,0
41,0,0,,0.83,1,1,1,36.0,5,1,1,5,0,0,4,1,0.0,2,0,1,0,0
26,1,0,1.57,-0.73,0,1,2,25.0,3,1,5,5,0,1,4,0,2.0,2,1,0,0,0
55,0,0,0.33,,0,1,3,32.0,7,1,4,5,0,0,5,0,1.0,2,0,0,1,0
35,0,0,-2.07,-0.54,0,1,1,30.0,6,1,2,4,0,1,0,0,0.0,2,0,1,0,1
51,1,0,-0.35,0.58,0,1,3,28.0,0,0,5,2,1,1,5,1,2.0,3,0,0,1,0
48,1,1,0.23,,1,1,2,27.0,5,1,3,7,0,0,4,0,1.0,2,0,0,1,0
43,1,0,-1.49,2.95,1,1,2,27.0,6,1,2,7,0,0,2,1,0.0,1,0,1,0,0
37,1,0,-0.0,-0.91,1,0,2,29.0,5,1,5,8,1,1,5,0,1.0,3,0,0,1,0
55,0,0,0.46,0.15,0,1,3,27.0,7,1,5,3,1,1,6,1,1.0,2,1,0,0,0
27,0,0,-1.0,-0.37,0,1,1,33.0,6,1,3,6,1,1,4,1,1.0,2,0,1,0,1
30,0,0,-1.72,0.26,0,1,3,26.0,1,1,2,5,1,0,4,0,1.0,2,1,0,0,0
41,1,0,,0.93,0,1,3,38.0,1,1,5,8,1,1,5,1,2.0,1,0,0,0,0
24,1,0,1.31,-0.03,0,0,0,26.0,6,0,1,2,0,1,3,0,0.0,1,1,0,0,1
31,0,0,-1.29,0.27,1,1,1,,7,1,3,5,1,1,1,0,0.0,2,0,1,0,1
28,1,0,-0.63,-0.3,0,1,3,35.0,0,0,5,3,1,1,6,1,1.0,2,0,0,0,0
55,0,0,-0.12,1.45,0,0,1,30.0,1,1,2,5,1,0,2,1,0.0,2,0,1,1,0
25,1,0,2.58,-0.41,1,1,2,29.0,6,0,5,4,1,1,4,1,2.0,1,0,1,0,0
28,0,0,-0.99,-3.07,0,1,3,25.0,0,0,5,5,1,1,4,1,2.0,3,0,1,0,0
55,1,0,-1.74,-0.62,0,1,2,26.0,0,0,4,4,1,1,5,1,1.0,3,0,1,0,0
26,0,0,0.76,2.44,0,1,2,30.0,6,0,5,5,1,0,2,0,1.0,1,0,1,0,0
33,1,0,-0.4,-1.44,0,0,0,29.0,6,1,1,8,0,0,1,0,0.0,2,0,1,0,0
44,0,0,-1.35,0.46,0,1,3,36.0,6,1,4,2,1,1,4,1,0.0,2,0,1,0,0
26,1,0,-1.68,-1.06,0,0,0,26.0,6,1,1,2,1,0,1,0,0.0,2,0,1,0,1
31,0,0,,0.37,1,1,2,27.0,3,1,3,4,0,0,3,0,0.0,2,0,0,0,0
57,1,1,-1.89,0.93,0,1,1,19.0,7,1,2,7,0,0,3,0,0.0,3,1,1,1,0
54,1,0,-0.93,-0.56,0,1,2,33.0,2,0,3,6,1,0,2,1,1.0,2,0,0,1,0
47,0,0,0.56,1.26,0,1,1,32.0,2,0,4,5,1,1,5,1,1.0,2,0,0,0,0
30,0,0,,0.9,0,1,1,35.0,6,1,2,3,0,1,5,1,0.0,2,0,0,0,0
58,0,0,-0.49,,0,1,2,35.0,6,1,4,3,1,1,3,1,0.0,2,0,0,0,0
41,1,0,,-0.01,0,1,2,34.0,7,0,5,6,1,1,3,0,2.0,3,1,0,0,0
37,0,0,0.79,-0.16,0,0,1,34.0,1,0,5,4,1,1,4,0,2.0,3,0,1,0,1
51,1,0,-1.9,,0,1,2,33.0,7,0,4,7,0,1,6,0,1.0,3,1,1,1,0
48,1,0,0.33,,0,1,1,34.0,5,1,2,4,0,0,2,0,0.0,3,0,1,0,0
25,0,0,0.33,0.48,0,0,2,18.0,6,0,3,3,0,1,4,1,1.0,1,1,1,0,1
46,0,0,1.83,0.32,1,0,2,,7,0,4,2,1,1,5,1,0.0,2,0,0,1,0
59,1,0,-0.07,0.4,0,1,2,21.0,3,0,4,6,1,1,2,0,0.0,3,0,0,1,0
48,1,0,1.66,0.99,0,1,2,37.0,6,1,4,2,1,1,4,1,1.0,2,1,0,1,0
51,1,0,-2.74,-0.12,0,1,1,24.0,6,1,3,6,1,1,3,1,1.0,2,1,1,0,1
48,1,0,-1.26,1.24,1,1,1,25.0,6,1,3,2,0,1,1,0,0.0,2,0,1,1,0
36,0,0,-3.47,-1.89,0,1,1,29.0,7,1,1,6,0,0,2,0,0.0,1,1,1,0,1
31,1,0,,1.86,1,1,2,22.0,6,0,5,3,1,1,3,0,2.0,1,0,1,0,0
40,0,0,-0.04,,0,1,3,31.0,0,0,4,8,0,1,4,1,1.0,1,1,1,0,0
34,0,0,,-0.96,0,1,1,16.0,1,1,1,3,1,0,1,0,0.0,2,1,0,0,1
29,1,0,0.76,-0.05,0,1,1,22.0,7,1,5,6,1,1,2,0,0.0,2,1,1,0,0
46,1,0,2.47,1.56,0,1,2,30.0,7,1,4,3,0,1,5,1,2.0,2,0,0,0,0
38,1,0,-0.79,-0.68,0,1,2,22.0,7,1,4,5,0,1,5,0,1.0,1,0,1,0,0
48,1,0,1.3,0.16,0,1,2,37.0,0,0,5,2,1,0,4,1,2.0,1,0,0,1,0
35,0,0,0.44,-1.05,1,1,2,29.0,3,0,4,5,1,1,4,0,1.0,1,1,1,0,0
31,0,0,-0.39,0.22,1,1,2,36.0,6,1,2,6,1,0,4,0,0.0,2,0,0,0,0
35,1,0,0.75,1.23,0,1,3,31.0,6,1,4,3,1,1,5,0,0.0,3,0,0,0,0
24,1,0,-0.4,0.35,0,0,3,29.0,0,0,5,4,1,0,4,0,2.0,3,1,1,0,0
51,1,0,0.69,-0.38,0,1,1,23.0,5,0,4,6,1,0,4,1,1.0,3,0,0,1,0
48,1,0,-1.82,-0.35,1,1,2,35.0,1,1,5,7,1,1,6,1,2.0,3,1,0,1,0
52,0,0,-1.16,-0.75,0,0,0,32.0,4,1,1,10,1,0,3,0,0.0,1,0,0,0,0
48,1,0,-1.54,0.29,0,1,1,42.0,2,1,1,7,0,0,4,1,0.0,1,1,1,0,0
37,1,0,1.89,0.69,0,1,1,34.0,0,0,2,5,1,1,2,1,0.0,3,0,1,1,0
55,0,0,-2.21,-1.22,0,1,1,27.0,0,0,2,6,1,0,2,1,1.0,2,0,0,1,0
28,1,1,-1.05,-0.66,1,1,0,31.0,7,1,2,3,0,0,1,1,0.0,1,1,1,0,1
46,1,0,0.48,1.27,1,1,1,32.0,6,1,2,2,0,0,4,1,0.0,1,0,1,0,1
25,1,0,-1.02,0.48,0,1,2,36.0,7,1,4,6,1,1,6,0,1.0,2,0,1,0,0
50,1,0,-1.3,-0.71,0,0,0,37.0,4,1,1,4,0,0,1,1,0.0,2,0,1,0,1
58,0,0,,,0,1,1,28.0,3,1,4,2,1,0,3,0,1.0,2,0,1,0,0
46,1,0,-1.32,-2.52,1,1,2,22.0,3,1,2,8,0,0,3,0,0.0,2,1,0,0,0
27,1,0,,,0,1,1,18.0,5,1,2,4,0,0,3,1,,3,0,1,0,0
26,1,0,-3.29,2.35,0,1,0,22.0,3,1,2,7,1,0,1,0,0.0,1,1,1,0,1
47,0,0,0.16,0.14,0,1,2,25.0,6,1,5,4,1,1,5,1,1.0,3,0,1,0,0
41,0,0,-3.74,,1,1,0,38.0,6,1,1,3,0,0,1,0,0.0,2,0,1,0,1
27,0,0,0.87,-0.35,1,1,3,38.0,6,0,4,2,1,1,6,1,1.0,2,0,1,0,0
46,0,0,-1.26,-1.14,0,1,2,35.0,2,1,2,8,1,0,2,0,0.0,2,0,0,1,0
52,0,0,-2.36,-0.52,0,1,2,36.0,5,1,4,3,1,1,2,0,1.0,3,0,1,1,1
46,0,0,-1.14,,0,1,1,25.0,2,1,2,6,1,1,0,0,0.0,3,0,1,1,0
36,1,0,-1.55,0.63,1,1,2,20.0,0,0,5,3,1,0,5,1,2.0,1,0,1,0,0
59,0,0,,-1.05,0,1,1,23.0,6,1,2,5,0,1,4,1,0.0,1,0,0,0,0
35,1,0,1.04,-0.57,0,1,2,17.0,5,1,5,4,1,1,4,1,2.0,1,0,1,0,0
59,0,0,-2.13,-0.79,0,1,2,22.0,6,1,2,4,0,0,4,0,0.0,2,0,0,0,0
24,0,0,0.62,0.23,0,1,3,26.0,0,0,5,6,1,1,6,0,1.0,2,0,0,0,0
27,0,0,,-0.3,0,1,2,30.0,7,1,3,9,1,1,5,0,0.0,2,0,1,0,1
58,1,0,-0.71,-0.09,0,1,2,30.0,7,0,4,2,1,1,4,0,2.0,2,0,0,1,0
28,0,0,0.96,-1.93,1,1,0,25.0,4,1,1,10,0,0,0,0,0.0,1,0,0,0,1
41,0,0,-1.18,1.52,0,1,1,32.0,6,1,3,8,1,0,3,0,0.0,2,0,1,0,0
48,1,0,1.09,0.2,0,1,2,25.0,2,0,3,5,1,1,2,0,0.0,2,0,0,1,0
29,1,0,1.29,-0.62,0,1,1,29.0,6,1,3,4,1,1,5,0,0.0,2,0,0,0,0
30,0,0,,-0.98,0,1,1,22.0,6,1,2,4,0,1,2,0,0.0,3,0,1,0,0
28,1,0,-0.26,-0.48,1,0,2,36.0,6,1,3,4,0,1,5,0,0.0,2,0,0,0,0
49,1,0,,1.07,0,1,2,29.0,6,1,3,8,1,1,1,0,0.0,0,0,0,0,0
48,1,0,-0.72,0.81,0,1,1,33.0,4,0,3,10,1,1,2,0,0.0,2,0,1,0,0
50,1,0,-0.13,-0.73,0,1,0,22.0,6,1,3,6,1,1,1,0,0.0,1,0,1,1,0
31,1,0,-0.09,-0.38,1,1,3,30.0,6,1,5,11,1,1,5,0,2.0,3,0,0,0,0
56,0,0,0.16,,1,0,1,32.0,1,0,5,5,1,1,3,0,1.0,1,0,1,1,1
41,1,0,-0.94,-1.55,0,1,2,17.0,1,1,5,5,1,1,2,0,1.0,2,0,1,0,0
33,1,0,-1.61,0.03,0,1,2,36.0,6,1,3,9,1,0,5,0,1.0,2,1,0,0,0
30,0,0,-0.78,,1,1,2,22.0,5,1,4,3,1,1,3,0,2.0,2,0,1,0,0
38,0,0,-1.16,-0.62,0,1,0,30.0,5,1,1,2,0,1,3,1,0.0,1,0,0,1,0
37,0,0,1.35,-0.44,0,1,2,40.0,7,1,5,4,1,1,4,0,2.0,3,0,0,1,0
54,0,0,-1.38,0.06,0,1,1,35.0,6,1,1,5,0,0,2,0,,3,1,0,1,0
51,0,0,-0.11,0.03,0,1,2,20.0,3,1,3,4,1,0,1,0,0.0,2,1,1,0,0
47,1,0,-2.18,0.86,0,1,0,28.0,3,1,2,5,0,0,4,0,0.0,1,1,1,0,1
24,0,0,0.41,2.5,1,0,2,36.0,5,1,3,9,0,1,4,0,1.0,1,0,0,0,0
40,0,0,-0.96,-1.09,0,0,1,24.0,6,0,4,2,1,1,3,0,0.0,2,1,1,1,1
32,0,0,-1.42,-1.5,0,0,1,27.0,5,1,1,5,0,0,1,1,0.0,1,1,0,0,0
44,0,0,,1.52,1,0,1,27.0,5,0,3,4,1,0,5,0,0.0,3,0,0,1,0
57,1,0,-0.76,0.0,1,1,2,32.0,6,1,5,4,1,1,3,0,2.0,1,0,1,1,0
56,0,0,-1.42,0.87,0,1,2,20.0,6,0,5,5,1,1,5,1,0.0,2,0,0,1,0
47,1,0,-0.28,-1.3,0,0,2,33.0,6,0,2,2,0,1,3,0,0.0,1,0,0,1,0
31,1,0,,-1.0,0,1,3,25.0,0,0,5,2,1,1,4,1,2.0,3,0,0,0,0
55,0,0,-2.85,0.61,0,1,0,29.0,6,1,1,2,0,0,3,0,0.0,0,1,1,0,0
46,0,0,-0.07,,1,1,2,28.0,5,1,4,6,0,0,4,1,1.0,1,1,0,1,0
24,1,0,0.28,1.5,0,1,3,33.0,0,0,5,3,1,1,5,1,2.0,2,0,0,0,0
25,0,0,-0.4,,0,1,3,29.0,6,0,5,4,1,1,4,1,2.0,2,0,0,0,1
55,0,0,-0.56,,0,1,2,38.0,6,0,5,5,1,1,6,1,2.0,2,0,1,1,0
27,1,0,-0.09,1.3,0,0,0,35.0,5,1,1,7,0,0,1,1,0.0,2,0,1,0,1
52,1,0,2.35,0.6,0,1,2,24.0,6,0,5,5,1,1,4,0,2.0,2,0,0,0,0
24,0,0,1.13,-0.22,1,1,2,37.0,2,1,4,3,0,1,4,1,2.0,1,0,1,0,0
28,0,0,-0.33,,0,0,1,31.0,1,1,2,3,1,0,2,1,0.0,1,0,1,0,1
24,1,0,0.19,-2.19,0,0,1,30.0,3,1,1,4,1,0,1,1,0.0,2,1,1,0,1
39,0,0,0.11,-1.43,1,1,3,34.0,3,0,3,8,1,0,5,0,2.0,3,0,0,1,0
53,1,0,-1.37,0.68,1,1,2,23.0,6,1,3,6,1,1,5,1,0.0,0,0,1,0,0
37,0,0,-0.91,-0.04,0,1,0,21.0,6,1,1,5,0,0,1,1,0.0,1,1,1,1,1
35,1,0,-1.98,1.37,0,1,3,29.0,6,1,3,5,0,1,3,1,0.0,1,0,0,0,1
55,1,0,-1.88,0.14,0,1,2,25.0,1,1,1,7,1,0,4,0,0.0,1,0,0,0,0
44,1,0,0.71,-1.22,0,1,2,41.0,3,1,4,2,1,0,5,0,1.0,2,0,1,0,1
47,1,0,-0.44,-1.05,1,1,3,24.0,1,1,4,5,1,1,5,0,1.0,2,1,1,1,0
50,0,0,-1.1,,0,1,2,29.0,6,0,5,5,1,1,4,0,1.0,3,0,1,1,0
50,0,0,-0.91,-0.6,0,1,3,30.0,2,1,4,5,0,1,1,0,1.0,0,0,1,0,0
29,1,0,-2.37,-0.02,0,1,1,36.0,5,1,2,3,1,0,1,0,0.0,0,0,1,0,1
56,0,0,-0.96,0.93,0,0,0,23.0,6,1,1,5,0,0,4,1,0.0,3,0,0,0,0
46,0,0,-0.94,0.53,0,1,3,19.0,6,1,3,5,1,0,4,1,1.0,2,0,0,1,0
35,1,0,-1.4,,1,1,0,37.0,2,1,2,3,0,0,2,0,0.0,0,0,1,0,1
47,0,0,0.1,0.39,1,1,2,29.0,3,1,4,6,0,1,5,1,1.0,2,0,1,1,0
26,0,1,-1.3,-0.68,0,1,1,34.0,6,1,1,2,0,0,2,0,0.0,0,0,1,0,1
54,0,1,-1.87,,0,1,3,34.0,5,1,5,7,1,0,6,1,2.0,1,0,0,1,0
39,0,0,-1.48,0.69,0,1,2,35.0,0,0,5,6,1,1,3,0,1.0,1,0,1,1,0
26,1,0,,,0,1,1,27.0,6,1,2,4,0,1,3,1,0.0,2,0,1,0,0
57,1,0,0.74,0.85,0,1,3,25.0,5,0,5,2,1,1,4,1,2.0,2,0,0,1,0
39,0,0,-1.96,-1.46,0,1,1,17.0,4,1,1,5,0,0,4,1,0.0,2,0,1,0,0
48,0,0,-1.21,1.53,0,1,2,23.0,1,1,3,6,0,0,3,0,,1,0,0,0,0
51,1,1,-1.53,1.38,0,0,1,29.0,3,1,1,3,0,0,3,0,0.0,1,0,1,0,0
25,0,0,-0.17,-0.81,0,0,1,,3,1,5,5,1,1,3,0,2.0,1,0,1,0,0
37,0,1,-1.6,0.07,1,1,2,22.0,2,1,1,6,0,0,4,1,0.0,1,1,0,0,1
59,0,0,-0.75,-1.83,0,0,1,29.0,5,1,1,3,0,1,2,1,0.0,1,0,1,0,0
43,1,0,-2.38,-1.68,1,0,0,37.0,4,1,1,7,0,0,2,0,0.0,1,0,0,0,1
43,1,0,1.36,-0.89,0,1,2,29.0,6,1,4,4,0,1,1,0,2.0,2,1,1,1,0
58,1,0,-0.87,-0.62,0,1,1,22.0,7,1,4,6,1,1,0,0,0.0,0,1,1,0,0
38,0,0,1.33,-0.37,0,1,2,37.0,1,1,3,7,1,1,3,0,0.0,2,1,0,0,0
40,0,0,-2.66,,0,1,2,24.0,1,0,5,5,1,0,5,1,2.0,2,0,0,1,0
41,0,0,-2.77,-0.03,0,1,2,38.0,6,1,2,7,0,0,5,1,0.0,2,0,1,0,0
55,0,0,-0.85,-1.63,1,1,1,27.0,7,1,3,5,1,1,4,0,1.0,1,1,1,1,1
43,1,0,1.14,1.05,0,0,3,30.0,6,1,5,7,0,1,4,1,1.0,1,0,1,1,0
46,1,0,0.04,-1.08,0,1,3,38.0,0,0,4,2,1,1,5,1,1.0,2,0,1,1,0
57,0,0,-1.31,-0.42,0,1,1,21.0,2,1,1,6,0,0,2,0,0.0,2,0,0,0,1
31,0,0,,-0.36,0,1,3,23.0,0,0,5,7,1,1,4,1,2.0,3,0,1,0,0
37,1,0,,1.01,0,1,3,27.0,6,1,4,3,1,1,5,0,2.0,1,0,0,1,0
46,0,0,,-0.43,1,1,1,28.0,5,1,3,10,1,1,3,0,1.0,1,1,1,1,1
47,0,0,-0.82,1.44,0,1,3,45.0,5,1,4,8,0,1,4,0,1.0,1,1,1,0,0
31,0,0,0.5,0.18,0,1,1,24.0,5,1,2,4,0,0,4,1,0.0,2,0,1,0,0
28,1,0,-1.38,-0.96,0,1,1,,2,0,4,3,1,0,3,0,2.0,0,0,0,0,0
39,1,1,-1.59,,1,1,1,23.0,5,1,3,4,1,1,1,0,1.0,2,0,0,0,1
39,1,0,,0.02,0,1,3,30.0,0,0,5,5,1,1,3,0,1.0,2,0,0,0,0
35,1,0,0.97,0.79,0,1,3,32.0,6,1,5,3,1,1,6,1,2.0,3,1,1,0,0
57,0,0,1.01,0.15,0,1,2,25.0,6,0,4,6,1,1,3,0,1.0,1,0,0,1,0
31,0,0,-1.17,-0.4,0,1,1,29.0,6,1,2,6,0,0,3,1,0.0,3,0,1,0,1
51,0,1,-0.03,,0,1,2,41.0,3,0,5,11,1,1,5,1,2.0,1,1,0,1,0
56,0,0,0.14,0.54,1,1,3,29.0,6,0,5,4,1,1,5,1,2.0,3,0,1,1,0
57,1,0,0.3,,0,1,2,31.0,6,1,4,4,1,1,4,1,1.0,3,1,0,1,0
55,0,1,0.48,-0.74,0,1,2,40.0,1,1,4,5,0,1,2,1,1.0,1,1,1,1,0
28,1,1,-2.48,-1.21,1,1,3,25.0,1,0,2,5,0,1,5,1,2.0,0,1,1,0,0
50,0,1,,0.77,0,0,1,24.0,5,1,1,4,0,0,4,0,0.0,2,0,0,0,0
40,0,0,-0.86,-1.51,0,1,3,26.0,2,1,4,2,0,1,5,1,1.0,1,0,1,0,0
59,0,0,-0.74,0.46,0,1,3,26.0,1,1,4,6,1,1,4,1,2.0,1,0,1,1,0
42,0,0,-0.36,-0.08,0,1,2,18.0,1,1,3,4,1,1,4,0,,2,0,0,0,0
30,0,0,0.0,-0.49,1,1,3,,1,0,5,2,1,1,4,1,1.0,0,1,1,0,0
27,1,1,-1.26,-1.34,1,0,1,30.0,4,1,4,7,1,1,3,1,0.0,1,1,0,0,1
48,1,0,-0.25,0.08,0,1,2,28.0,5,0,5,7,1,0,3,0,2.0,3,0,1,1,0
42,1,0,-0.05,-0.48,1,1,1,30.0,1,0,5,5,1,1,2,0,1.0,3,0,1,1,0
35,0,0,-2.07,-0.84,0,0,1,31.0,6,1,1,2,1,1,1,1,0.0,1,0,1,0,0
37,1,1,-4.27,0.73,0,0,0,21.0,2,1,1,3,0,0,1,1,0.0,2,0,1,0,1
51,1,0,-2.23,-0.41,0,0,1,31.0,3,0,1,2,0,0,1,1,0.0,2,0,1,0,0
24,1,1,0.61,0.07,0,1,2,32.0,2,0,5,3,1,1,3,1,2.0,3,0,1,0,0
30,1,0,-2.99,-0.74,0,1,3,19.0,6,0,5,7,1,1,5,1,2.0,3,1,0,0,1
27,1,0,0.92,0.97,0,1,2,38.0,7,1,4,8,0,1,3,0,1.0,0,1,1,0,0
43,1,0,-1.47,0.44,0,0,2,22.0,4,1,2,7,1,0,1,0,0.0,3,0,1,1,0
41,0,0,0.75,0.2,1,1,3,22.0,0,0,4,2,1,0,4,1,1.0,3,0,1,0,0
52,1,0,-2.14,1.25,0,1,1,30.0,2,1,2,3,0,1,3,1,0.0,1,1,1,0,0
27,1,0,-3.63,-0.64,0,1,1,32.0,1,0,3,2,1,1,4,1,0.0,2,0,1,0,1
41,0,0,-1.81,0.74,0,1,2,34.0,6,1,2,2,0,0,3,0,0.0,0,0,0,0,1
38,0,0,-0.9,-0.48,0,1,1,32.0,0,0,3,5,1,0,4,0,1.0,1,0,1,1,1
51,1,0,0.14,-0.42,0,1,1,26.0,7,1,5,4,1,1,2,0,1.0,2,0,1,0,0
59,0,0,-2.82,,1,1,1,30.0,5,1,1,8,0,0,3,0,0.0,0,1,1,1,0
31,1,0,-0.39,-0.54,0,1,2,27.0,5,1,2,4,1,0,1,0,0.0,2,0,1,0,0
39,0,1,-1.81,-1.22,0,0,0,30.0,6,1,1,4,0,0,4,1,0.0,2,0,1,0,0
42,0,0,-0.72,-1.75,0,1,3,29.0,0,0,5,4,0,0,4,0,2.0,2,1,1,0,0
44,1,1,-1.34,-0.17,0,1,1,26.0,6,1,2,7,0,0,2,0,0.0,1,1,1,0,0
31,0,0,-0.72,-1.21,1,1,2,27.0,1,1,2,5,1,0,4,1,,3,0,0,0,0
39,1,0,-0.58,1.71,0,1,1,18.0,6,1,1,7,0,0,2,0,0.0,2,1,1,0,1
50,1,0,-0.74,1.56,0,1,1,34.0,5,1,2,8,1,0,4,0,0.0,1,0,0,1,0
27,1,0,-0.41,-3.02,1,1,1,31.0,0,0,4,2,1,1,3,0,2.0,2,0,1,0,0
50,0,1,0.65,1.46,0,0,0,15.0,6,1,2,6,1,0,2,0,,2,0,1,1,0
53,1,0,-2.25,-0.72,1,1,3,34.0,0,0,5,6,1,1,5,1,2.0,3,1,0,1,0
58,0,0,-2.25,,1,1,1,29.0,1,1,3,7,1,0,2,1,0.0,2,1,1,0,0
50,1,0,0.65,0.96,1,1,2,23.0,6,1,3,6,1,0,3,1,0.0,2,0,0,1,0
33,1,1,-3.38,0.48,0,1,1,23.0,4,1,1,5,0,1,3,0,0.0,0,1,0,0,1
39,0,1,-0.81,1.54,1,1,0,25.0,6,1,1,5,0,0,1,1,0.0,2,0,1,0,1
52,1,0,-0.6,,0,1,1,23.0,5,1,2,6,0,0,2,0,1.0,3,0,0,1,0
30,1,0,-1.51,-0.99,1,1,3,,5,0,5,6,1,1,2,1,2.0,3,0,1,0,0
50,0,0,0.17,0.63,0,1,1,39.0,2,1,2,4,0,0,4,0,0.0,2,1,0,0,0
50,0,0,0.84,0.09,0,1,1,31.0,1,1,4,2,1,0,4,0,1.0,0,0,1,1,0
26,0,0,-1.15,0.42,0,1,1,41.0,7,1,1,9,0,0,2,0,0.0,0,0,0,0,0
35,1,0,-1.15,-0.61,0,1,2,30.0,1,1,1,3,1,0,5,1,0.0,1,1,0,0,0
35,0,0,1.04,0.79,0,1,3,32.0,5,0,3,4,1,1,5,1,2.0,1,0,0,0,0
41,0,0,-2.11,-1.24,1,1,2,24.0,2,0,5,5,1,1,4,0,2.0,3,0,0,0,1
50,1,1,0.14,2.02,1,1,2,28.0,2,0,5,5,1,0,3,1,1.0,3,0,1,1,0
33,1,0,-1.67,,0,1,3,29.0,5,0,5,3,1,0,4,1,2.0,2,0,1,0,1
26,1,0,-0.45,-1.98,0,0,0,33.0,6,1,2,9,0,1,3,0,0.0,1,0,1,0,0
39,0,1,-1.84,1.3,1,1,1,29.0,6,1,1,2,0,0,2,1,0.0,2,0,1,0,0
57,0,0,-1.23,-2.0,0,0,1,31.0,6,1,1,4,0,0,3,1,0.0,1,0,0,1,0
56,1,0,1.29,0.48,0,1,2,31.0,2,1,3,5,1,1,3,0,2.0,2,0,1,1,0
39,1,1,-3.12,-1.73,0,1,2,27.0,4,1,2,10,0,0,4,0,0.0,1,0,0,1,1
34,0,0,0.67,0.52,0,1,2,27.0,0,0,5,5,1,1,4,0,2.0,1,0,0,0,0
37,0,0,-1.05,-1.43,0,1,1,25.0,6,1,2,6,1,1,3,1,0.0,2,0,1,1,1
37,0,0,-0.27,0.39,0,1,2,35.0,2,1,4,3,1,0,2,0,0.0,1,0,0,0,0
33,1,0,0.02,-0.37,1,1,1,27.0,5,1,2,3,0,0,3,1,0.0,3,0,1,0,0
42,0,0,0.33,-0.37,1,1,2,31.0,1,1,3,4,0,1,2,1,0.0,1,1,1,0,0
43,0,0,-0.03,0.26,0,0,1,28.0,6,1,3,4,0,1,2,1,0.0,2,0,0,1,1
34,1,0,-1.97,-1.89,0,1,1,35.0,6,1,2,7,0,0,2,0,1.0,1,0,0,0,0
49,0,0,-0.48,0.36,1,0,1,17.0,6,1,1,5,0,1,3,0,0.0,2,0,1,0,0
58,1,0,0.64,-0.33,0,1,3,31.0,0,0,4,5,1,1,6,1,2.0,1,0,1,1,0
50,0,0,0.57,-1.49,0,1,3,21.0,7,1,5,4,1,1,4,1,2.0,2,0,1,0,0
27,0,0,0.35,,0,1,2,31.0,2,1,4,5,0,1,6,1,0.0,0,0,1,0,0
39,0,0,-0.05,-0.56,0,1,2,28.0,2,0,5,5,1,1,5,0,2.0,2,1,1,1,0
28,0,1,-2.88,,0,1,2,20.0,2,1,1,7,1,1,3,1,0.0,2,0,0,0,1
36,1,0,,0.07,0,0,1,31.0,2,1,1,5,0,0,4,0,0.0,2,0,0,1,0
46,0,0,-0.55,,0,1,3,30.0,5,0,5,2,0,1,5,0,2.0,2,0,1,1,0
57,0,0,-0.35,-0.05,1,1,2,28.0,2,1,4,7,1,1,2,0,2.0,1,0,0,0,0
45,0,0,-1.06,0.49,1,1,2,28.0,3,1,3,4,0,1,2,0,2.0,0,0,1,0,0
32,1,0,1.26,-0.46,0,1,2,30.0,6,1,2,5,1,0,1,0,0.0,0,0,1,0,0
34,1,0,-0.67,0.76,0,1,1,36.0,6,1,1,7,0,1,2,0,1.0,2,0,1,0,1
42,0,0,-0.3,1.13,0,1,3,27.0,6,1,4,8,1,0,4,1,2.0,1,1,1,1,0
26,1,0,-0.05,,0,1,2,35.0,5,1,4,4,1,0,4,0,1.0,1,0,1,0,0
31,0,0,-0.33,-0.74,0,1,2,29.0,1,1,2,8,0,0,2,0,0.0,3,1,0,0,0
28,0,0,1.9,0.53,0,1,2,37.0,6,0,3,2,1,0,4,0,2.0,2,0,1,0,1
59,1,0,0.36,1.73,0,1,2,28.0,0,0,5,2,1,1,4,0,1.0,2,0,1,1,0
31,0,0,-1.8,,0,1,0,25.0,2,1,1,5,0,0,2,0,0.0,0,1,0,0,1
41,0,0,-1.34,-0.84,0,1,2,22.0,0,0,5,3,1,1,4,1,2.0,2,1,0,0,0
38,0,0,-0.56,-0.47,0,0,2,29.0,6,1,2,2,0,0,1,0,2.0,1,0,1,0,0
50,1,0,1.61,-0.92,1,1,1,24.0,3,0,3,7,1,0,3,1,0.0,3,0,1,1,0
44,1,0,-1.15,1.29,0,1,1,37.0,6,1,2,7,0,0,3,0,0.0,3,0,0,0,0
33,0,0,-1.67,0.32,1,1,2,24.0,3,0,3,3,1,1,3,1,0.0,2,0,1,0,0
46,0,1,0.04,-1.7,0,1,2,25.0,4,1,3,12,1,0,3,0,1.0,3,0,0,0,0
53,0,0,-0.61,-1.14,0,1,1,32.0,4,1,3,10,1,0,3,1,0.0,2,0,0,1,0
49,0,1,-2.54,-0.88,0,1,2,36.0,0,0,5,4,1,0,6,0,2.0,2,0,1,1,0
33,0,0,,-0.42,0,1,2,33.0,3,0,4,4,1,1,5,1,0.0,3,0,0,0,0
25,1,0,0.34,0.39,0,1,1,35.0,6,1,2,7,0,0,4,0,0.0,3,0,0,0,1
49,0,0,-2.94,-0.64,1,1,1,29.0,5,0,4,3,1,1,5,1,2.0,3,0,0,1,1
43,0,0,0.6,0.07,1,1,3,29.0,0,0,4,4,1,1,5,0,2.0,2,0,0,1,0
26,1,0,-1.45,0.37,0,1,3,41.0,6,1,5,3,1,1,5,1,2.0,1,0,0,0,0
25,0,0,-0.24,-1.85,0,1,3,39.0,2,0,5,4,1,1,5,1,2.0,2,0,1,0,0
28,1,0,-0.77,-1.72,0,1,3,33.0,0,0,4,7,1,1,5,0,1.0,0,0,1,0,0
47,0,0,0.09,-0.74,1,1,1,36.0,1,1,1,2,0,0,2,0,0.0,1,1,0,0,0
33,1,0,0.77,-1.51,0,1,2,34.0,4,1,4,4,1,1,5,0,1.0,3,0,0,0,0
35,1,0,-2.31,0.31,1,1,1,22.0,3,1,3,6,1,0,5,0,0.0,2,0,0,0,1
59,1,0,-2.67,-0.37,1,1,2,29.0,6,0,4,5,0,1,3,0,2.0,3,0,1,1,0
45,0,0,-1.9,0.78,0,1,2,38.0,2,1,5,5,1,1,5,1,1.0,1,1,1,1,0
26,0,0,-0.63,0.32,0,1,0,33.0,6,1,2,6,0,0,4,0,0.0,0,0,0,0,0
41,0,1,-3.87,0.76,0,1,1,29.0,2,0,3,7,1,1,4,1,2.0,2,0,1,1,0
36,1,0,-1.56,-0.71,0,1,2,38.0,5,1,2,2,1,0,3,0,0.0,2,1,1,0,0
53,1,0,-0.27,-0.48,1,0,0,31.0,6,1,1,10,1,0,3,1,0.0,0,1,0,1,0
44,0,0,-0.06,1.91,0,0,1,34.0,3,1,3,2,1,0,4,0,,2,0,1,0,1
27,0,0,-2.55,-1.15,0,0,2,,0,0,3,4,0,1,2,0,1.0,2,1,1,0,1
35,0,0,-0.74,0.49,0,1,1,32.0,5,1,2,7,0,1,2,1,0.0,2,0,0,0,0
43,0,0,-2.29,0.75,1,1,1,33.0,7,1,1,8,0,0,2,0,0.0,1,0,0,0,0
35,1,0,-1.56,0.29,0,1,2,37.0,7,1,2,6,0,0,4,1,0.0,0,0,0,0,0
35,0,0,-1.85,0.63,0,0,1,38.0,2,1,1,7,1,0,4,0,0.0,1,0,0,0,0
59,1,0,-1.27,-0.1,1,1,1,26.0,6,1,3,6,0,1,3,0,0.0,1,0,0,1,0
24,0,0,-0.92,0.3,0,1,2,31.0,3,1,2,5,1,1,3,0,0.0,1,0,0,0,0
35,1,0,-1.45,0.12,0,1,2,37.0,1,1,3,8,1,1,3,0,0.0,1,1,1,0,0
43,1,0,-0.96,-1.35,1,1,2,28.0,6,0,5,3,1,0,4,0,2.0,2,0,1,1,0
51,1,0,0.06,-0.4,1,1,1,21.0,5,1,2,8,0,0,4,0,0.0,3,0,0,1,0
52,1,0,-0.59,-1.62,1,1,2,24.0,5,1,3,6,0,0,4,0,0.0,3,0,0,0,0
32,1,0,-1.63,0.61,0,1,2,24.0,6,1,4,2,0,0,4,0,1.0,2,1,0,0,0
46,1,0,,0.04,1,1,0,26.0,3,1,2,3,0,0,4,0,,0,1,1,0,0
49,0,0,-1.94,0.93,0,1,3,25.0,6,0,4,2,1,1,4,0,2.0,3,0,1,1,0
25,0,0,-0.69,-1.32,0,0,2,35.0,3,1,2,9,0,0,3,1,1.0,1,1,0,0,0
44,1,0,0.33,0.16,0,1,1,27.0,0,0,5,2,1,1,5,0,0.0,2,0,1,1,0
47,1,0,0.33,0.03,1,1,2,37.0,3,0,3,4,0,1,5,1,1.0,1,0,1,1,0
30,1,0,-0.33,1.83,0,1,2,22.0,7,1,2,7,1,0,4,0,0.0,0,1,0,0,0
49,1,0,-2.14,-0.89,0,0,0,27.0,4,0,3,2,1,1,2,0,0.0,1,1,1,0,1
38,0,0,-1.84,-0.81,0,1,1,30.0,1,0,1,6,0,0,3,0,0.0,0,1,1,0,1
26,1,0,1.15,0.09,0,0,2,34.0,6,1,5,7,1,0,4,1,0.0,3,0,1,0,0
39,1,0,-0.37,1.71,0,1,3,36.0,7,0,5,6,1,1,4,1,2.0,2,0,0,0,0
37,0,0,-0.33,0.84,0,1,3,26.0,7,0,4,2,1,1,4,0,0.0,2,0,0,1,0
50,0,0,,0.63,0,1,1,35.0,5,1,4,8,1,0,5,0,0.0,2,1,1,0,1
34,1,0,1.35,-0.25,0,1,2,19.0,3,1,4,5,1,1,4,0,0.0,3,0,1,0,0
51,1,1,-1.63,-0.48,1,1,2,34.0,5,1,1,6,1,0,5,1,0.0,1,1,1,0,0
50,0,0,-0.83,1.47,0,1,2,21.0,6,1,4,6,1,0,4,1,1.0,0,0,1,1,0
46,1,0,1.21,-0.6,0,0,1,32.0,6,1,2,7,1,1,3,0,0.0,2,0,1,1,0
37,0,0,2.25,-0.44,0,1,3,36.0,6,1,5,4,1,0,4,1,1.0,2,0,0,0,0
